station_id,date,pm25,lgbm,lgbm_seed0,lgbm_seed1,lgbm_seed2,lgbm_seed3,lgbm_seed4,pooled,fold
8876,2024-01-01,80.91304347826087,80.86399225885994,71.57589336772082,71.80778227881437,82.37676096086773,97.93296445615914,80.62656023073758,34.60607223986394,Almaty
8876,2024-01-02,18.916666666666668,51.575695634181365,48.68045179002972,47.27550408316897,49.759039617098374,54.75954748754396,57.4039351930658,36.35705026909968,Almaty
8876,2024-01-03,34.0,69.72579139369853,72.34113416315375,61.46581306987015,68.54331280826136,74.33840122837051,71.94029569883686,35.89648357320734,Almaty
8876,2024-01-04,52.833333333333336,79.17401808883949,75.57987879915434,68.47995791648488,85.18477052898439,88.13072441985793,78.49475877971591,38.41217256366385,Almaty
8876,2024-01-05,46.791666666666664,46.86584232546254,45.280513234029875,41.6874401237628,51.04666508915411,45.91039704849605,50.40419613186985,50.28583550541648,Almaty
8876,2024-01-06,29.5,40.47755625187537,39.200363361779836,34.31733147051238,39.82885917242496,44.872019588858805,44.16920766580088,34.088749166595925,Almaty
8876,2024-01-07,66.45833333333333,88.61671331720633,86.30011001460932,72.32140194684875,93.78833812947589,96.61200767865287,94.06170881644485,37.09798291766824,Almaty
8876,2024-01-08,30.041666666666668,40.05850095067875,40.99698640578331,36.1289041929316,40.449889863701145,42.49917028024046,40.217554010737246,36.78941197109602,Almaty
8876,2024-01-09,34.625,88.70515056035194,89.03735784415595,77.41027816421119,89.08485577802617,94.41685382163212,93.57640719373427,37.810024898600794,Almaty
8876,2024-01-10,48.22222222222222,46.153102163594156,43.61446728536569,45.100166982926396,48.570391742530674,49.7629709133608,43.71751389378722,33.21501252800012,Almaty
8876,2024-01-16,32.43478260869565,61.51707146830665,58.42679204864259,59.03397613174089,61.86443423301131,66.16551787446615,62.094637053672315,61.638601343940216,Almaty
8876,2024-01-17,35.541666666666664,80.60883229312735,73.85510857099894,76.45157168152902,82.70992918713472,89.1232349733118,80.90431705266226,39.87369857498984,Almaty
8876,2024-01-18,96.75,110.58590594717103,102.52801607332651,101.89464138729328,112.76235325054351,118.67234337168141,117.07217565301042,35.18069969659259,Almaty
8876,2024-01-19,47.666666666666664,52.77641843920778,49.75878117042035,47.16995508576857,57.31679458524409,53.34561261420802,56.29094874039789,40.44280422648321,Almaty
8876,2024-01-20,38.541666666666664,50.5732867456767,47.41174412130337,49.04507689518953,48.80898263612024,53.69077774065086,53.909852335119474,60.176560189130804,Almaty
8876,2024-01-21,32.875,37.336538233437444,34.68395735163472,32.66613546406854,38.93482704981904,38.25476526362134,42.143006038043595,45.47419997096463,Almaty
8876,2024-01-22,83.625,81.17653908981427,78.42243553172534,72.27679307371048,81.15354720608839,86.61750771759634,87.4124119199508,28.401032202520263,Almaty
8876,2024-01-23,76.16666666666667,50.375022292040555,49.369058076976046,43.1527506742456,48.941036767272266,55.98713609197841,54.425129849730446,32.34960345026743,Almaty
8876,2024-01-24,80.125,75.377014826613,67.80182797758418,71.54357364879296,80.53050495023903,83.68498520666475,73.3241823497841,38.542745449500806,Almaty
8876,2024-01-25,67.29166666666667,97.68213424584317,99.62751522886448,84.70470605521663,97.6501056458384,103.93467897943583,102.49366531986055,40.79037153475078,Almaty
8876,2024-01-26,25.25,58.365008021424366,57.760190985689555,49.96171652536856,58.978921562534296,63.267599485586885,61.856611547942535,35.99993770735559,Almaty
8876,2024-01-27,74.625,74.43360120487493,70.1497806198644,68.93792123353394,77.72049868580116,81.10937926964631,74.25042621552888,35.586842371639385,Almaty
8876,2024-01-28,72.08333333333333,70.76556018785796,64.10661386030775,66.77555427913128,75.30758474101114,77.89844857897178,69.73959947986779,37.26296383548438,Almaty
8876,2024-01-29,95.95833333333333,47.03969783527125,43.87636418908264,43.52547750663291,47.95900382565978,51.460909059884294,48.37673459509662,41.61211065594366,Almaty
8876,2024-01-30,51.25,29.950790512634057,30.927599938180403,25.04387168834632,30.410359678144957,31.94603754402155,31.426083714477066,28.907968917348306,Almaty
8876,2024-01-31,66.04166666666667,37.424958884405605,35.750860299954304,32.54804107215502,40.2634337840588,39.469602171567395,39.092857094292505,27.94041754499326,Almaty
8876,2024-02-02,23.304347826086957,37.63535437187569,35.096684067196804,37.449746068380804,37.329427322314366,38.48118968360347,39.81972471788301,31.792656961339752,Almaty
8876,2024-02-03,74.70833333333333,49.815943579042084,46.43150441180977,45.028074336256616,57.97821340549655,54.12033585438878,45.52158988725873,33.049970325873026,Almaty
8876,2024-02-04,58.869565217391305,33.288605221173505,31.65476135873312,31.84745345547769,32.225454514705596,37.00893820934316,33.70641856760796,34.107821909980565,Almaty
8876,2024-02-05,76.16666666666667,92.84785234664221,86.43644052017402,78.04817883958854,99.03292400794471,93.19146296296701,107.53025540253671,34.93308265860755,Almaty
8876,2024-02-06,78.875,56.09905921946074,54.40454190475614,47.86722408850116,61.428609001499,60.121035702151175,56.67388540039621,33.76584035579449,Almaty
8876,2024-02-07,53.541666666666664,36.132530416747436,36.288026363425416,33.682811217585574,37.83884789619696,37.33060032767097,35.522366278858264,32.05696997725831,Almaty
8876,2024-02-08,13.25,35.46529538259418,35.838118518686116,32.25002862806942,34.89389890894859,39.45317877547725,34.891252081789496,32.90586248909826,Almaty
8876,2024-02-09,48.166666666666664,32.08846159893431,31.470682318415406,29.91079297976026,32.1684405391226,33.044743874816525,33.84764828255674,35.6577030223199,Almaty
8876,2024-02-10,48.083333333333336,33.39014243001517,31.538677832631265,31.06404747247474,33.92240226723826,35.66198385762277,34.76360072010881,37.35356336336431,Almaty
8876,2024-02-11,21.041666666666668,49.34728214999401,50.58949014801573,42.16754085048911,48.389748099476066,52.1827809177809,53.406850734208255,36.99066609557271,Almaty
8876,2024-02-12,21.083333333333332,26.600979125588946,26.48168560105907,24.299066312156484,26.40683485158811,28.979087846358887,26.838221016782203,38.59669695942707,Almaty
8876,2024-02-13,65.45833333333333,29.89170343696111,30.75581744890709,26.490135424033586,30.803286897852825,30.092524572841082,31.316752841170967,31.36526550578005,Almaty
8876,2024-02-14,74.41666666666667,25.557085459786656,24.778160278265933,24.589138116899363,25.56063822363729,26.485473975335378,26.3720167047953,33.883611926068305,Almaty
8876,2024-02-15,18.47826086956522,35.14379308365489,32.99050640684194,35.47659586640519,33.82519374866064,35.646223463608706,37.780445932758,47.39618076770207,Almaty
8876,2024-02-16,20.0,28.855521545635582,28.88600392072311,26.26490046367952,29.459271905671567,31.131632018383506,28.535799419720195,36.227871823381655,Almaty
8876,2024-02-17,35.5,35.421966954983226,37.1306821415224,35.51786690184127,36.69016576247512,33.890071431371084,33.88104853770626,33.98133464487423,Almaty
8876,2024-02-19,24.125,43.83092003821746,43.763752930554524,39.61329706080718,46.99234065705786,44.29780160979741,44.4874079328703,37.13064301451745,Almaty
8876,2024-02-20,49.34782608695652,38.54220045493405,38.77511248481668,35.47356476754189,39.464347419975624,39.565456852377295,39.43252074995874,52.080241906661875,Almaty
8876,2024-02-21,80.375,53.065528909298905,52.414153040641324,48.372273829265396,55.839122744124566,53.386986953726606,55.315107978736634,52.16227406550538,Almaty
8876,2024-02-22,72.375,58.7972774308545,63.57391874287474,52.86455195535409,59.233127830752345,60.62873663368867,57.68605199160268,34.09553484972243,Almaty
8876,2024-02-23,50.75,39.88310145561012,38.16256915549711,37.412268430195184,42.66022063013107,40.93075446935902,40.249694592868195,35.4048714888328,Almaty
8876,2024-02-24,26.916666666666668,30.287180086883343,29.75371298453829,28.471567201031164,30.22325711428001,31.56702342292094,31.4203397116463,51.98357612017539,Almaty
8876,2024-02-25,45.958333333333336,43.047871362574575,43.02746475820308,39.01266033312667,46.38279197113705,44.140770333786634,42.67566941661943,38.31200735420375,Almaty
8876,2024-02-26,52.75,38.20751920638268,39.384624799095114,35.88124963994332,37.21355029746649,38.115053434523546,40.443117860884904,35.38147420472264,Almaty
8876,2024-02-27,49.458333333333336,45.807220867750814,46.663083404744285,38.83249220768135,43.66145878639232,45.30251902432207,54.57655091561403,27.67491969906282,Almaty
8876,2024-02-28,78.125,61.52534012117333,58.79904900176934,51.93009070077694,61.60183071118611,66.0617499906275,69.23398020150671,27.742663731668607,Almaty
8876,2024-02-29,79.12,82.83739534519918,83.04903574596851,77.16759714124362,82.14393214211591,81.96813439548025,89.8582773011876,39.895865731988714,Almaty
8876,2024-03-01,61.041666666666664,76.4438387451132,74.55634741953004,70.08116925344326,77.12316489742555,81.29045536606202,79.16805678910515,37.99871307479557,Almaty
8876,2024-03-02,55.833333333333336,30.405847321036255,29.829624174451013,29.073276000511616,31.762511545665653,30.302545941531918,31.061278943021094,64.04114173279746,Almaty
8876,2024-03-03,42.041666666666664,40.720139025599956,40.073981811195175,37.09657016413935,39.842592126608906,39.93416077455683,46.65339025149953,43.05232571426736,Almaty
8876,2024-03-04,21.695652173913043,37.996356843160996,41.706309060723704,34.84356774611741,37.29124420136045,36.687788796756415,39.45287441084702,32.72158323057888,Almaty
8876,2024-03-05,46.625,35.81562657781258,36.95798513105994,32.41704012076283,34.82494676590079,34.21471033052869,40.66345054081066,35.242288652749856,Almaty
8876,2024-03-06,67.45833333333333,28.557756085742948,28.57342163198584,28.51132610325992,28.405373743925512,29.70335420493986,27.595304744603613,41.80788649592764,Almaty
8876,2024-03-07,24.541666666666668,43.74801802204455,45.206323465792245,40.0022166888998,43.49381405174683,41.64120078031701,48.396535123466876,50.16000371598388,Almaty
8876,2024-03-08,30.166666666666668,35.796275624146276,38.826289267734474,33.367519923312386,35.072990563378895,32.445337195618336,39.2692411706873,34.27517515235572,Almaty
8876,2024-03-09,31.91304347826087,26.92848429428774,27.017648208189105,27.14541884535542,27.290137096339638,24.803996175762492,28.385221145792055,42.075357874306654,Almaty
8876,2024-03-10,24.791666666666668,27.825929367891206,26.225766526540145,28.082673706018006,27.692105052526582,26.980977720227564,30.148123834143714,46.33231710387158,Almaty
8876,2024-03-11,30.304347826086957,28.180007035931585,27.630383643769566,27.055727773657374,28.57490537029442,27.49663523249106,30.1423831594455,35.321551471280735,Almaty
8876,2024-03-12,17.083333333333332,18.512031335228478,19.62074324306231,17.574750518591614,18.845758538455105,17.952686253095884,18.566218122937464,24.444382305912107,Almaty
8876,2024-03-13,8.956521739130435,26.245546364437672,25.028440685391907,27.067737352470104,26.413426610181627,26.279690716304064,26.438436457840677,31.638744522989917,Almaty
8876,2024-03-14,11.458333333333334,27.786487563286748,26.42195399677647,28.887394785420575,27.89750136291365,27.040331247071226,28.685256424251822,31.581442804064544,Almaty
8876,2024-03-15,20.217391304347824,28.50197192765836,28.878558933943317,27.002004906072514,30.34006160889633,29.5058145463643,26.783419643015353,39.84731079414055,Almaty
8876,2024-03-16,44.166666666666664,33.22954312491786,34.12137540830573,31.777668396052015,34.57983865275706,31.43526514131706,34.23356802615743,32.38381075392376,Almaty
8876,2024-03-17,38.833333333333336,27.356508105251965,27.829734885503072,26.08989672129986,26.5972885201316,26.535482595523444,29.730137803801842,29.508132391821754,Almaty
8876,2024-03-18,27.625,23.220793108989163,23.750543273852028,22.124823810161,23.344502455141054,23.715444294585417,23.168651711206344,35.677373509781,Almaty
8876,2024-03-19,20.333333333333332,28.457780966411548,32.17750489644171,27.167887088593638,28.516269723965177,25.573660493541553,28.853582629515657,42.26220041574529,Almaty
8876,2024-03-20,33.666666666666664,24.08646281693354,24.068548771758717,24.856309730295433,23.87956628830664,23.83466269380041,23.79322660050648,46.39010732092779,Almaty
8876,2024-03-22,5.583333333333333,22.722921334798876,22.180988610351754,21.540396899074253,23.132605717160153,23.44189418952269,23.31872125788553,31.423919920438628,Almaty
8876,2024-03-23,12.782608695652174,15.110915036602336,15.012736782875876,14.874534185544299,14.57091178140964,15.393966219732103,15.702426213449751,27.504337484042843,Almaty
8876,2024-03-24,16.666666666666668,31.3814994028131,30.973982251678773,31.829512496421664,30.258605829934204,29.48948583491353,34.35591060111732,35.6909848440629,Almaty
8876,2024-03-25,17.666666666666668,20.397773615635906,20.804125042663205,19.759021677403016,20.151640945611277,20.028121520189316,21.24595889231271,30.953983830396872,Almaty
8876,2024-03-26,19.125,15.529528175784705,17.14386609495719,14.321216297919444,15.512495634099643,15.790474673150939,14.879588178796315,27.037004644949228,Almaty
8876,2024-03-27,12.916666666666666,20.013298285818603,21.265819007151183,19.408779512735745,19.8539056693951,19.84644059251298,19.69154664729801,38.83071243309282,Almaty
8876,2024-03-28,16.666666666666668,14.202120734649686,14.71397759821285,14.026110063946298,14.364046416918429,14.234881267577038,13.671588326593813,27.248333821329787,Almaty
8876,2024-03-29,11.0,16.938006836568245,18.282768166200864,16.351367524854552,16.776048136504556,17.29319427207846,15.986656083202796,34.57868525829249,Almaty
8876,2024-03-30,7.125,16.104827424137095,16.104892829376052,16.96679562011389,15.931923588626947,16.32111986381923,15.199405218749362,23.194216779255974,Almaty
8876,2024-03-31,14.541666666666666,17.617922739858074,18.63884523019383,18.521024852301544,16.51430008900682,16.42320379522092,17.992239732567246,36.145237479569595,Almaty
8876,2024-04-01,15.083333333333334,12.670468583501826,12.8891998536926,12.40830682239926,12.293886573127216,13.420894388432904,12.340055279857152,29.232550612203248,Almaty
8876,2024-04-02,21.583333333333332,21.02582518156108,21.26457445215785,20.795951729158308,20.546177188097726,20.739947619941578,21.782474918449935,34.28558460343461,Almaty
8876,2024-04-03,10.75,19.317586532605848,20.119065572232046,18.183035213916895,19.42303813576324,19.79079917592302,19.071994565194032,41.294553120120916,Almaty
8876,2024-04-04,16.5,20.296001224011253,20.772617006926843,21.05707298452364,18.801592818585178,20.692122920177635,20.156600389842964,42.56893460934557,Almaty
8876,2024-04-05,19.583333333333332,21.025078829926024,20.55147928028528,21.367600718348054,19.57077341188171,22.644755111903176,20.99078562721189,37.885189661903176,Almaty
8876,2024-04-06,14.625,23.324963316158716,22.9288886076671,23.70461888387232,22.871448370172118,24.43344925443621,22.686411464645825,32.718185948123526,Almaty
8876,2024-04-07,7.041666666666667,13.770898986102583,14.008848931380994,12.595621213744925,13.806393667948635,14.371500018922347,14.072131098516014,33.390644481425305,Almaty
8876,2024-04-08,12.304347826086957,17.624850166336593,17.269492793550487,18.20568060869004,17.593489214956822,17.85184551890863,17.203742695576974,34.333692787537665,Almaty
8876,2024-04-09,8.416666666666666,13.448746678699923,13.606041533672137,13.617732531893637,12.271954541507238,14.205937672395846,13.542067114030747,29.050287074607375,Almaty
8876,2024-04-10,6.625,17.404085859804987,17.966230883250557,16.479335929052528,17.196501023574935,18.651514232233485,16.726847230913418,35.27310222666451,Almaty
8876,2024-04-11,16.375,21.27018322834316,22.100844791021768,20.021935083594283,20.645267853212157,22.113667334773112,21.469201079114477,41.49841138372417,Almaty
8876,2024-04-12,12.583333333333334,20.193534659804776,20.346012317935994,19.680015675639623,20.726399540816935,21.054993825578972,19.160251939052362,41.65025614271294,Almaty
8876,2024-04-13,28.75,23.027406860654118,23.243593290684032,23.51572351109308,22.681875058919747,24.218105354644063,21.477737087929654,44.56438197224693,Almaty
8876,2024-04-14,14.5,16.9128605858571,17.098439248948424,16.73414573790554,16.85806746397304,18.075525857905603,15.79812462055289,34.95297252613832,Almaty
8876,2024-04-15,24.208333333333332,23.959223555716004,23.746414647384935,25.213083413439726,21.74204421021348,24.11273339994095,24.981842107600936,40.40379898300366,Almaty
8876,2024-04-16,11.333333333333334,20.096617983171285,21.381734375008033,19.977616126480445,18.852895462720042,20.712916616538468,19.557927335109447,38.26837470115756,Almaty
8876,2024-04-17,6.761904761904762,16.81721796490218,15.672313041414178,17.824192228512544,16.862560739539678,17.194572253871428,16.532451561173072,28.60292004229941,Almaty
8876,2024-04-18,9.375,10.836410206362434,11.052679047391182,10.804814341697982,10.825101224991,10.644303078342386,10.855153339389618,27.776309706563687,Almaty
8876,2024-04-19,14.083333333333334,19.724237067021203,19.44943106989295,20.598619699379594,19.063259937084382,18.96277010531591,20.54710452343317,38.98158907760412,Almaty
8876,2024-04-20,13.916666666666666,16.560946660202486,16.336545638046037,16.40180717483102,17.225928220025857,15.305430451282302,17.535021816827225,36.08074506815833,Almaty
8876,2024-04-21,16.875,15.427687485017724,15.66409341472784,14.415643926571683,15.645444900396026,14.750617732866678,16.662637450526404,34.616484355478086,Almaty
8876,2024-04-22,19.5,18.25784459078203,18.23956246024397,17.539279621129996,18.401124403056738,17.823430829458555,19.285825640020892,46.28323991711263,Almaty
8876,2024-04-23,12.333333333333334,18.729941295996774,19.317843852359285,20.451485606440354,18.19014930650376,17.60391527162793,18.086312443052538,33.85824110950957,Almaty
8876,2024-04-24,8.375,18.660024204069863,19.748971895503693,19.368169949139535,17.413574395574305,18.928129418306632,17.84127536182516,32.190748299011965,Almaty
8876,2024-04-25,6.416666666666667,18.939526821959152,19.467031077518833,19.999366626058332,17.857574347259416,18.49988792293911,18.873774136020078,29.76617753263249,Almaty
8876,2024-04-26,11.5,20.187360751650182,20.716030658347478,21.060409053612585,19.705450809984416,19.79072102838123,19.664192207925204,31.290979150934753,Almaty
8876,2024-04-27,12.291666666666666,16.78965044190997,18.316794935117038,16.607028137022848,16.338903816592055,17.012787711438314,15.672737609379595,31.65517582375437,Almaty
8876,2024-04-28,17.416666666666668,16.701603881557855,17.52916981619729,16.382679267540958,15.566069055108454,17.911651036173016,16.118450232769558,42.339876947618585,Almaty
8876,2024-04-29,11.25,17.087009510242506,18.03155382995946,16.576763953541207,15.841106536565611,17.923593236957878,17.062029994188386,38.77155619762711,Almaty
8876,2024-04-30,11.666666666666666,14.038780941418262,13.601771249835416,15.146383766974747,13.874679722343213,13.367979317750972,14.203090650186953,29.707966319005344,Almaty
8876,2024-05-01,7.291666666666667,11.79378888931139,11.511135595316476,12.013667434861297,11.738813833191642,11.900924748213892,11.80440283497365,30.30967433575065,Almaty
8876,2024-05-02,8.0,10.849158891003283,11.369896019260478,10.43215990174,10.853459370318681,10.55415764372806,11.036121519969193,29.67835800320622,Almaty
8876,2024-05-03,10.333333333333334,14.172479086767774,14.949917948390578,13.900939782532035,13.147650757595512,14.811814872677681,14.052072072643059,37.8783648989262,Almaty
8876,2024-05-04,13.75,16.16655714336248,16.249553379889953,16.078085793640724,16.50005896460198,16.216899513863204,15.788188064816527,33.670717335223024,Almaty
8876,2024-05-05,11.541666666666666,12.76563446897817,12.917819461973432,13.249846854049467,11.309456979788399,12.774303448960183,13.576745600119374,29.320782700505468,Almaty
8876,2024-05-06,12.416666666666666,9.983001025621082,10.566770331566998,9.695932542167812,9.455200211233464,10.525377454795874,9.671724588341261,30.63118248918422,Almaty
8876,2024-05-07,8.5,7.960780351188282,7.817353434403923,8.420108266465192,7.544219572638699,7.780384131893927,8.241836350539668,27.44987971241735,Almaty
8876,2024-05-08,8.583333333333334,9.902090426652943,9.893616841906894,9.557488418725228,9.570492329291701,10.557135761334962,9.931718782005932,28.47606373905969,Almaty
8876,2024-05-09,9.833333333333334,9.080298715567368,9.441976514897371,8.746736235410964,9.485033029956094,8.556755474890702,9.170992322681712,29.42127298326718,Almaty
8876,2024-05-10,12.541666666666666,13.393168597500765,13.896685034996933,13.255370648380534,12.649557309852872,14.283126596434517,12.881103397838952,42.03796378648044,Almaty
8876,2024-05-11,8.25,12.591505817836927,11.535333308907896,13.156661956666134,12.534732746254837,12.994612751876163,12.736188325479603,31.476155469658032,Almaty
8876,2024-05-12,11.041666666666666,13.068175164272484,13.12964278608735,13.696829906352665,12.411940633304305,13.356461645920636,12.746000849697461,36.46586456001082,Almaty
8876,2024-05-13,9.791666666666666,8.98178104934921,9.426591747095173,8.86650620417898,9.725565501684214,8.289203361546564,8.601038432241118,28.979715081913263,Almaty
8876,2024-05-14,6.125,8.911114233519342,9.453272544111751,8.450892742720008,8.400315754185149,9.258318363283461,8.992771763296346,29.06090435943647,Almaty
8876,2024-05-15,14.0,10.032127598173531,10.289915766587782,9.224605979318616,10.703362282269904,10.392097887395682,9.550656075295672,32.45626213215396,Almaty
8876,2024-05-16,15.375,11.562692694681283,11.208823239654084,11.871776221342678,10.623095537796837,12.386735277789244,11.723033196823575,39.34059790027427,Almaty
8876,2024-05-17,14.916666666666666,11.571118161581644,10.977865911754455,12.344616010175024,11.547151845772369,12.032684814977785,10.95327222522859,36.79045558073917,Almaty
8876,2024-05-18,14.875,7.85465858386519,7.354393476907191,8.22050055611764,7.814301435142864,7.3901490880598,8.49394836309845,31.511592900425647,Almaty
8876,2024-05-19,8.583333333333334,9.551744318532132,9.485663724759016,10.147901329952559,9.301519181026093,9.54829946691708,9.275337890005908,33.8885937188244,Almaty
8876,2024-05-20,10.458333333333334,10.720305314107277,11.162263788120502,11.313166183948875,9.407761421704084,11.39797596884618,10.320359207916747,41.04850815793875,Almaty
8876,2024-05-21,21.25,12.966919929709311,13.434465616948525,12.61673580520815,11.921955768707258,12.929909908934201,13.931532548748432,32.84206640956804,Almaty
8876,2024-05-22,12.541666666666666,13.984787053212296,14.022484433473679,14.339518053419331,13.71218164894443,13.779503896669171,14.070247233554873,48.5576552398576,Almaty
8876,2024-05-23,10.875,11.68565034682467,11.453665809440507,12.392012666462898,10.984533126164763,12.163932412414043,11.434107719641139,35.182134104740406,Almaty
8876,2024-05-24,14.166666666666666,9.412556538929584,9.092638748408099,9.374455155300534,9.53352605920188,9.513733157532352,9.548429574205057,27.32388583042316,Almaty
8876,2024-05-25,4.958333333333333,8.959737720252255,9.01799488441037,9.293368243328988,9.112929170545204,8.692811033083016,8.681585269893692,36.00289622967161,Almaty
8876,2024-05-26,6.125,9.08530185514183,8.982894683746219,9.55233418208009,8.894172665595129,9.06086568856677,8.936242055720946,29.975746783474413,Almaty
8876,2024-05-27,4.521739130434782,7.787572999571114,8.359081021337495,7.492918058971288,7.523135299526318,7.697944858256156,7.864785759764313,27.374711840490498,Almaty
8876,2024-05-28,6.173913043478261,8.584814878345101,8.759890465744615,8.79896762178764,7.9713397543595335,8.562766666136326,8.831109883697387,36.96755391673528,Almaty
8876,2024-05-29,12.125,12.881871059634147,13.08234267034916,12.391984585587297,13.056539442607948,12.715046114282869,13.163442485343465,38.452682381386374,Almaty
8876,2024-05-30,10.125,14.475788860598911,14.42789630571512,14.70057642048714,14.561491535709573,14.23792023723308,14.451059803849642,27.111804811010323,Almaty
8876,2024-05-31,8.041666666666666,10.771620938402252,11.130134338494424,10.32876155154021,9.751350269164112,11.840635218956361,10.807223313856147,27.216536589815313,Almaty
8876,2024-06-01,8.5,10.627943951103134,10.263366617314725,10.388381133034837,10.080810862876488,10.806710586021184,11.600450556268433,28.30993485063609,Almaty
8876,2024-06-02,6.833333333333333,9.721848389737918,10.115114481969673,9.974707722771102,9.779230976782257,9.35349680956011,9.386691957606454,30.67093202617948,Almaty
8876,2024-06-03,8.5,13.44327888944577,13.725998180633145,13.889303138512291,12.745562748459115,12.752423567956846,14.103106811667454,33.25821530269118,Almaty
8876,2024-06-04,8.333333333333334,9.247165894896701,9.40024312851433,9.484392729644192,8.878495862691608,9.345135202921837,9.127562550711543,29.91539594803421,Almaty
8876,2024-06-05,10.333333333333334,12.658049527074684,12.718375951619214,11.885862046753056,12.927757116288506,13.193010114830871,12.565242405881785,32.32999069440361,Almaty
8876,2024-06-06,10.291666666666666,11.899023199099103,12.226353860622854,11.29649548121674,11.836792302638973,12.487633517861838,11.647840833155108,36.55018999553399,Almaty
8876,2024-06-07,5.5,16.911238913390935,16.139834052236942,15.377825823188374,17.435200396591565,18.166123831563173,17.43721046337462,29.07876962425953,Almaty
8876,2024-06-08,13.541666666666666,15.848588014862452,16.26369368157111,15.161720347265145,15.255730520571088,16.422754216314207,16.1390413085907,28.50088477317663,Almaty
8876,2024-06-09,13.625,10.587342949152102,10.054643516084873,11.125064313684065,10.524147255462799,10.92849182840668,10.3043678321221,26.041714572368527,Almaty
8876,2024-06-10,10.375,13.009297112589403,13.033599602896446,12.863460542289081,12.488253306919335,13.391600717222376,13.269571393619772,29.68784108419336,Almaty
8876,2024-06-11,8.25,11.134426317565755,11.945318045300532,10.793651937937021,10.674022150893684,11.548466065337893,10.710673388359645,28.879333601007964,Almaty
8876,2024-06-12,5.5,12.15197349699079,13.121316144209182,12.203911768039493,11.934882493519716,12.080731417373334,11.419025661812228,33.96252213776656,Almaty
8876,2024-06-13,7.5,9.154808364923866,9.589127718009546,9.081328876410248,9.408560236044341,9.194021743105216,8.501003251049983,32.37364732826713,Almaty
8876,2024-06-14,7.6521739130434785,10.179955864067995,9.746509429991194,10.740696705921346,10.715070008149182,9.735723794543784,9.961779381734475,30.832632901091664,Almaty
8876,2024-06-15,10.708333333333334,14.160786388903821,14.653277746011133,14.257346445571043,13.575218956335881,13.845873850003699,14.472214946597344,30.07234240386574,Almaty
8876,2024-06-16,12.541666666666666,14.364703981844409,13.89957399245409,14.59045985516872,14.212501612519267,14.540176841861417,14.580807607218551,31.38294736175944,Almaty
8876,2024-06-17,12.291666666666666,14.294177473302293,14.434564360045806,13.891323914495365,13.803858831900683,15.027618794381855,14.31352146568776,36.97885509894754,Almaty
8876,2024-06-18,9.416666666666666,13.180401882105574,13.489065648365255,12.765767975679761,13.003125776924552,13.521415545281698,13.122634464276606,31.94545828848654,Almaty
8876,2024-06-19,10.875,11.47974787068082,11.786168613786911,11.132272258276533,12.051500084939835,11.88271618268216,10.546082213718659,34.932898805674675,Almaty
8876,2024-06-20,13.541666666666666,8.618878702476678,8.276382697573126,8.886022742931951,8.393464154045253,8.819374597428874,8.719149320404185,27.332701889417102,Almaty
8876,2024-06-21,14.0,12.702469442476437,13.377525880925685,12.479775553283085,12.391433009588214,12.789182793515076,12.474429975070125,29.476113559791564,Almaty
8876,2024-06-22,8.125,11.247347352555078,11.52458870780239,10.655196746771823,10.603857866309578,11.192503728966965,12.260589712924622,27.014805513527243,Almaty
8876,2024-06-23,6.625,13.189186836264486,12.999966906188213,13.155368587387386,13.192416955480017,13.613952248240867,12.984229484025951,29.830443458546732,Almaty
8876,2024-06-24,8.5,11.59705193983809,12.229578854244815,11.69177273243489,11.321684817761485,10.89361014263466,11.848613152114597,29.972131009127814,Almaty
8876,2024-06-25,7.208333333333333,13.172319657818647,13.226373742115312,14.172177336396569,12.135244718901452,13.07483276692154,13.25296972475836,29.75406721987988,Almaty
8876,2024-06-26,12.791666666666666,12.079571005536124,13.12496840916631,12.471522994936008,10.948483225667468,11.966287941493738,11.8865924564171,30.94871337965437,Almaty
8876,2024-06-27,13.791666666666666,15.221758630340451,14.077543238547642,17.236209881865204,15.128665881451862,14.4610809353723,15.205293214465243,33.2688787727981,Almaty
8876,2024-06-28,13.041666666666666,13.52643173259499,13.609351338642334,12.878500095972115,13.877458848115266,14.359767188844692,12.907081191400533,32.898562550666746,Almaty
8876,2024-06-29,12.416666666666666,15.041994233451344,14.7117536620757,15.168140619567975,14.690279854017191,15.07511083455978,15.564686197036085,30.853238640428707,Almaty
8876,2024-06-30,14.833333333333334,9.819710684384715,9.456699195296995,10.300097313661446,9.842858995189747,9.645379589208732,9.85351832856666,30.465957322302664,Almaty
8876,2024-07-01,11.208333333333334,13.200946673715043,14.467214318540092,13.758771125573356,12.076853379088583,12.274038119338716,13.427856426034467,33.66599666692232,Almaty
8876,2024-07-02,10.333333333333334,14.477243407251155,15.11838581731557,15.876726439610586,12.737647702269587,13.902418732787874,14.75103834427216,32.42519898010337,Almaty
8876,2024-07-03,10.375,14.18726123703829,14.643606626664818,13.640436377121723,13.226667814809142,15.137201349689963,14.288394016905809,31.562691581267835,Almaty
8876,2024-07-04,9.958333333333334,11.501891332156578,11.915676052229715,12.137619290684318,10.436569817297354,11.560948272305492,11.458643228266014,30.761981860518198,Almaty
8876,2024-07-05,11.208333333333334,9.846815752365888,9.749694497929758,11.10858802970127,8.871455416338527,10.030232426486872,9.474108391373012,32.29243406992659,Almaty
8876,2024-07-06,5.125,10.462708612342215,10.0863729161735,10.881215936421919,10.313262581462938,10.528614259141792,10.504077368510929,27.580719051780214,Almaty
8876,2024-07-07,9.083333333333334,12.44168899563336,12.182117449340053,13.091524365622957,11.592985094689741,13.015587004451685,12.326231064062364,32.39127145264924,Almaty
8876,2024-07-08,7.5,6.177358466968029,6.6513291374602455,5.874045308432277,6.443049441156249,6.27553777802289,5.64283066976848,36.597447304710975,Almaty
8876,2024-07-09,6.166666666666667,7.30178370492241,7.618699055709511,7.344057865175525,7.177835451742844,7.516341667374542,6.851984484609628,29.917746068132736,Almaty
8876,2024-07-10,8.0,9.829451851144002,10.24087838267882,9.725755835557925,9.786381956604579,9.91179212830401,9.482450952574675,33.923005303517265,Almaty
8876,2024-07-11,5.782608695652174,10.491617183127282,10.756922168562186,10.359891244204876,9.987138390682963,11.384729624337396,9.969404487848989,29.1981532383651,Almaty
8876,2024-07-12,6.416666666666667,7.530786089567092,6.888011705994706,7.672679521604758,7.54295763273711,7.876704746037483,7.673576841461406,28.271939466019738,Almaty
8876,2024-07-13,8.541666666666666,12.537352903940945,12.263468855617814,12.425635023071031,11.881391387793277,13.645622482119837,12.470646771102762,28.544591145031653,Almaty
8876,2024-07-14,6.0,7.7845469104742,8.112120669351789,7.569904293375242,7.597178925360264,7.977861970809061,7.665668693474647,37.543365315297386,Almaty
8876,2024-07-15,12.375,8.287553565217628,8.451617604876851,9.034495942046892,7.676917525967575,8.413184576850716,7.861552176346109,30.715756614664905,Almaty
8876,2024-07-16,8.125,9.773392008262766,10.356941921184863,10.072022302196881,9.159410328292823,9.261735204684545,10.016850284954717,33.914831397520764,Almaty
8876,2024-07-17,8.333333333333334,12.653691328123632,12.65164191279638,13.362761961559219,11.80472465157201,12.875914369651202,12.57341374503935,30.840126462418674,Almaty
8876,2024-07-18,6.875,7.6884872988487505,7.681038629263577,7.913434974951176,6.837829641211648,8.302926201108749,7.707207047708604,32.0515005745498,Almaty
8876,2024-07-19,5.041666666666667,14.841733766629522,14.221362178884819,13.518898590085541,15.283028163422482,16.08271683364988,15.102663067104878,32.72900662581073,Almaty
8876,2024-07-20,8.166666666666666,15.713926502190418,14.463589048984351,15.865956567033127,16.039796064311783,15.690994075971684,16.509296754651146,33.722427082817966,Almaty
8876,2024-07-21,9.708333333333334,8.63911682211518,8.271994978562994,8.085427410420289,8.822976987655784,8.894482031234796,9.12070270270204,39.07378377392583,Almaty
8876,2024-07-22,10.833333333333334,10.729802495257168,10.357501825074628,10.850865088192453,10.904397616531059,10.805726664842027,10.730521281645673,29.804727140582735,Almaty
8876,2024-07-23,7.958333333333333,10.711860094915167,11.15881710003059,10.821301215956446,9.387171120562575,11.603502289559158,10.588508748467067,32.37618130129854,Almaty
8876,2024-07-24,11.458333333333334,11.676144012876023,12.463766810739743,11.068545380424107,11.254503391276591,11.66462464616862,11.929279835771052,29.17774955961854,Almaty
8876,2024-07-25,9.833333333333334,9.37047511616978,9.71028594467283,9.301061306990466,9.187514835047843,9.605461606323177,9.048051887814585,27.870788797780868,Almaty
8876,2024-07-26,8.583333333333334,9.942130222490661,10.114498332307306,9.428527191330339,9.069945438977495,10.989949260614841,10.107730889223324,27.3192575326781,Almaty
8876,2024-07-27,11.083333333333334,9.234096282495788,9.729242702670625,9.188843541513274,8.448711356690817,9.054354057402065,9.749329754202163,27.801136069751145,Almaty
8876,2024-07-28,8.916666666666666,10.23349188450025,10.963987580406222,10.416176857100638,9.571643578535811,10.115643671868378,10.100007734590198,29.757393448061656,Almaty
8876,2024-07-29,11.125,13.084459910256907,13.222156717300551,13.203809418855549,12.11470237278145,13.243571652080117,13.638059390266873,32.38137625687536,Almaty
8876,2024-07-30,9.041666666666666,14.771353702165403,13.776293646647614,15.217908046254006,13.232144156846223,15.797465935451712,15.832956725627461,40.04343835277873,Almaty
8876,2024-07-31,9.166666666666666,14.045040786173562,14.056547399116667,13.90867277228618,14.032927958220016,14.360273429970219,13.866782371274725,35.239417171918966,Almaty
8876,2024-08-01,10.791666666666666,10.856454729236875,11.491033333316501,10.77802560382871,10.251171261910374,10.608986769444853,11.153056677683935,37.90617376524701,Almaty
8876,2024-08-02,11.166666666666666,11.282894328404597,10.793527317984546,11.999918579258422,10.18921486506805,11.690864368598408,11.740946511113558,32.24520162974536,Almaty
8876,2024-08-03,10.166666666666666,13.79581800819507,13.762135121645347,14.07123008199884,13.113524998960841,13.22557485379435,14.806624984575972,37.821132457917564,Almaty
8876,2024-08-04,9.958333333333334,12.010444241216442,12.134138687930102,11.5449640903062,11.458020238932905,11.88968732129794,13.025410867615062,38.00542415093482,Almaty
8876,2024-08-05,9.166666666666666,12.967637569045385,13.315480356840823,13.474204765463785,12.328689300237622,13.156451042569463,12.56336238011523,34.11070049623881,Almaty
8876,2024-08-06,7.5,7.614387700769962,8.391880040929351,7.496109943888763,7.635012668344061,7.399596691281021,7.149339159406612,29.323157689599746,Almaty
8876,2024-08-07,6.375,8.549204506903008,8.905509923740421,8.13855850889256,8.602310105859639,8.758056270288298,8.341587725734122,29.41798183813298,Almaty
8876,2024-08-08,11.166666666666666,9.353373344069363,9.330345882979818,9.16877096207475,9.198345189932247,9.713834403587272,9.355570281772724,28.074430789938923,Almaty
8876,2024-08-09,10.958333333333334,14.154058131443609,13.480936906973707,13.824072243347318,13.888982184625457,14.36980386033246,15.206495461939102,32.459181574619514,Almaty
8876,2024-08-10,12.791666666666666,15.4336661366282,14.993145633154732,15.944934961657804,14.770505670973302,15.940582035078204,15.519162382276956,34.20759809729284,Almaty
8876,2024-08-11,10.625,16.16574379142272,16.161963147864395,15.575647047104983,16.930377850970505,15.98745875842457,16.17327215274917,35.25092974059512,Almaty
8876,2024-08-12,9.5,12.93782704225637,13.746696539627013,12.264526746033615,12.520982536064306,12.776081101974938,13.380848287581989,27.856912786329893,Almaty
8876,2024-08-13,6.833333333333333,10.75843429785834,10.437965952291535,11.217865078096196,10.981316865527232,11.213767678620247,9.941255914756496,27.634615938733667,Almaty
8876,2024-08-14,10.916666666666666,10.876004871937742,11.00630711073826,10.695361394595187,10.96984128989385,10.991798045061671,10.71671651939974,30.239397218291877,Almaty
8876,2024-08-15,10.041666666666666,9.489612240435477,9.484066201639143,9.930154822593495,9.454444126583269,9.31606618789428,9.263329863467195,30.095463464487374,Almaty
8876,2024-08-16,13.416666666666666,13.697067615686796,13.49923024793401,14.035209775327532,13.009899247205249,14.247433849622357,13.693564958344833,37.20312903170602,Almaty
8876,2024-08-17,13.916666666666666,10.890853745972205,11.357191786952367,10.852066598872222,10.493871752494087,10.550282774110546,11.2008558174318,49.00845197313324,Almaty
8876,2024-08-18,11.333333333333334,7.396970473065727,7.676932508283585,8.130621822493298,6.896109394707229,7.000527924113499,7.280660715731022,29.206972850072724,Almaty
8876,2024-08-19,5.833333333333333,8.420890826540774,8.851943857729072,8.692786402438344,7.5177564288306264,8.003074993442851,9.038892450262976,28.965938546445294,Almaty
8876,2024-08-20,8.25,10.095773343655036,11.083524472990486,9.746696394053423,9.691900139447004,10.442124299952326,9.514621411831943,29.16210696129078,Almaty
8876,2024-08-21,10.5,9.866929333678693,9.960020058939786,9.544415008192061,10.040726396519783,10.336748262640572,9.45273694210125,31.803313326019314,Almaty
8876,2024-08-22,9.5,10.189967767706573,10.594794883289106,10.530602245291519,9.325894871333437,10.131824163396875,10.366722675221938,30.811265992848938,Almaty
8876,2024-08-23,11.916666666666666,12.296499458079218,13.805300304701609,11.855791414599514,11.548159942682647,12.25057428023891,12.02267134817341,30.799164561880524,Almaty
8876,2024-08-24,9.583333333333334,12.263913233935419,11.37134838187087,12.661827158569356,11.839094023897886,12.37867065806217,13.068625947276812,37.09454921989768,Almaty
8876,2024-08-25,11.208333333333334,12.248501111989551,11.79658991675768,13.729719133988752,11.16825271716994,11.175407026137758,13.372536765893631,35.72719321369882,Almaty
8876,2024-08-26,12.958333333333334,13.280397087116105,12.381655491386224,13.118591819691277,13.206523770431724,13.475391751127548,14.219822602943756,34.725453189434255,Almaty
8876,2024-08-27,10.833333333333334,14.318761389412874,14.629131082513837,13.45158705467343,14.436018694267078,14.673006231576105,14.404063884033913,33.18763176367761,Almaty
8876,2024-08-28,12.708333333333334,12.262530601013111,12.547490405539394,12.913229826817764,12.271405306417883,11.307292151593971,12.273235314696548,35.40656346872233,Almaty
8876,2024-08-29,7.708333333333333,11.348773070859925,11.974067260136595,11.436402729955764,10.442616757349692,11.326657060994524,11.56412154586306,30.748299471962717,Almaty
8876,2024-08-30,9.0,11.680339466065123,12.393863099824777,11.803792823476966,11.038744388859817,12.018642036830734,11.146654981333315,29.844569936312062,Almaty
8876,2024-08-31,13.5,12.953777452653998,13.654884952930702,12.539606485708878,12.694860355117125,12.774044660003451,13.105490809509828,32.02099963943888,Almaty
8876,2024-09-01,9.583333333333334,9.969054211927347,10.862679599709102,10.513993440500245,9.3916067111754,8.773268308060509,10.303723000191473,33.469425907252706,Almaty
8876,2024-09-02,8.208333333333334,10.037514215084755,10.809363802119533,10.398367575575302,10.143865007176952,9.351149187705653,9.484825502846336,29.716882742160713,Almaty
8876,2024-09-03,4.916666666666667,7.86775187496513,8.271186030071016,7.793893340552291,7.622020353223366,8.026496645194873,7.625163005784104,28.91322515723609,Almaty
8876,2024-09-04,10.583333333333334,13.52824595078834,14.610616578119666,12.913144847042918,13.457548199735804,13.85878060545392,12.801139523589399,31.83714493020411,Almaty
8876,2024-09-05,7.875,15.161968829150112,15.972224480440367,15.425090656391255,14.961817077189945,15.044745641785802,14.405966289943182,33.71196789374758,Almaty
8876,2024-09-06,8.208333333333334,10.209612197052694,10.580594599925499,9.958686797592788,10.350531727761513,10.552283582085414,9.60596427789825,32.07314370628105,Almaty
8876,2024-09-07,6.666666666666667,7.463913928360162,8.037505074310946,7.197897120805539,7.326336525048241,7.22628715196179,7.5315437696742915,28.248849935732004,Almaty
8876,2024-09-08,12.458333333333334,16.032924959936558,15.271362418376295,15.6202364617705,15.169398894436476,16.169269437641507,17.934357587458024,31.159945300497974,Almaty
8876,2024-09-09,11.125,13.626194727671242,14.86820291573514,13.772217402157734,13.115105014418132,12.901740018017671,13.473708288027527,31.151642608630617,Almaty
8876,2024-09-10,5.666666666666667,15.443926430600024,15.922301724273183,15.690199650578592,14.933107879556548,14.001273802558957,16.67274909603285,34.98315726973183,Almaty
8876,2024-09-11,8.875,19.656409221427857,20.715627924492644,18.669068173758063,19.522452837497692,19.502409357625073,19.872487813765822,36.72533522718518,Almaty
8876,2024-09-12,9.166666666666666,15.784068772860593,16.260464809562425,15.566279768390096,16.25583735934209,15.87846123572987,14.959300691278491,32.08008126791733,Almaty
8876,2024-09-13,8.5,11.770531405200718,12.076201894794117,11.816146269154912,10.70414802236382,12.140583904295044,12.115576935395696,31.43090189099589,Almaty
8876,2024-09-14,9.833333333333334,13.009825250234366,12.798968220852958,13.523885776905175,13.723456376618072,12.486899793786362,12.515916083009262,35.79309249972689,Almaty
8876,2024-09-15,17.583333333333332,15.998998410415354,15.86502070874527,15.17596520689317,16.30214915021064,15.369122895820194,17.282734090407484,35.23036929835748,Almaty
8876,2024-09-16,15.791666666666666,17.55274530492668,17.63832715705278,18.15709822332748,17.475719461692222,17.050075476266496,17.442506206294404,33.840160461419735,Almaty
8876,2024-09-17,12.958333333333334,13.4336385288305,14.11233176171115,13.300027198625523,13.7411604222672,13.310511624461155,12.70416163708747,30.090104195902903,Almaty
8876,2024-09-18,14.875,18.002656946863663,17.656771191504976,17.761427407331162,17.258559003832367,18.069598660969465,19.266928470680334,33.32958665596302,Almaty
8876,2024-09-19,14.833333333333334,14.199481249021591,14.625640282453153,13.738780033347314,13.982098753698581,14.509978662407658,14.140908513201255,35.636366312143444,Almaty
8876,2024-09-20,14.333333333333334,15.798433838910551,15.120302837997063,16.521884027990048,16.285404634664904,15.850846916871443,15.213730777029305,37.78329960995202,Almaty
8876,2024-09-21,12.75,12.642840794134816,11.872478306418177,12.389231172844807,12.501939050044136,13.5109612924127,12.939594148954265,32.06997823839324,Almaty
8876,2024-09-22,23.25,13.941177906253397,13.416113084330425,14.103946938481714,13.822983025988597,13.220433550998395,15.14241293146786,39.36856130964011,Almaty
8876,2024-09-23,18.375,13.105740146490007,12.725260473675663,13.33545493777509,12.682304302090824,13.947438426279353,12.838242592629111,38.62474741027804,Almaty
8876,2024-09-24,15.416666666666666,28.514968554789885,28.51604160723511,27.73291474514519,28.589996310936666,27.85368480485843,29.882205305774033,37.447845278972316,Almaty
8876,2024-09-25,15.25,16.02277423497034,15.863456793753038,15.996923517985866,15.515675071910348,16.80571826571987,15.932097525482579,35.79501984689764,Almaty
8876,2024-09-29,13.083333333333334,23.283388290541204,23.792588171583976,21.769124552405824,23.172789458975252,23.932643445515076,23.749795824225874,35.36065441438645,Almaty
8876,2024-10-10,18.25,18.89410474771375,19.242527793859566,18.709720306296436,19.4991963877695,18.30382658274091,18.715252667902345,32.88743989231684,Almaty
8876,2024-10-11,11.416666666666666,14.280339059850991,14.494489672818524,14.252420413028982,13.909303104060706,14.556490299168816,14.188991810177932,27.023455483156702,Almaty
8876,2024-10-12,7.043478260869565,14.389278034868587,14.404967788232483,13.833351608374471,14.237043606687985,15.189904354745352,14.281122816302652,28.41499481136716,Almaty
8876,2024-10-13,31.625,18.500152032494665,18.780923831178445,18.444465319675178,18.724329522639728,17.801329902156187,18.749711586823796,38.93399159609239,Almaty
8876,2024-10-14,17.5,17.144702323697505,17.910443324253276,16.392683289752267,18.33715688406347,16.12754584047409,16.95568227994442,29.910167241677435,Almaty
8876,2024-10-15,15.375,12.820446134169448,13.898416179845203,12.054960057466849,12.04348891503336,13.114282204438176,12.991083314063651,27.127258671423895,Almaty
8876,2024-10-16,10.708333333333334,18.37454472462086,18.920608881815824,18.813194520292598,17.265014418550848,18.579957523770204,18.29394827867483,30.075237865513962,Almaty
8876,2024-10-17,10.041666666666666,21.362931944708645,20.92201046379645,21.892356068051473,21.831597136696697,20.960816547779245,21.20787950721936,32.45711744797213,Almaty
8876,2024-10-18,10.130434782608695,30.72584569446003,31.695168857349856,28.60875819799672,28.96895191146147,31.497926355071144,32.85842315042097,31.71965224795408,Almaty
8876,2024-10-19,25.5,31.105597938008067,31.70863343544778,28.97926674999757,28.381129626401062,33.11706945687579,33.341890421318155,31.824008771376747,Almaty
8876,2024-10-20,27.791666666666668,23.91284360673491,24.721156997083646,23.61584166472005,22.4570114786725,21.839382499294747,26.930825393903618,31.11259295623008,Almaty
8876,2024-10-21,26.958333333333332,25.470156924932503,26.67601908570908,24.265392694864723,23.887753678441925,26.68173341121559,25.839885754431194,34.70158605894007,Almaty
8876,2024-10-22,27.083333333333332,23.15597445557193,24.457167976353656,22.020564936190585,21.5134261941681,24.324734431805883,23.463978739341414,44.019679911013235,Almaty
8876,2024-10-23,20.375,22.28282741650967,22.06845910534098,21.17664310395585,22.23438017761412,22.081023750924253,23.853630944713142,31.888995898167785,Almaty
8876,2024-10-24,10.695652173913043,20.684526038040325,23.670543398329787,20.60813809686061,18.748305588130627,21.12131011834948,19.274332988531132,28.516186755080433,Almaty
8876,2024-10-25,12.875,33.39619165959742,37.17371727826269,31.30561368400322,29.611267515001632,32.41559922665353,36.47476059406601,33.4082588358448,Almaty
8876,2024-10-26,15.75,18.639107446037592,18.624286840461995,18.395922409741857,18.64961809218001,18.175436967085055,19.350272920719053,30.91838652751371,Almaty
8876,2024-10-27,28.333333333333332,18.574476585720138,19.36248396932462,19.52766166402832,17.490018610002135,17.89080855333907,18.60141013190653,34.53145903536019,Almaty
8876,2024-10-28,9.416666666666666,13.244672629938881,14.205106556726333,12.389180789501284,13.336696799741103,13.342299242222728,12.950079761502959,26.504953797125744,Almaty
8876,2024-10-29,10.583333333333334,25.396893010552766,25.51154058303318,24.584333956886763,25.93283769627428,24.606994648315382,26.34875816825424,34.17593009573843,Almaty
8876,2024-10-30,32.208333333333336,21.3613841821396,22.77910388809134,20.35279205680724,22.66639530866098,19.99971675593036,21.008912901208074,36.230536358640755,Almaty
8876,2024-10-31,23.208333333333332,27.891472698733402,27.51625307081287,28.223471610512714,28.283976147702717,27.104395089107513,28.32926757553119,35.194491331093694,Almaty
8876,2024-11-01,18.083333333333332,18.752182267890504,20.381328202287655,16.7753226503972,19.336938337687258,18.693168728658943,18.57415342042147,35.60438300725004,Almaty
8876,2024-11-02,16.0,35.57609284476403,38.07240098168024,33.60449485437318,32.6345403500299,37.173047538214014,36.395980499522814,38.29705575868652,Almaty
8876,2024-11-03,29.541666666666668,43.81970446117084,46.98705519462953,39.47465462134625,43.37059049270632,45.74098511193093,43.52523688524114,32.352731614661614,Almaty
8876,2024-11-04,29.666666666666668,29.468089395892385,30.180333456321083,26.248914647845258,28.863426611702938,32.76851761096125,29.279254652631383,38.00853810447429,Almaty
8876,2024-11-05,27.916666666666668,27.62266658166851,27.250115407675683,26.3300341409796,29.497793542915215,28.48327418855074,26.552115628221316,35.9432257389009,Almaty
8876,2024-11-06,12.958333333333334,15.176929662897715,15.073745108033318,13.235115437747329,15.740613505171108,14.951777462161942,16.883396801374865,25.275607394671987,Almaty
8876,2024-11-07,14.333333333333334,19.85214085017673,21.870892029961645,18.417726770726006,18.639038797190874,19.485940347995264,20.847106305009863,30.258416670971336,Almaty
8876,2024-11-08,14.0,15.27101837097823,14.821364543880287,12.721701072274117,16.787639300537514,15.067701515674134,16.956685422525098,27.430531189633392,Almaty
8876,2024-11-09,18.0,22.61848759545739,22.402381253764876,21.360691470899553,21.830226254673576,23.34743384876762,24.151705149181332,35.688283005310176,Almaty
8876,2024-11-10,11.208333333333334,20.007206500504495,19.388703712101496,19.454659998816005,20.009920976967695,20.594804247206735,20.587943567430546,36.067013829789765,Almaty
8876,2024-11-11,17.82608695652174,33.548070881758086,32.07417827395356,28.149825487856045,36.64517835939502,33.88412021654151,36.98705207104432,43.07329738311332,Almaty
8876,2024-11-12,34.125,32.29730911711852,28.36782282794504,34.27377918277956,34.54008609688813,32.743358750567765,31.5614987274121,41.90807835074033,Almaty
8876,2024-11-13,37.333333333333336,24.77583778590907,27.12570092920398,22.523834956734532,24.40397020510163,25.491926704146813,24.333756134358392,30.389991422065712,Almaty
8876,2024-11-14,18.083333333333332,24.206795112419073,21.91575837957176,23.308380387337834,24.258415547401857,24.195240080380866,27.35618116740305,42.4539741237701,Almaty
8876,2024-11-15,54.375,57.27915277736012,57.27857034687072,52.12871811401494,55.97078613324287,62.24498251721358,58.7727067754585,33.93807058587222,Almaty
8876,2024-11-16,41.73913043478261,49.932412053933554,51.672435994641155,46.61022948224257,48.42627065299089,52.871364841570276,50.08175929822287,30.56697074215358,Almaty
8876,2024-11-17,14.652173913043478,35.526075107729845,34.22827860927924,32.13128459947893,35.585915160328796,37.20076562395462,38.48413154560764,34.425064142464315,Almaty
8876,2024-11-18,37.3,56.697530251779426,59.59364655780422,49.18821649957899,58.10781422033404,60.85953344888572,55.73844053229418,45.1491231166407,Almaty
8876,2024-11-19,37.083333333333336,73.89587077742468,74.94233487561793,66.25165002394364,72.49654155844686,82.67530780471246,73.11351962440247,41.97943815769272,Almaty
8876,2024-11-20,27.291666666666668,32.57249885617242,34.474777851004916,28.026832785610637,33.92042199309994,35.154242780929145,31.28621887021749,41.853160502693434,Almaty
8876,2024-11-21,24.708333333333332,31.583822527244074,32.45325918785801,29.8202082486944,30.733928079859858,31.81690317623061,33.094813943577506,54.738193987315434,Almaty
8876,2024-11-22,20.956521739130434,17.878600723384476,18.907225180988778,15.816392926295919,18.122972089165252,19.154470202849783,17.391943217622657,29.6335156511524,Almaty
8876,2024-11-23,42.541666666666664,75.25126586025135,66.39659354404763,62.93932543701381,88.27455165025066,86.43854099919623,72.20731767074841,44.4814740694816,Almaty
8876,2024-11-24,53.5,93.54174014799857,86.25945546652235,81.85385738323092,96.87550267149362,102.13158752909015,100.58829768965573,48.41420199057816,Almaty
8876,2024-11-25,42.541666666666664,62.706703654167015,61.55782428555794,52.15830170961486,67.07253617958132,66.7441973431048,66.00065875297618,40.42492164218097,Almaty
8876,2024-11-26,47.125,73.93930055737307,69.57754925543088,62.6930903269466,81.40686268388919,79.99475602884347,76.02424449175521,42.84085931432096,Almaty
8876,2024-11-27,40.125,59.005499187568105,51.92400058844975,51.37818274977915,65.64903839759322,67.10606592215977,58.970208279858625,44.44867541679891,Almaty
8876,2024-11-28,42.458333333333336,55.344419359701476,49.82975018411982,45.87136604326259,61.44201307046186,62.342179505472586,57.23678799519053,39.69781082617978,Almaty
8876,2024-11-29,32.125,66.15964974253113,57.45327535174065,53.74280166273271,80.66814689367453,73.88804477359758,65.04598003091017,60.90634442217529,Almaty
8876,2024-11-30,21.652173913043477,34.13155832284717,34.2556511992701,32.00614798976709,34.60019557388817,34.66747419442423,35.12832265688626,28.975060582904824,Almaty
8876,2024-12-01,16.416666666666668,49.55832499880498,50.51756450046178,51.65169226088639,47.784427120457956,49.613898709235386,48.224042402983365,46.04241566768146,Almaty
8876,2024-12-02,14.583333333333334,43.95761149290428,42.53773221068499,38.496637800410355,42.65499540799648,49.577588364757894,46.52110368067166,38.29500939560753,Almaty
8876,2024-12-03,25.136363636363637,40.28818741104873,39.685029860666916,38.49759951560039,36.57947440695356,43.777831093127055,42.901002178895766,43.37933524483255,Almaty
8876,2024-12-04,28.708333333333332,99.27467457498591,98.22029295074461,97.00190436626137,98.31946339504307,106.01150704790437,96.82020511497609,33.87737780174043,Almaty
8876,2024-12-05,64.125,103.40100419790683,97.58741014969728,103.58003556591933,101.34631797801443,112.20788336720028,102.28337392870286,46.635358251602746,Almaty
8876,2024-12-06,60.0,84.72986908272281,78.15340305845814,78.50756185194189,91.05105231038522,90.86613357686312,85.07119461596568,59.51343907555533,Almaty
8876,2024-12-07,71.625,45.93244382496065,41.66088600333644,46.53416718200783,47.21391145026002,48.87661141823675,45.376643070962174,50.2765220665075,Almaty
8876,2024-12-08,18.833333333333332,48.96414865777693,46.559652648074135,46.731017396647964,45.17347660782407,53.5822455418073,52.7743510945312,41.509346636427516,Almaty
8876,2024-12-09,29.583333333333332,107.68544897985653,98.43346016713805,99.47571198592179,120.61362518380513,118.04916896193174,101.85527860048592,48.963593633867866,Almaty
8876,2024-12-10,47.75,59.378376828068085,55.56857458093916,56.20837133515085,62.26989307257221,58.86167454056374,63.983370611114466,47.13261382165606,Almaty
8876,2024-12-11,63.541666666666664,102.7422469227292,96.67468150951886,90.16874352724363,106.23202268180724,114.99449909917017,105.6412877959061,43.763985778479444,Almaty
8876,2024-12-12,64.33333333333333,97.32969177615351,92.94985293108613,85.734117962205,102.76962017585919,108.13588406839978,97.05898374321748,40.40809421384133,Almaty
8876,2024-12-13,71.08333333333333,112.45874867803664,110.86349089643976,100.14795043750975,110.73530413681551,130.45899520416143,110.08800271525678,42.554819677899694,Almaty
8876,2024-12-14,38.958333333333336,53.159858410939066,49.4586109497491,50.409329966942174,54.380872315255154,55.88313139465197,55.667347428096946,46.71077348121948,Almaty
8876,2024-12-15,17.25,35.037190918496826,34.075372888018656,32.24154261354235,35.1044053581832,38.01115857923477,35.75347515350517,29.52362932888868,Almaty
8876,2024-12-16,17.291666666666668,65.47214575178978,61.35146860318693,57.258210149078,70.29189570619718,74.93158167751659,63.527572622970155,38.92957024391912,Almaty
8876,2024-12-17,47.458333333333336,82.16944842002604,74.19589236435439,70.61612003413207,90.44672173055751,89.57996693864226,86.00854103244406,40.644406516900425,Almaty
8876,2024-12-18,29.458333333333332,52.62725966174386,51.226039845292846,45.84909054168319,51.59558007357172,53.555518828648324,60.91006901952319,43.39924465228855,Almaty
8876,2024-12-19,42.708333333333336,44.13522028374572,43.09090047319634,38.50837849450219,45.64488593246884,47.672213740950156,45.759722777611074,53.95285241776187,Almaty
8876,2024-12-20,11.583333333333334,44.46878414930575,44.1313795960607,38.92051711206278,43.3664282385679,51.15599020258704,44.769605597250305,32.84041617406424,Almaty
8876,2024-12-21,17.958333333333332,55.57869033264031,48.443618976261234,49.8151149562461,60.610976192886405,60.83990222963983,58.183839308167975,47.52190242301062,Almaty
8876,2024-12-22,65.54166666666667,91.2291940183615,83.88833535766481,89.30928119272998,93.50424438563907,100.2313814190575,89.21272773671612,42.27381601311813,Almaty
8876,2024-12-23,105.33333333333333,109.04093037808984,109.1096315508593,95.98983757196191,109.90213834206351,109.66025379643415,120.54279062913027,44.66493442749802,Almaty
8876,2024-12-24,94.41666666666667,119.27800855253,120.12166953167291,110.22810284204637,112.20570855502046,120.93146568700479,132.90309614690543,38.668896983164494,Almaty
8876,2024-12-25,127.33333333333333,112.82132846039549,104.61203569186817,104.65477497986956,104.83448809419305,132.0788425139352,117.92650102211138,39.28031900728606,Almaty
8876,2024-12-26,108.20833333333333,115.51353365491931,110.21259689702366,104.30687701345735,114.92191416680252,124.61556837874981,123.51071181856324,46.00069082188079,Almaty
8876,2024-12-27,41.375,49.40486780615936,49.874393184561484,44.34653514207267,50.83693590912689,50.53548159696054,51.43099319807522,41.33851617553923,Almaty
8876,2024-12-28,67.45833333333333,120.37994472258939,122.431162487937,110.04855769799003,116.18105991630716,122.7890036805939,130.44993983011875,36.63578552619733,Almaty
8876,2024-12-29,78.33333333333333,98.38042758304653,92.62296461902532,88.91167095805997,94.78272935955818,106.05428670634566,109.53048627224345,35.98682197663188,Almaty
8876,2024-12-30,24.875,57.33496973426511,53.8752650830715,49.91659488369417,58.804972328395834,61.151975694163745,62.92604068200032,40.733142646455825,Almaty
8876,2024-12-31,58.25,44.04904352158429,44.57479783262228,40.86495294892361,44.8137154747886,43.02597808684564,46.965773264741294,30.29374041490123,Almaty
Ashgabat,2024-03-13,10.904761904761905,38.059306818772356,39.77433348364919,38.549534087968695,39.01082666747067,37.80154642350217,35.16029343127106,33.68130820272636,Ashgabat
Ashgabat,2024-03-14,13.608695652173912,27.768621438131696,27.13860912647037,27.917115645405097,29.564291316597387,27.90270765231345,26.320383449872175,38.29827634386202,Ashgabat
Ashgabat,2024-03-15,29.130434782608695,35.18955652788743,37.38629748149594,35.523611773869064,34.516504933499874,35.9863396049404,32.53502884563188,35.06694380898107,Ashgabat
Ashgabat,2024-03-16,83.79166666666667,30.124733700992568,31.547238719400944,27.60257325033773,29.533965211938476,32.35884047616434,29.58105084712132,43.11860714504274,Ashgabat
Ashgabat,2024-03-17,80.5,28.05068753586434,29.947043589165098,27.035524862176622,29.6443959504924,27.56561664365704,26.060856633830543,50.85007416719673,Ashgabat
Ashgabat,2024-03-18,44.958333333333336,36.57590819008108,37.47429687294566,38.07783754206578,40.856395112771494,35.263338690810926,31.20767273181155,33.700169559647115,Ashgabat
Ashgabat,2024-03-19,43.291666666666664,32.886826034335414,33.97428459343605,30.99203698533466,35.77993322718232,32.50034743885154,31.18752792687247,36.28567736749783,Ashgabat
Ashgabat,2024-03-20,39.583333333333336,24.303902742370962,24.885946939626795,23.500149338110727,25.762121848979124,23.507541261196582,23.863754323941595,27.667165685396462,Ashgabat
Ashgabat,2024-03-21,29.055555555555557,22.502972840563395,23.905155743034825,23.106459272616515,23.511957972790167,21.53587807004283,20.455413144332624,29.783776571956473,Ashgabat
Ashgabat,2024-03-22,32.041666666666664,22.767084852622354,25.639793928011795,22.41260573099606,22.85915828451582,22.000720065931635,20.923146253656473,31.650762693213714,Ashgabat
Ashgabat,2024-03-23,38.125,27.49023194158268,29.21464661552156,28.1491809250648,27.519401080784338,27.991330814643995,24.576600271898712,33.850218421871254,Ashgabat
Ashgabat,2024-03-24,20.125,28.12583636531998,28.937699714036057,26.63257933655848,30.103427067728934,27.629567357656505,27.325908350619915,33.983645024970706,Ashgabat
Ashgabat,2024-03-25,27.958333333333332,27.98238482742901,26.75065316022597,28.516715117258677,30.834383609985135,27.348406336152667,26.461765913522594,38.448342969654554,Ashgabat
Ashgabat,2024-03-26,10.26086956521739,18.67119181423903,19.4988671407078,17.94648726340103,19.832553133220962,17.420931214119786,18.65712031974558,27.422042652413943,Ashgabat
Ashgabat,2024-03-27,30.708333333333332,20.026137252716342,22.849005050129573,18.886112119600757,20.07960984580836,19.15420520423998,19.161754043803032,29.99232352943732,Ashgabat
Ashgabat,2024-03-28,8.333333333333334,19.590640625409062,21.71983302664461,17.616012886380858,19.19205101390328,19.46251164692368,19.962794553192897,28.9791113486147,Ashgabat
Ashgabat,2024-03-29,9.708333333333334,19.81314891802062,22.200512270694205,18.25891149551641,19.649387886345217,19.420329749934865,19.5366031876124,28.16436974110143,Ashgabat
Ashgabat,2024-03-30,11.75,20.12491939654212,22.119297036936075,18.26869520672506,20.662306379707637,19.871296083733156,19.703002275608675,27.09052961317166,Ashgabat
Ashgabat,2024-03-31,20.916666666666668,29.479693933963624,29.67716009688357,29.565148905614272,30.928441328789926,30.89845429350686,26.329265045023494,35.70554853363756,Ashgabat
Ashgabat,2024-04-01,11.666666666666666,23.86240592897055,23.078240237881147,24.146505847196142,25.740599842268796,21.36629228317331,24.98039143433335,30.267876887346397,Ashgabat
Ashgabat,2024-04-02,15.041666666666666,29.65919413495697,30.32383543117489,28.36229474154486,30.75212503884263,30.503767543335776,28.353947919886714,37.75329894731822,Ashgabat
Ashgabat,2024-04-03,19.875,26.011621327025978,26.13900950369779,25.222292183326708,26.00353699960692,24.568393113041864,28.12487483545662,29.37111466730908,Ashgabat
Ashgabat,2024-04-04,20.916666666666668,21.358731726492138,19.690885744635782,20.387076116011585,22.29839761961516,20.928198402447585,23.489100749750587,28.185569227712044,Ashgabat
Ashgabat,2024-04-05,26.708333333333332,20.775330173961404,21.31506266863351,19.468720306441796,21.589566620066208,21.612509441627754,19.890791833037753,32.98535290933142,Ashgabat
Ashgabat,2024-04-06,24.666666666666668,20.013335430498266,20.31343196332397,19.072684701470052,19.69516347853797,19.964076067271566,21.02132094188778,31.135077420951625,Ashgabat
Ashgabat,2024-04-07,37.958333333333336,20.125590238940127,20.802899492142807,18.453013868305693,22.523704612691727,19.900078825029656,18.948254396530743,32.10499756515201,Ashgabat
Ashgabat,2024-04-08,28.416666666666668,26.393739313491643,24.934232384705993,26.91543265067937,29.42720800376134,25.21884472760126,25.47297880071024,38.12029782305199,Ashgabat
Ashgabat,2024-04-09,25.958333333333332,26.031289972919886,26.14857076366158,23.876486894566785,29.008552957507252,25.895171989119234,25.22766725974459,40.767273794794896,Ashgabat
Ashgabat,2024-04-10,22.875,22.81871743218442,21.578852993586054,21.92469072199828,23.605149433005593,23.78677455241067,23.1981194599215,34.14602002730344,Ashgabat
Ashgabat,2024-04-11,24.291666666666668,29.19843999969375,28.817958996657772,26.961791399216168,31.05838582331299,29.414320983557836,29.73974279572397,53.03774998547379,Ashgabat
Ashgabat,2024-04-12,8.833333333333334,20.686434935516438,23.925879109997243,19.560308084239512,20.189569489008395,19.68981213693007,20.066605857406955,24.25102098494431,Ashgabat
Ashgabat,2024-04-13,11.125,24.82058034887898,24.767269892161007,22.85603863826742,26.282466891709955,25.10084290619446,25.096283416062057,35.506890554681654,Ashgabat
Ashgabat,2024-04-14,9.708333333333334,23.77102416517443,22.94878985425946,25.076193859239122,23.851337878723108,23.78972247233319,23.189076761317274,30.593588789240407,Ashgabat
Ashgabat,2024-04-15,8.458333333333334,18.430515096620404,16.890174527487055,17.887426079735096,20.248439060149376,17.782169538745386,19.344366276985106,32.430196099919435,Ashgabat
Ashgabat,2024-04-16,10.541666666666666,20.628472172330703,22.693851925609078,19.592145593863346,21.19604307290498,19.84457525389518,19.815745015380948,27.74035780442869,Ashgabat
Ashgabat,2024-04-17,16.791666666666668,16.804073207489925,15.640619979554476,17.93272627937742,17.613554026730903,15.763214164015462,17.07025158777137,27.336685153567082,Ashgabat
Ashgabat,2024-04-18,13.833333333333334,13.5071187112916,13.953971302509279,13.563058660382856,13.487281221787903,13.023471293832966,13.507811077944986,26.26286301125031,Ashgabat
Ashgabat,2024-04-19,49.125,22.598021627572916,22.117894561602856,21.510610443029258,23.782609917421365,21.119631646079505,24.459361569731577,27.936979634357435,Ashgabat
Ashgabat,2024-04-20,19.0,20.349040995682152,20.680929391592116,21.271110004925326,19.69605468038201,19.165396330581444,20.931714570929863,27.263374018626614,Ashgabat
Ashgabat,2024-04-21,23.583333333333332,20.418067865235138,19.09926350916654,20.903036124484835,20.964821372708492,20.016744583190302,21.106473736625514,32.074654725799796,Ashgabat
Ashgabat,2024-04-22,21.583333333333332,19.749728140277885,19.50396057577505,17.919842212542278,21.24346026690455,20.087947087210686,19.993430558956856,33.02169272937345,Ashgabat
Ashgabat,2024-04-23,30.833333333333332,18.14495484894953,16.65378680255271,17.348585552608025,19.89877081619968,18.84609400901143,17.977537064375824,41.07038599679964,Ashgabat
Ashgabat,2024-04-24,18.083333333333332,16.88815699535313,15.86233373295616,14.910125811356936,16.089858835785012,18.732255323311374,18.846211273356158,32.98760266526852,Ashgabat
Ashgabat,2024-04-25,13.916666666666666,19.01411801399618,17.92104691066754,18.53384923430463,18.395290049679694,20.85394574748345,19.36645812784558,35.38875394307734,Ashgabat
Ashgabat,2024-04-26,13.666666666666666,18.218412206776993,19.53180522122493,18.325362206468107,17.067372144109143,16.291524337417865,19.875997124664917,30.099273533845512,Ashgabat
Ashgabat,2024-04-27,13.833333333333334,18.519274839963778,19.51605964592834,19.37098510433621,17.4523847738429,16.99382196383719,19.263122711874264,29.967944364084182,Ashgabat
Ashgabat,2024-04-28,18.583333333333332,16.828769992603473,17.53126158898385,16.41968232836281,16.980714462623443,15.201735871027815,18.010455712019432,27.954137909158412,Ashgabat
Ashgabat,2024-04-29,10.541666666666666,19.04121902518145,18.481918070409314,19.92698564536013,17.978309354359858,17.02072985045081,21.798152205327145,26.953803871332234,Ashgabat
Ashgabat,2024-04-30,18.958333333333332,19.163681391818912,19.48622721998813,20.607184895546762,18.56701691737834,16.705220584557743,20.452757341623585,29.032831932151844,Ashgabat
Ashgabat,2024-05-01,21.291666666666668,17.446026834001124,17.966351343697053,16.150653860200812,16.77367357995256,16.926193736268548,19.413261649886657,26.585814232571288,Ashgabat
Ashgabat,2024-05-02,22.958333333333332,16.911683333073995,16.97158482228736,15.029681897282298,17.993307814739318,16.518655359729717,18.045186771331288,36.496493620841015,Ashgabat
Ashgabat,2024-05-03,25.80952380952381,20.67027038654823,21.548476463968882,18.952449657104268,19.950298609448023,21.09440641316082,21.80572078905915,32.87731843907277,Ashgabat
Ashgabat,2024-05-04,22.0,28.717183980496742,29.99431363602432,26.359786512733788,29.52538479111791,28.335713619325638,29.37072134328204,44.87896966746103,Ashgabat
Ashgabat,2024-05-05,12.708333333333334,22.317213504990427,21.571251281596492,22.388652359598833,23.73989841855271,20.878429997333583,23.007835467870528,31.871867605370703,Ashgabat
Ashgabat,2024-05-06,13.208333333333334,26.69790973275667,24.64640348367972,26.3653053312428,26.97789371590073,27.945487604092275,27.554458528867823,46.42095043275713,Ashgabat
Ashgabat,2024-05-07,21.625,22.760652885684188,22.17528926125269,21.116415217947846,23.548069558505993,22.184210206721673,24.779280183992757,45.40109778597962,Ashgabat
Ashgabat,2024-05-08,13.375,21.93563242377594,21.95861388916955,20.831512643847752,23.45161183920793,20.792431840059514,22.643991906594955,40.42222891323927,Ashgabat
Ashgabat,2024-05-09,14.416666666666666,26.87372243716885,26.209808976754772,25.93720646805523,26.356975497597304,29.28054941069099,26.584071832745963,38.6404879362588,Ashgabat
Ashgabat,2024-05-10,11.916666666666666,21.959621361047724,23.186820844124814,20.037059937446244,22.58459399597434,22.942254089873007,21.04737793782022,32.98602792493039,Ashgabat
Ashgabat,2024-05-11,10.875,15.233116565613566,14.506651327207772,14.695431491880077,15.118023583010405,14.908175447485027,16.93730097848454,29.642644576976913,Ashgabat
Ashgabat,2024-05-12,20.583333333333332,17.205291206092305,17.469855764217822,15.857879029459792,17.9733339161099,16.311331069650013,18.414056251024014,25.513440487212442,Ashgabat
Ashgabat,2024-05-13,60.75,23.323031977662588,23.72252582124551,20.689654501341188,23.26024437958428,24.211924991767305,24.730810194374644,61.01397588745822,Ashgabat
Ashgabat,2024-05-14,39.75,23.764350020511905,22.744680251356243,21.33941391277988,26.27433170447482,24.37542828881932,24.08789594512926,54.26838158210085,Ashgabat
Ashgabat,2024-05-15,14.791666666666666,25.568975519743837,24.430755600128325,23.70078686317296,29.20446179665113,24.507102064083966,26.001771274682795,44.643513568398525,Ashgabat
Ashgabat,2024-05-16,13.625,26.454893676164193,24.435655483795074,24.554236945086114,28.941430435163298,25.21286201216353,29.13028350461296,40.947797834955786,Ashgabat
Ashgabat,2024-05-17,13.5,20.091125190173706,21.327869453424317,19.613041543352555,21.492574586314195,18.84566923941388,19.176471128363584,33.825718020163826,Ashgabat
Ashgabat,2024-05-18,12.25,19.661786511995963,19.49585576668805,18.990184094096573,20.58507370269287,18.25811386907047,20.979705127431853,30.66874911165069,Ashgabat
Ashgabat,2024-05-19,10.083333333333334,21.602174940408712,20.689886526906022,20.549538948586974,21.985869527783514,23.112181762758947,21.673397936008122,30.541051259358305,Ashgabat
Ashgabat,2024-05-20,21.0,22.499007200117866,22.024270217053115,21.852971951166367,24.004760979023338,20.536880319934177,24.07615253341235,29.949988949151525,Ashgabat
Ashgabat,2024-05-21,30.043478260869566,23.64075345993686,24.374575237935513,23.72344128321783,24.946986805910345,22.896591486163548,22.26217248645707,36.025328291866394,Ashgabat
Ashgabat,2024-05-22,14.791666666666666,22.18029405599895,23.948429095768528,19.732368483154005,22.88979219821315,22.04747156607028,22.283408936788796,38.29813068260119,Ashgabat
Ashgabat,2024-05-23,17.333333333333332,31.002683498597168,31.658311178169647,30.89859410872304,31.471713177441707,29.831557688776293,31.153241339875173,44.48507319646506,Ashgabat
Ashgabat,2024-05-24,9.583333333333334,21.996183563921743,21.51500258490232,21.369804716329764,22.01078605533265,22.960430261434013,22.12489420160997,40.68187188702705,Ashgabat
Ashgabat,2024-05-25,9.208333333333334,15.719560193412326,15.989240243839866,16.3951372567623,15.682487789755367,14.225844903806204,16.305090772897877,30.557192125779515,Ashgabat
Ashgabat,2024-05-26,31.25,14.840135539103922,14.247536019761155,14.863371435869102,14.246894700067317,15.172714409827709,15.670161129994337,28.64457583821018,Ashgabat
Ashgabat,2024-05-27,19.791666666666668,17.005371650917635,16.57828370813349,17.999510690770155,15.648082539485966,17.37501806697684,17.425963249221716,33.28009847062258,Ashgabat
Ashgabat,2024-05-28,49.333333333333336,19.244707479732845,19.391796999023434,20.032126832955868,18.932278135271186,18.043936165763103,19.823399265650654,31.071962574269314,Ashgabat
Ashgabat,2024-05-29,29.416666666666668,21.609199591569396,21.561199325900787,22.096159872661854,22.9364659913903,19.5179491707023,21.934223597191732,27.836273524239736,Ashgabat
Ashgabat,2024-05-30,12.5,14.769551828851258,14.616720170207914,13.629837891316154,15.246301586417047,13.807499522538686,16.54739997377648,25.549389064660595,Ashgabat
Ashgabat,2024-05-31,14.625,15.780253256204862,16.338699262550346,15.198717915052079,15.018575334287462,14.966762459251624,17.37851130988279,26.11313322712345,Ashgabat
Ashgabat,2024-06-01,15.083333333333334,22.77825781035775,21.926110264762077,22.16486195848412,22.08242981331495,21.193373333978656,26.524513681248955,27.621101199837135,Ashgabat
Ashgabat,2024-06-02,28.916666666666668,24.04396322728179,22.654234807863,23.09742096397723,25.771347205728727,23.54694491232885,25.149868246511154,32.173227431353375,Ashgabat
Ashgabat,2024-06-03,40.25,24.157060244381178,22.850600017488294,23.52818069873021,25.386215326679814,24.195107423912653,24.8251977550949,38.0587932438446,Ashgabat
Ashgabat,2024-06-04,28.041666666666668,21.1356106331204,19.766223784915674,20.270071377948643,22.032481864873002,20.509878534884386,23.099397602980275,35.042031292486904,Ashgabat
Ashgabat,2024-06-05,18.5,22.58903067532297,22.10991549620511,23.106654144601286,22.936642532458027,21.00470326828949,23.787237935060947,26.48445708767195,Ashgabat
Ashgabat,2024-06-06,8.958333333333334,17.37838139235485,17.051013544785125,17.475109900163137,17.195407394407397,15.609548846196532,19.560827276222053,26.98259950387733,Ashgabat
Ashgabat,2024-06-07,9.541666666666666,21.642312048043113,23.61463727086681,20.241564118614953,20.404400643433657,18.45607850595994,25.494879701340196,24.920604262656916,Ashgabat
Ashgabat,2024-06-08,12.416666666666666,32.267649248919945,31.12492978116333,28.34167887226198,29.217961238750704,33.19663659455908,39.457039757864635,25.161094334957674,Ashgabat
Ashgabat,2024-06-14,21.695652173913043,23.033723999646256,21.689944499142406,23.789016358436324,22.885114843877783,21.364086898037915,25.440457398736857,29.570760744756903,Ashgabat
Ashgabat,2024-06-15,26.625,22.759626591176616,20.87986288628118,23.299080927782555,22.066715521063074,22.50681966208435,25.04565395867191,28.72783368327287,Ashgabat
Ashgabat,2024-06-16,11.0,18.836610881176416,18.82102363135202,18.512880382807545,19.751055038746436,17.02988390826105,20.06821144471501,29.178874221524715,Ashgabat
Ashgabat,2024-06-17,10.75,20.383276228011397,20.182867672120874,21.604176423242347,21.21260237964043,17.96184577579799,20.954888889255344,29.336230571696937,Ashgabat
Ashgabat,2024-06-18,10.375,22.94091839767491,26.169669992337557,21.842616086722444,22.164277009957114,19.324505203288567,25.203523696068864,26.596636242526124,Ashgabat
Ashgabat,2024-06-19,18.416666666666668,23.856996851991948,22.48506957431256,23.509678887440558,25.50908105045046,25.04048375233918,22.740670995416984,34.76004707872999,Ashgabat
Ashgabat,2024-06-20,27.375,25.784016555036107,25.87109952501697,26.162417693201302,24.555512654590054,26.414616583660525,25.916436318711664,33.914816526514464,Ashgabat
Ashgabat,2024-06-21,14.333333333333334,23.451888786509294,22.30094600561425,24.87139220473375,24.513887393608567,22.727684324491264,22.845534004098624,28.761103958696417,Ashgabat
Ashgabat,2024-06-22,21.833333333333332,25.52746802352972,23.637405404057574,27.988141064684616,25.889030342714936,24.582237091239357,25.54052621495212,30.342258277282603,Ashgabat
Ashgabat,2024-06-23,39.625,30.472494597661278,29.67670416154062,29.636700692139645,33.09124478587584,29.55862150571374,30.399201843036547,46.01511684380039,Ashgabat
Ashgabat,2024-06-24,13.666666666666666,27.511144259659677,28.479454823068284,27.373021412812612,29.20094857364616,26.377270866598554,26.12502562217278,32.901658080486236,Ashgabat
Ashgabat,2024-06-25,16.166666666666668,25.72828805340156,24.468095476735574,25.135051200963748,28.95357046931229,26.087964536166094,23.99675858383009,27.316203759208797,Ashgabat
Ashgabat,2024-06-26,17.166666666666668,20.614623494115705,19.01451543437884,19.570333623105302,22.330998230111643,20.604995041030897,21.552275141951835,26.780835120898523,Ashgabat
Ashgabat,2024-06-27,34.625,27.456871222300283,29.74624929677269,26.297735346182137,27.510220693775622,26.383729123387667,27.346421651383288,37.861424011775675,Ashgabat
Ashgabat,2024-06-28,17.0,24.963005989848774,24.645161268776786,23.465710844616304,25.206945990311013,26.418102827585894,25.07910901795386,29.596437982870434,Ashgabat
Ashgabat,2024-06-29,15.083333333333334,23.949911768548287,25.039333655360977,23.292414066041047,23.61326655400838,23.646615604870068,24.15792896246098,35.75258912728014,Ashgabat
Ashgabat,2024-06-30,11.333333333333334,22.963662285103343,22.72313290262513,22.573826047301473,23.65160001013087,22.557716754777008,23.31203571068222,32.44670378402798,Ashgabat
Ashgabat,2024-07-01,11.708333333333334,18.340542568092072,19.194684413174087,18.00808880332792,18.305178869316077,18.460559410827035,17.73420134381524,33.09013931110922,Ashgabat
Ashgabat,2024-07-02,14.375,23.843649113265155,26.126969824805162,24.38419519193155,22.833333661121124,22.648209499613518,23.22553738885442,28.439454140804905,Ashgabat
Ashgabat,2024-07-03,17.375,20.48741857232683,21.59458231690167,20.47564768506878,18.72190743636963,20.556207010219804,21.08874841307427,27.51185747466007,Ashgabat
Ashgabat,2024-07-04,13.5,24.61317259669098,25.093723381660297,25.00367467774728,24.75895578766217,21.713358035688366,26.49615110069678,29.38378675291215,Ashgabat
Ashgabat,2024-07-05,15.75,22.693130119010128,21.764005935950895,22.911176106009716,22.222570047528706,22.7314161977668,23.83648230779452,28.777672483026713,Ashgabat
Ashgabat,2024-07-06,12.5,19.422146439777418,19.718301169793627,18.617152585947668,19.07237524070179,18.866828509092766,20.836074693351236,28.32022551383357,Ashgabat
Ashgabat,2024-07-07,8.25,18.56696470384167,18.833375638441094,19.217482598840554,18.767390573596245,16.935678149906355,19.080896558424108,27.2029099404379,Ashgabat
Ashgabat,2024-07-08,44.125,22.105889683220415,23.006201198634205,21.81944150149902,21.022231916909984,21.949485163856718,22.732088635202135,31.34967909071957,Ashgabat
Ashgabat,2024-07-09,22.041666666666668,20.84514067243892,20.682983899430514,23.84828742970809,19.074592777432592,20.155537764672914,20.464301490950476,28.890566177419537,Ashgabat
Ashgabat,2024-07-10,16.916666666666668,23.356270722305673,23.013301511220252,24.431966423242283,24.20514821652393,20.623176991937115,24.507760468604772,28.09157597009044,Ashgabat
Ashgabat,2024-07-11,17.625,18.40742548179409,19.5101263114782,18.103798372350024,18.04533573048765,17.587417680076374,18.7904493145782,27.55251695044631,Ashgabat
Ashgabat,2024-07-12,25.0,27.013435076154718,27.05382595928611,26.812163224751554,26.716510898668627,27.07761058085332,27.407064717213984,38.58688281591622,Ashgabat
Ashgabat,2024-07-13,81.58333333333333,21.51867724778268,21.712086205411943,22.50081897495831,20.578681298705995,20.576200200112357,22.225599559724795,26.002107816036464,Ashgabat
Ashgabat,2024-07-14,32.708333333333336,22.241426224878847,20.861733395114797,24.676051474563337,22.940598043441643,20.61706590857301,22.11168230270146,28.358089003954596,Ashgabat
Ashgabat,2024-07-15,27.541666666666668,22.7163445332993,22.50558465876889,22.447160721810217,22.565328773668522,22.067916560197723,23.99573195205113,27.67626285286024,Ashgabat
Ashgabat,2024-07-16,16.25,23.50146669852864,25.662580646980153,22.594861887093124,22.19763341998044,22.14434616914526,24.907911369444232,28.66530858706124,Ashgabat
Ashgabat,2024-07-17,14.708333333333334,21.838617624910576,21.566737000879165,22.967938371124056,22.02873464171392,20.409894603268494,22.21978350756722,33.76842784755791,Ashgabat
Ashgabat,2024-07-18,35.833333333333336,31.55055907138643,31.65556128886886,28.577329930870373,33.37320330320361,31.36416937793649,32.782531456052816,35.192904384284525,Ashgabat
Ashgabat,2024-07-19,16.208333333333332,18.154128546365804,18.01594085622766,17.85575118601932,18.85259271349126,16.98105651321329,19.06530146287748,30.658522625326263,Ashgabat
Ashgabat,2024-07-20,18.916666666666668,29.002886996788902,29.459156272444787,26.139587505356438,28.50560789074813,28.128081787457845,32.78200152793731,28.2286187916257,Ashgabat
Ashgabat,2024-07-21,16.958333333333332,15.384971611529863,16.598757797614745,14.235843587462202,15.131055780123319,15.147859053078285,15.811341839370762,28.134233403231796,Ashgabat
Ashgabat,2024-07-22,32.125,29.393933896747193,27.83936081061099,28.849981035186804,32.08205734556588,29.731526843509673,28.46674344886263,37.8640672307527,Ashgabat
Ashgabat,2024-07-23,52.583333333333336,29.776491606011955,28.653447513094914,28.430473257730263,32.650562994941964,29.08175723612576,30.066217028166886,42.06994021397332,Ashgabat
Ashgabat,2024-07-24,29.916666666666668,24.767840944606995,22.51548718838509,24.756815362473887,26.175286258222275,25.410075394615664,24.981540519338054,32.02814348649536,Ashgabat
Ashgabat,2024-07-25,18.291666666666668,24.54453306721735,23.797298773401693,23.27790315299825,24.507076310901386,24.169509137723132,26.970877961062293,36.49425718758021,Ashgabat
Ashgabat,2024-07-26,44.833333333333336,24.00909635517521,24.021087916789654,22.370902870075575,25.464451321507177,24.352960373723768,23.83607929377987,34.827742261522694,Ashgabat
Ashgabat,2024-07-27,32.375,30.598626599032578,28.62987436255742,29.602856812032858,32.35328023308133,29.1905942595242,33.21652732796707,42.83230638416608,Ashgabat
Ashgabat,2024-07-28,59.291666666666664,34.305135968656586,33.547312260502146,32.11876891493674,34.58445471875004,35.7137682994263,35.56137564966773,44.375056311973644,Ashgabat
Ashgabat,2024-07-29,98.29166666666667,35.04806473831345,36.640759011452545,32.883836949415944,36.43229948577047,32.98073529458763,36.302692950340656,56.048752987958146,Ashgabat
Ashgabat,2024-07-30,33.583333333333336,49.99743513969253,50.52049020506438,45.19392478749362,52.216137410709486,52.58682529804821,49.469797997146934,41.33495836081675,Ashgabat
Ashgabat,2024-07-31,19.125,26.58637555817136,25.421145231418095,26.073635834759386,27.802760260232237,26.898543339159993,26.73579312528709,31.304248764551907,Ashgabat
Ashgabat,2024-08-01,25.416666666666668,38.434929199631135,39.46395514915443,37.09400871924335,40.93753802395981,37.694168016362006,36.98497608943608,37.97757820914722,Ashgabat
Ashgabat,2024-08-02,30.333333333333332,19.11879495946109,19.22993913019237,18.18067930065415,20.06136683934229,18.630891303887772,19.491098223228864,31.140664951389958,Ashgabat
Ashgabat,2024-08-03,33.75,17.99788351495469,17.77723446059748,17.16553711974159,18.686912430656193,17.92473504348088,18.434998520297306,27.671934759421042,Ashgabat
Ashgabat,2024-08-04,23.916666666666668,18.23098409737403,19.70790186593493,17.72736309522119,17.779493658053973,17.72132413551184,18.218837732148213,26.151819170461117,Ashgabat
Ashgabat,2024-08-05,23.333333333333332,23.68049156375377,22.161572916403134,22.387446471871865,24.30219405116345,23.210244614098553,26.34099976523183,27.265262730036106,Ashgabat
Ashgabat,2024-08-06,21.5,18.69445959645702,17.887306963736563,18.327504282963098,19.698089084946872,17.676488811420935,19.882908839217635,28.370616760564467,Ashgabat
Ashgabat,2024-08-07,19.75,14.946156592330562,14.890080991028539,14.287308456565457,15.19572599517512,14.612560795741016,15.74510672314267,26.816431091514055,Ashgabat
Ashgabat,2024-08-08,33.833333333333336,30.13173869262335,30.005687426238786,26.773122120206516,30.494110742734744,32.0736789056752,31.312094268261482,42.01907601223393,Ashgabat
Ashgabat,2024-08-09,30.916666666666668,35.54239332603332,36.141826600087484,30.79205647138511,34.809270622956525,36.38101188829311,39.58780104744437,56.76200289154149,Ashgabat
Ashgabat,2024-08-10,17.666666666666668,20.802851265293647,19.143602735392232,19.034254865597838,21.47715784311319,23.58638511036307,20.77285577200191,32.16891088423363,Ashgabat
Ashgabat,2024-08-15,41.291666666666664,35.45299845455854,36.47593054122672,34.196112148033954,36.51854517504117,36.393665735974814,33.68073867251604,40.828170859963215,Ashgabat
Ashgabat,2024-08-16,58.375,26.202410895986226,25.52039273808689,24.475362473945673,27.086758442296592,26.352205896495946,27.577334929106033,29.79127590644321,Ashgabat
Ashgabat,2024-08-17,189.47826086956522,35.72479529233809,33.71504610648353,35.983341467611524,36.395951317921075,38.02988447633436,34.49975309333994,34.84092815834156,Ashgabat
Ashgabat,2024-08-18,21.75,19.04929346907047,19.95362520884755,18.291393631321487,19.81159498867474,18.674974200118115,18.51487931639047,30.01705752206913,Ashgabat
Ashgabat,2024-08-19,15.875,26.833042477260864,26.706242080671707,26.52611044293979,29.13803199439923,25.196474768019783,26.5983531002738,34.2607771200208,Ashgabat
Ashgabat,2024-08-20,11.041666666666666,15.145243078951381,15.787993787832171,14.281755558248491,15.035094027904456,16.003241160170223,14.618130860601575,25.969334698483344,Ashgabat
Ashgabat,2024-08-21,10.041666666666666,17.580265868078232,17.593744033567543,16.049946672745886,16.913951269979187,17.547969090596226,19.79571827350232,27.36497718894821,Ashgabat
Ashgabat,2024-08-22,12.75,18.222732859302322,18.058704771591582,17.23109996458333,19.252223601017082,17.29410786095736,19.27752809836227,27.61175090152374,Ashgabat
Ashgabat,2024-08-23,16.5,15.593456481994332,16.673022682186893,15.425702017135585,15.147656495714518,14.573642515571926,16.147258699362744,28.60663063567454,Ashgabat
Ashgabat,2024-08-24,15.416666666666666,15.439883110998235,15.816102108240486,15.403887888661501,15.856731690955439,14.42123379379556,15.70146007333819,27.24982441274488,Ashgabat
Ashgabat,2024-08-25,17.75,18.13237809398401,17.352405799020733,18.419691009995084,18.09708293759471,17.684885205677038,19.10782551763249,28.516969912384234,Ashgabat
Ashgabat,2024-08-26,22.083333333333332,21.808904358482188,21.938347952815068,20.532709074982204,22.474049293605667,20.518375523446707,23.5810399475613,28.81384976641794,Ashgabat
Ashgabat,2024-08-27,23.25,21.402127879437096,21.857885568118558,20.333489961551663,22.092675702613512,21.77590326683899,20.950684898062743,31.201332866525995,Ashgabat
Ashgabat,2024-08-28,18.666666666666668,16.171391672181695,16.455062488957942,15.376433461570386,17.121131108567393,15.1902521752952,16.71407912651756,29.67855363048539,Ashgabat
Ashgabat,2024-09-10,15.25,14.53760398606261,15.129246202255082,13.284082010383736,15.68553170665189,13.50099290778903,15.088167103233317,27.652525396415335,Ashgabat
Ashgabat,2024-09-11,16.291666666666668,15.886779407424555,15.766297013194205,16.214452487236386,17.66420872634607,14.365795236366715,15.423143573979402,28.919236576807457,Ashgabat
Ashgabat,2024-09-12,16.583333333333332,14.86866155290989,15.05178885931987,14.846809602949644,15.512642426919534,14.377067936701847,14.55499893865855,29.720825594192597,Ashgabat
Ashgabat,2024-09-13,14.583333333333334,15.049244937984522,15.45349581959955,15.463968574194372,15.39209026188685,14.776128285047895,14.160541749193943,28.960439173697345,Ashgabat
Ashgabat,2024-09-14,16.166666666666668,16.917849245142342,15.822681437648534,16.610668728623132,18.262429949718605,16.688078456134786,17.205387653586662,28.30585656335966,Ashgabat
Ashgabat,2024-09-15,26.458333333333332,24.358266503354926,24.485175175270264,21.237093723797457,25.785042726840107,25.00306467736237,25.280956213504425,33.81717285558789,Ashgabat
Ashgabat,2024-09-16,29.291666666666668,22.39060393618841,21.75834520640603,21.694698356529507,22.841645893074556,22.762348364191396,22.895981860740555,33.978554874447404,Ashgabat
Ashgabat,2024-09-17,18.25,28.201110129125947,27.14439562659858,28.55901063572823,29.1446881842237,28.380181383758014,27.777274815321235,36.496878202096745,Ashgabat
Ashgabat,2024-09-18,14.791666666666666,28.575561618474165,28.08199272796149,28.532344631424067,27.613146118055777,29.487193384835084,29.1631312300944,33.75512559936606,Ashgabat
Ashgabat,2024-09-19,59.916666666666664,30.730001768261083,30.331746509976355,30.03535632429095,29.783495761156843,32.062204826363185,31.437205419518065,37.88311155242791,Ashgabat
Ashgabat,2024-09-20,70.625,15.464532530964064,15.73285551277343,15.76902117244212,17.07768316096457,14.100653533907021,14.642449274733181,29.83218185174092,Ashgabat
Ashgabat,2024-09-21,37.791666666666664,22.722757183129808,20.874674085264942,22.276524666956533,24.58562674796352,21.763304466301857,24.113655949162172,30.766496699452368,Ashgabat
Ashgabat,2024-09-22,21.75,13.436997293250053,13.197356651819534,13.19450776529293,14.918098874626596,12.09695069844725,13.778072476063953,28.399923095700892,Ashgabat
Ashgabat,2024-09-23,80.08333333333333,18.317095327614602,19.710862129617027,19.047509587716267,18.50498391071395,16.741122883925282,17.58099812610049,29.734346778364902,Ashgabat
Ashgabat,2024-09-24,72.54166666666667,47.623526727674324,50.94001443161031,42.06974565579384,49.78702894816183,45.122194427090946,50.1986501757147,31.285474449116286,Ashgabat
Ashgabat,2024-09-25,62.333333333333336,34.81252710458816,33.02944469030269,31.571375213295177,41.03277853790986,36.50880997073822,31.920227110694874,40.72339600450487,Ashgabat
Ashgabat,2024-09-26,43.0,34.14470111279935,33.33878770330815,33.74974199301137,36.48111594020147,35.591007933591875,31.562851993883925,32.54225490659774,Ashgabat
Ashgabat,2024-09-27,19.625,12.600668344149081,12.780164083020319,11.70674241019233,12.297878504078573,13.372576212559363,12.845980510894814,26.995526496686857,Ashgabat
Ashgabat,2024-09-28,22.791666666666668,20.379292099745797,19.83860005796362,19.119360374066133,22.95664278706145,20.09041210542989,19.891445174207885,27.037290866427206,Ashgabat
Ashgabat,2024-09-29,41.875,20.707008347212746,22.026726171626063,18.3557474837296,23.110578323667017,20.112186747436855,19.929803009604207,27.653772843005804,Ashgabat
Ashgabat,2024-09-30,24.5,17.620615921282926,19.221182857714403,16.588700650039513,15.886753287523856,17.89769223338305,18.50875057775381,30.42766018505045,Ashgabat
Ashgabat,2024-10-01,26.583333333333332,21.74672677182114,23.920080747532243,21.275599810496058,20.58358679604871,21.612055255698518,21.342311249330184,31.77134712454272,Ashgabat
Ashgabat,2024-10-02,34.041666666666664,23.486885437309603,23.056849401863506,23.154468606498344,23.04820882284111,24.77637871014097,23.398521645204074,33.633739142924064,Ashgabat
Ashgabat,2024-10-03,37.458333333333336,28.1743028539798,27.046485861935317,27.479665896280334,28.733078710312665,28.0598069401438,29.55247686122688,42.394207049578476,Ashgabat
Ashgabat,2024-10-04,53.5,28.05168112055106,26.386737347425136,27.465919403185676,29.558715603811958,28.35260815515934,28.494425093173177,52.308852154492165,Ashgabat
Ashgabat,2024-10-05,39.875,30.60654284631419,31.734871690087857,28.44947500870615,29.159187717318982,33.17084562365427,30.51833419180371,45.64224888506924,Ashgabat
Ashgabat,2024-10-06,46.166666666666664,20.238451098102722,22.060737363698156,18.99726380243448,19.790236648308383,20.93237393666778,19.411643739404806,30.503046104779337,Ashgabat
Ashgabat,2024-10-07,39.291666666666664,17.248109744441088,19.418965892470933,16.53632327055732,17.53620669313696,16.624483772924567,16.124569093115646,28.59813964998221,Ashgabat
Ashgabat,2024-10-08,51.75,19.738277609746223,19.802462308997253,19.50640921070524,20.993155960124774,17.739922691700855,20.64943787720299,30.203899619418557,Ashgabat
Ashgabat,2024-10-09,77.375,28.421283431341585,26.36744580737717,29.324970969848273,28.16422241714932,30.28124777112842,27.968530191204724,35.25384674655225,Ashgabat
Ashgabat,2024-10-10,50.041666666666664,17.654633797144676,17.690554566226012,17.102147592010983,18.763957539555904,16.20670827368818,18.5098010142423,28.06183309526073,Ashgabat
Ashgabat,2024-10-11,29.708333333333332,26.56505878674647,26.405830804723276,25.884289333739233,24.725398433887428,28.003023803414838,27.80675155796757,35.64497742994927,Ashgabat
Ashgabat,2024-10-12,25.666666666666668,31.049690398481733,28.890972705446135,29.027874576208912,31.563547536608368,33.25452882673217,32.51152834741308,34.662294161857794,Ashgabat
Ashgabat,2024-10-13,18.791666666666668,28.49529677282616,27.038128803677782,30.20936534724698,27.500800603726656,29.728559075129773,27.999630034349604,36.351333292638905,Ashgabat
Ashgabat,2024-10-14,15.333333333333334,24.60971990148922,22.404624614896335,24.9059109586151,23.752218541607483,26.086892074616415,25.898953317710774,30.9144396906434,Ashgabat
Ashgabat,2024-10-15,13.583333333333334,30.9692467525963,27.15900305778631,31.414460409274454,29.493107305501027,36.24732690807526,30.532336082344475,35.941358127711105,Ashgabat
Ashgabat,2024-10-16,14.458333333333334,27.969842086599527,26.419245390394014,30.59773613921456,28.856395633731488,26.91923067258792,27.056602597069674,31.394348247981547,Ashgabat
Ashgabat,2024-10-17,34.041666666666664,24.610249565955975,24.63957750202873,25.244824111009365,23.673627142621125,26.92914234488284,22.564076729237815,32.856433811711945,Ashgabat
Ashgabat,2024-10-18,51.541666666666664,21.9573397808364,22.185339036123388,21.652077299858664,22.71990532732512,21.738228489590533,21.491148751284282,30.68427269407021,Ashgabat
Ashgabat,2024-10-19,37.708333333333336,32.44345701881915,34.59950156223181,30.692915444852215,32.23978160480141,31.90301381312431,32.78207266908599,47.15622893750588,Ashgabat
Ashgabat,2024-10-20,29.875,40.67103858045119,39.672281091996034,39.60066832420533,41.960448958812016,41.92531453723626,40.19647999000631,41.57498857874071,Ashgabat
Ashgabat,2024-10-21,16.791666666666668,35.14938334634854,35.2373791711887,34.618869272083714,38.833570378519795,36.19221581638554,30.86488209356496,36.1478196422625,Ashgabat
Ashgabat,2024-10-22,10.0,32.89981405693965,31.806924477102534,34.02439005199538,34.268053721862465,35.00541953189322,29.39428250184467,32.89918272723053,Ashgabat
Ashgabat,2024-10-23,10.708333333333334,26.971052019944597,27.05339039054634,28.475426329378077,24.854954457048603,28.313259331547666,26.15822959120229,31.482645617397615,Ashgabat
Ashgabat,2024-10-24,21.875,32.8391764683529,31.872910837775123,32.5930942389156,33.13432456067596,35.34803299530226,31.247519709095563,33.66844027378175,Ashgabat
Ashgabat,2024-10-25,24.0,20.899804130558156,21.758300295295385,20.947024265242224,20.31756067064409,20.939282519285786,20.536852902323293,25.98166483539483,Ashgabat
Ashgabat,2024-10-26,15.791666666666666,14.00405206699572,13.143709650484592,13.860424148689145,13.44621943832311,13.911921573616379,15.657985523865374,29.09130649068043,Ashgabat
Ashgabat,2024-10-27,9.083333333333334,29.829182385042873,29.47602621328711,30.10357960369201,31.7680283638991,27.812963956731327,29.98531378760482,27.795043393818837,Ashgabat
Ashgabat,2024-10-28,8.416666666666666,17.283054810652494,16.99426572424406,16.3134493031606,17.78910151205922,16.85483348981555,18.46362402398306,29.46503065340817,Ashgabat
Ashgabat,2024-10-29,17.5,33.80036501449094,33.815026911163386,34.11621555052421,33.06423995201968,32.88573272263066,35.12060993611679,32.32812308321382,Ashgabat
Ashgabat,2024-10-30,27.291666666666668,41.151851593865025,41.80520838136595,41.41681235412819,44.10387565156593,39.909287069735434,38.524074512529616,36.985994505111925,Ashgabat
Ashgabat,2024-10-31,35.375,50.78492027674771,53.08176766523567,53.355160177011655,52.165566460390686,49.018701204970064,46.3034058761305,31.720575293358984,Ashgabat
Ashgabat,2024-11-01,40.875,49.506316702275036,52.764995679057655,49.653736840231815,49.30095016957914,48.87883474630308,46.933066076203474,40.27577006818756,Ashgabat
Ashgabat,2024-11-02,34.125,44.705870406255464,41.041132883749356,43.615122172985565,47.654257033952206,42.927964866552806,48.29087507403739,29.656893179274952,Ashgabat
Ashgabat,2024-11-03,31.0,54.70001880695041,54.82215544963629,56.37848083441577,55.83163534719207,56.15819447770405,50.309627925803895,35.62961460782372,Ashgabat
Ashgabat,2024-11-04,26.708333333333332,31.349654323081126,31.03880288172823,31.78349681402795,29.889432601891514,33.51476550014077,30.521773817617156,30.15466922188221,Ashgabat
Ashgabat,2024-11-05,26.583333333333332,57.803685802372875,55.17077222793343,56.343105647795966,60.9369729668082,59.432875207616334,57.134702961710424,56.66361403892079,Ashgabat
Ashgabat,2024-11-06,18.833333333333332,29.211549106429356,31.964069504573217,30.62014324031113,29.40820174263657,29.497808727914435,24.567522316711432,34.05871031229008,Ashgabat
Ashgabat,2024-11-07,23.0,32.828653373291175,31.923096172897473,33.36156049342567,33.24546495101209,32.46834186287732,33.144803386243325,38.026779740884926,Ashgabat
Ashgabat,2024-11-08,13.125,27.12619960325369,27.043712410254763,28.459740428268315,28.35081709789905,26.25322244911192,25.52350563073442,31.23200255553666,Ashgabat
Ashgabat,2024-11-09,26.916666666666668,35.035944320245534,33.66401961993154,34.588648430405144,35.0464815433842,35.02342055516834,36.85715145233845,29.720113719189207,Ashgabat
Ashgabat,2024-11-10,34.958333333333336,60.255681966892304,57.961698354108265,59.71572065527423,63.47476265702127,62.574992704614814,57.55123546344294,30.162876434569448,Ashgabat
Ashgabat,2024-11-11,30.583333333333332,37.95269950684168,38.56191958062095,35.42093637674487,37.076017964245345,40.0765915461338,38.62803206646348,33.08012687578394,Ashgabat
Ashgabat,2024-11-12,24.458333333333332,41.033693399276515,38.02013841227732,36.90055830554961,44.50305057480148,40.57337231730959,45.17134738644459,30.882340034377016,Ashgabat
Ashgabat,2024-11-23,33.375,56.75940828875031,54.719439628933415,63.150974796960924,51.838471510410244,59.6573125611644,54.430842946282546,38.677940643860715,Ashgabat
Ashgabat,2024-11-24,50.291666666666664,46.1233409389268,44.69010857101061,45.45557013136383,45.64546474177182,50.50575028996474,44.31981096052302,35.769807354124445,Ashgabat
Ashgabat,2024-11-25,32.0,38.06984942123508,36.98018917782574,39.09768653377636,38.74826816938924,40.60931497411346,34.913788251070585,36.85794226963008,Ashgabat
Ashgabat,2024-11-26,34.208333333333336,30.487711499333347,30.85701905285875,30.755342236269158,29.1121860307571,34.421023938853395,27.292986237928332,31.4081691923705,Ashgabat
Ashgabat,2024-11-27,55.125,40.31706118773044,37.251530129549465,39.360343029955054,38.89624887109698,45.37066263300503,40.70652127504568,30.267022459706645,Ashgabat
Ashgabat,2024-11-28,26.75,41.90695113328466,40.84033224524874,44.955246003876695,39.17229783495585,42.75510093800247,41.81177864433952,29.837880404481716,Ashgabat
Ashgabat,2024-11-29,8.166666666666666,32.42804786475237,34.50001381628334,32.16791331165177,30.472860932417465,36.158365327681494,28.841085935727786,29.836085395895502,Ashgabat
Ashgabat,2024-11-30,8.291666666666666,37.79649904016661,41.46862084297835,39.7512598833767,38.84710357184677,36.474253698427695,32.44125720420355,34.74055955602335,Ashgabat
Ashgabat,2024-12-01,10.083333333333334,45.23051930491151,44.632105315616684,50.55173668810428,48.87003046929755,40.869598511250146,41.229125540288926,32.27068991388233,Ashgabat
Ashgabat,2024-12-02,14.333333333333334,37.1796877194108,34.979785351016396,42.48122025182458,36.16089731962824,36.229013527394706,36.04752214719007,28.47776616102788,Ashgabat
Ashgabat,2024-12-03,27.875,61.25788281503959,61.87927879407119,64.83555842177131,61.029480928453886,60.81398255809662,57.73111337280495,43.87398868014298,Ashgabat
Ashgabat,2024-12-04,31.708333333333332,44.514254690625854,48.29779102961306,45.3769611143073,42.59669611370187,44.029091116806995,42.27073407870003,39.29811300177317,Ashgabat
Ashgabat,2024-12-05,33.291666666666664,45.129405539073176,48.62386999288003,43.16620521597587,45.92427524796944,40.503180134131064,47.42949710440945,44.65505633514095,Ashgabat
Ashgabat,2024-12-06,41.708333333333336,46.92741840378657,47.56874715261858,52.91906162579325,45.264030968139664,43.60214715281138,45.28310511957001,38.4755087947995,Ashgabat
Ashgabat,2024-12-07,47.125,58.520269678926105,62.17480307443215,60.833834961745524,57.9594280407845,55.24628228843659,56.38700002923174,38.46612074890327,Ashgabat
Ashgabat,2024-12-08,15.041666666666666,27.474733453073576,25.216593740223143,29.406453913284636,29.144098173817735,28.744483451158835,24.86203798688355,27.924896855135835,Ashgabat
Ashgabat,2024-12-09,22.291666666666668,56.32024722667457,58.48266674715421,56.515148115227255,58.08235479234302,51.84382371181173,56.677242766836606,34.21630602654641,Ashgabat
Ashgabat,2024-12-10,37.083333333333336,50.37519370134505,50.365672296601815,49.298002416018335,46.62555160965073,51.20550599274281,54.38123619171154,32.565523404837045,Ashgabat
Ashgabat,2024-12-11,31.375,26.54635040522326,27.241990890260237,25.235019275259027,26.580350182384482,26.827135293369782,26.847256384842794,26.339114460849196,Ashgabat
Ashgabat,2024-12-12,35.0,42.96231128638993,44.49437154886794,41.57869139830125,40.37142149832627,44.72865582436176,43.63841616209242,30.858046578241378,Ashgabat
Ashgabat,2024-12-13,19.875,55.692470704546096,58.913659824378875,58.79294226241835,49.22330725142719,55.802387475351736,55.73005670915434,38.82183265327949,Ashgabat
Ashgabat,2024-12-14,13.083333333333334,33.01505588248189,33.76006558346526,32.949777957265,34.49329815684236,32.328837012086375,31.54330070275045,24.70906880683838,Ashgabat
Ashgabat,2024-12-15,6.291666666666667,38.31526676192878,38.83584376389648,39.6016929787467,39.17611168196772,38.21405642094899,35.748628964084034,28.745593698953193,Ashgabat
Ashgabat,2024-12-16,15.416666666666666,45.55345760459079,44.07049942875377,43.42370863654777,51.41317875926402,37.73427021278825,51.12563098560015,28.51857884759152,Ashgabat
Ashgabat,2024-12-17,23.958333333333332,61.14551594135592,64.58667059577182,62.45721221842193,59.97034161783904,60.54074972174677,58.17260555300002,36.51656290041256,Ashgabat
Ashgabat,2024-12-18,12.416666666666666,46.740878452505186,49.89431363801215,46.457317173123315,46.45480020666386,46.535098513631866,44.36286273109472,32.39694358806428,Ashgabat
Ashgabat,2024-12-19,7.782608695652174,59.916992116024616,68.06956762420062,55.91573986006779,56.79664320760396,56.632743847511186,62.17026604073955,34.880100379364016,Ashgabat
Ashgabat,2024-12-20,12.125,76.45952714269961,76.40438617000879,76.55967670546534,83.87254198882948,76.54518336623751,68.91584748295692,38.91404866588328,Ashgabat
Ashgabat,2024-12-21,36.541666666666664,62.499449432247175,63.740041774554356,61.30181188759259,62.53894094784028,64.32526226785025,60.59119028339834,32.19182055839138,Ashgabat
Ashgabat,2024-12-22,32.166666666666664,47.396935595109525,46.36221017582207,44.79113746829077,46.30421587596872,50.29406159192411,49.23305286354197,31.982392527918186,Ashgabat
Ashgabat,2024-12-23,33.75,92.55968500447372,95.7983467838073,91.28333321550933,90.89961516832213,91.83774856631399,92.97938128841581,41.657695753183184,Ashgabat
Ashgabat,2024-12-24,37.166666666666664,68.24012708245166,62.25846301719632,72.17391077906909,70.50759282668662,65.90411784168745,70.35655094761887,39.99600097140938,Ashgabat
Ashgabat,2024-12-25,55.791666666666664,62.474287277510925,58.215659751070135,70.66187891046482,57.095023908226764,62.385747784150375,64.01312603364254,36.38093361483225,Ashgabat
Ashgabat,2024-12-26,40.666666666666664,96.26967865645116,98.79981532169387,94.97997719242916,98.08144436842531,89.92311007080696,99.56404632890055,33.13009224096259,Ashgabat
Ashgabat,2024-12-27,52.125,68.70665431847837,59.6856203610135,66.80775060018574,73.51127481735858,68.23500475005783,75.29362106377617,31.99274957647031,Ashgabat
Ashgabat,2024-12-28,42.75,69.36142974878815,64.35593272076464,70.07105828999637,77.73703479634122,68.4062306808848,66.23689225595376,33.26871024692519,Ashgabat
Ashgabat,2024-12-29,35.583333333333336,50.98759317229112,48.610898394436816,50.26673901329111,54.03189659069039,56.033177377768524,45.99525448526878,36.13564715702051,Ashgabat
Ashgabat,2024-12-30,22.75,77.61414217529936,80.62056701906847,80.73806057824389,69.71272921607701,80.06235171195182,76.93700235115564,37.16162734671553,Ashgabat
Ashgabat,2024-12-31,25.375,66.92213411117788,67.70593057952881,69.56131618473404,64.83593305468149,68.09905436342298,64.40843637352208,38.60633214695081,Ashgabat
Bishkek,2024-01-01,21.466666666666665,42.560519583381605,41.60806439515437,39.464179371269104,41.609309968642854,44.54649437633312,45.57454980550858,22.275039564077993,Bishkek
Bishkek,2024-01-02,33.44210526315789,33.05686364358398,32.2510604074024,33.02229964429109,33.7402872992235,31.35442528635383,34.91624558064908,24.1727269046798,Bishkek
Bishkek,2024-01-03,54.791666666666664,44.411370162421676,41.870017316031564,42.9827102996973,40.989500941764774,43.450374630168405,52.76424762444635,20.806935703375707,Bishkek
Bishkek,2024-01-04,7.520833333333333,41.572644365455304,42.976093251633095,38.4453013163541,39.85000102087513,40.62420964742305,45.96761659099111,25.360077566914875,Bishkek
Bishkek,2024-01-05,16.291666666666668,32.83268406559494,33.599483203688685,29.420285881141222,30.85731111798731,34.34887624331894,35.93746388183856,23.590420701423632,Bishkek
Bishkek,2024-01-06,12.291666666666666,31.667214051092607,27.969954521020064,33.189634392655115,31.579821142017877,31.58258282281262,34.01407737695733,21.14878491897725,Bishkek
Bishkek,2024-01-07,23.77916666666667,33.84294137120547,30.51821163101058,32.46064733195834,34.48672907438304,36.04223621264819,35.7068826060272,23.034981007184975,Bishkek
Bishkek,2024-01-08,25.245833333333334,25.07880347926295,22.68871636745053,25.743906879313943,23.60384955661559,25.682327026230137,27.675217566704553,23.246300413602917,Bishkek
Bishkek,2024-01-09,29.40833333333333,33.28750182962669,28.86293195237266,33.362125985558464,32.71573277790641,36.84449938446199,34.65221904783392,22.873023004620286,Bishkek
Bishkek,2024-01-10,28.520833333333332,42.39264842964466,43.30190201169263,41.396247934408,38.97531960921344,43.52961963258685,44.76015296032236,22.004325002199444,Bishkek
Bishkek,2024-01-11,28.71666666666667,47.39634165504378,43.176828177748874,45.76797531098234,44.21960304938291,52.93630536459681,50.88099637250795,19.391928480870725,Bishkek
Bishkek,2024-01-12,19.744999999999997,32.68439148128665,29.98132899718491,34.93773098399911,32.75919720628426,31.789704318023006,33.95399590094194,21.2542858602937,Bishkek
Bishkek,2024-01-13,20.3125,40.09113485267809,39.09504365258389,38.62394278795899,37.73576619518152,44.47077478592944,40.53014684173661,22.681221763064464,Bishkek
Bishkek,2024-01-14,8.613043478260868,45.63029782953703,40.88349132242075,44.64459333044882,43.81287632615565,51.33697108493434,47.47355708372559,21.311407723089083,Bishkek
Bishkek,2024-01-15,17.724999999999998,19.318769564668205,18.72270909584627,19.042540989517356,17.681792332591115,20.99450688593135,20.152298519454934,20.21160214314859,Bishkek
Bishkek,2024-01-16,60.65416666666667,33.02097901556977,30.687103311951248,33.77219828298165,30.706066867724424,34.63722703515731,35.30229958003424,21.91728706978251,Bishkek
Bishkek,2024-01-17,83.20416666666667,38.66282502674024,33.16400253132875,41.41391040831471,36.44103600985552,40.57294250049361,41.722233683708566,20.541880392342883,Bishkek
Bishkek,2024-01-18,38.1625,40.99677333183935,39.70635003935111,39.70112888286323,37.5577196695228,43.86370201537324,44.154966052086394,23.40010360600713,Bishkek
Bishkek,2024-01-19,16.130000000000003,42.78989218676848,37.81600444231679,43.15159888788277,41.24936418885132,47.072469514158826,44.6600239006327,20.35745547256267,Bishkek
Bishkek,2024-01-20,15.691666666666668,31.797312958153753,31.000523071437158,31.010771309524124,32.68938186155701,33.50313013670174,30.78275841154873,23.392228127959648,Bishkek
Bishkek,2024-01-21,46.64166666666667,34.73755143668488,32.008860319206384,34.61744828853652,34.74366307588629,34.9514229080024,37.36636259179281,21.316027139049943,Bishkek
Bishkek,2024-01-22,22.669565217391302,42.995479671106374,41.265154187485216,43.672336238631345,39.548840720701406,43.34912028318305,47.14194692553085,20.170545429564136,Bishkek
Bishkek,2024-01-23,12.283333333333333,44.664095005294634,43.60906884419931,45.48901645809637,41.99332603065687,45.99434790648808,46.23471578703252,28.538184233638454,Bishkek
Bishkek,2024-01-24,20.787499999999998,39.4977163772121,38.05692950805638,39.443482891321956,38.16462088893933,39.178547035464014,42.645001562278814,23.95849382895603,Bishkek
Bishkek,2024-01-25,18.920833333333334,37.297154750571096,34.430596918881406,38.233051497412525,34.9127688209797,39.28183014006425,39.62752637551758,23.850309256544456,Bishkek
Bishkek,2024-01-26,14.525,31.288925414130823,33.46852111399751,29.555956457175366,29.937328483443025,32.60056769329145,30.882253322746767,26.050509278717705,Bishkek
Bishkek,2024-01-27,79.37083333333334,33.63236318514153,31.83882343658354,35.13163519063819,31.486514004405564,34.81919012053435,34.88565317354598,22.639214920615537,Bishkek
Bishkek,2024-01-28,98.72083333333335,42.922855863545315,39.39985465045336,43.26275559098584,40.283706255009164,47.5472071871605,44.12075563411771,23.527685551015743,Bishkek
Bishkek,2024-01-29,41.770833333333336,44.88379937726633,45.369921033176915,46.32946216121063,40.02489706225644,44.88505176590709,47.809664863780604,24.233016455809043,Bishkek
Bishkek,2024-01-30,4.933333333333334,36.50245511837211,39.92088695418901,34.58647195289271,32.53616988725121,36.06386125162618,39.40488554590142,21.314668226067802,Bishkek
Bishkek,2024-01-31,9.745833333333334,38.590510807290215,41.63478026698571,37.06252444911728,35.91211909749197,40.610912007518685,37.732218215337454,18.806095210087626,Bishkek
Bishkek,2024-02-02,15.726086956521739,28.52428290850956,29.902057340263564,29.30476967528515,26.09145215048374,28.187326531953527,29.135808844561833,18.87919384834118,Bishkek
Bishkek,2024-02-03,19.1875,42.77569266387273,44.030820443321765,43.22018323439303,40.773667179983576,43.828861847326095,42.024930614339226,24.767089241804975,Bishkek
Bishkek,2024-02-04,20.017391304347825,35.94081625781731,36.29526386522155,34.23286229669071,34.938749381418674,34.08219472384139,40.15501102191421,22.168724163150678,Bishkek
Bishkek,2024-02-05,30.3625,42.027643126933405,42.24399827231034,40.08107356935938,38.33025905709014,44.6849909088067,44.797893827100474,21.261522293968206,Bishkek
Bishkek,2024-02-06,10.708695652173914,47.802286056365816,47.380295017548555,45.759801080165126,41.85951597264718,52.071035312179866,51.94078289928837,20.791572437160944,Bishkek
Bishkek,2024-02-07,9.886956521739132,35.25900101524581,34.59125544663236,35.53651932037122,33.10550635788973,36.235530639769046,36.826193311566676,24.384795933683968,Bishkek
Bishkek,2024-02-08,3.6285714285714286,25.90220598959372,24.416739265295966,27.367007409230062,23.392593086432765,28.737094515794528,25.597595671215288,20.11552766144502,Bishkek
Bishkek,2024-02-09,5.9913043478260875,34.15220551733309,35.08759297449381,30.459806708338657,33.04524896507129,35.01594288734262,37.15243605141907,21.35865526230345,Bishkek
Bishkek,2024-02-10,5.043478260869565,31.45809643569901,31.203445224869952,30.53081071111629,30.12937944634382,32.79604176327347,32.63080503289153,26.813059301843346,Bishkek
Bishkek,2024-02-11,3.314285714285714,31.436382859145475,31.88419327138017,33.42720299354151,28.37601408377757,32.57325576240256,30.921248184625558,24.09906449517434,Bishkek
Bishkek,2024-02-12,16.529166666666665,28.768316891293672,29.341943321434165,27.578137713599357,26.67070991566151,30.137188351894483,30.11360515387883,21.018408542615653,Bishkek
Bishkek,2024-02-13,6.766666666666667,35.44869744093666,36.53591488810255,36.10448040689067,32.068072886776726,35.633401063261466,36.90161795965191,20.705922949658607,Bishkek
Bishkek,2024-02-14,2.5090909090909093,44.97972112836839,45.60152659608973,45.437164422039324,39.40709504252235,48.959610405142556,45.493209176048,24.24478659622691,Bishkek
Bishkek,2024-02-15,2.591304347826087,29.050918414757426,29.85458305540095,27.2035632151206,27.375967197508388,31.23352336830009,29.58695523745712,28.65103707182397,Bishkek
Bishkek,2024-02-16,14.052173913043477,27.285654396399188,27.788125654428146,25.910952651346214,24.892760735621884,31.345602835368624,26.49083010523109,19.17719735909811,Bishkek
Bishkek,2024-02-17,23.08695652173913,25.6135267926687,25.514163833563597,24.041029152797087,25.556473867474885,25.58589157399664,27.370075535511287,20.808817087313237,Bishkek
Bishkek,2024-02-18,45.18636363636364,37.096686710508585,34.38442799165496,39.9366661631982,37.895949913431636,36.83048743430197,36.43590204995616,29.55606245978897,Bishkek
Bishkek,2024-02-19,23.622727272727275,27.194831165396323,27.371801040839756,26.7902789957203,24.781213458194582,28.23560053302768,28.795261799199306,23.75104910089403,Bishkek
Bishkek,2024-02-20,48.93478260869565,27.945482742317004,28.501413527727692,28.347630818678255,25.52438486018931,28.927345821080362,28.426638683909417,21.615345042845725,Bishkek
Bishkek,2024-02-21,49.1875,29.160766236717564,28.389251033022624,29.385932797037484,25.525085032316525,29.53315530910907,32.97040701210211,20.45332500709589,Bishkek
Bishkek,2024-02-22,11.485714285714286,30.62219926761253,30.70639514077731,29.457233437085442,26.763074231896578,30.423329415083664,35.76096411321963,21.807035262099085,Bishkek
Bishkek,2024-02-23,17.195454545454545,33.29380227797547,31.689048465958486,34.10959626775885,30.012903784572327,34.87135030856416,35.786112563023565,24.129694660245327,Bishkek
Bishkek,2024-02-24,20.682608695652174,25.62508870744218,25.430439593837022,25.08611849342397,24.507385667920992,27.851507856140422,25.249991925888494,21.698011361080894,Bishkek
Bishkek,2024-02-25,40.15909090909091,37.02324777995491,35.99609079522036,37.07077136287462,36.3788663634955,35.276879835696626,40.39363054248744,21.37136109868647,Bishkek
Bishkek,2024-02-26,51.790476190476184,26.09512737424359,27.10373173236594,25.608940794109827,24.156799235188913,27.58017335369404,26.025991755859224,21.760895281374083,Bishkek
Bishkek,2024-02-27,54.839999999999996,32.157218007163,29.866397551629053,34.624363894085434,33.19711088240559,32.04702101167776,31.051196696017165,21.94047696423167,Bishkek
Bishkek,2024-02-28,72.25,37.75285044076719,36.16018201161699,43.55568694306467,35.340606684544596,36.5552221942153,37.15255437039441,24.15756303452026,Bishkek
Bishkek,2024-02-29,93.83043478260869,41.35747076284506,40.37946506241162,43.46350955779178,40.21590723096465,44.24867002576792,38.47980193728934,28.188565233221375,Bishkek
Bishkek,2024-03-01,82.98636363636363,44.11823438797559,46.264653674095605,42.2650561609339,42.996051242554245,45.12357377002419,43.94183709227002,34.28841119489261,Bishkek
Bishkek,2024-03-02,24.847826086956523,34.627554245727445,36.311496580510145,34.55707603410217,33.89553981117805,35.053859890693886,33.319798912152976,32.50936495123751,Bishkek
Bishkek,2024-03-03,15.49,23.682599751943624,26.254634543057396,22.728709367112366,22.461479703720087,22.594087636495328,24.374087509332934,22.491690705549395,Bishkek
Bishkek,2024-03-04,12.761904761904763,31.27803858955147,28.533007192830283,33.59908858122264,32.57391178609156,32.12291751471575,29.561267872897123,20.45706468233204,Bishkek
Bishkek,2024-03-05,25.604761904761908,40.450682500461916,36.032743806017955,44.047279758576245,40.70943540147257,40.39370970765787,41.07024382858492,24.22447040305469,Bishkek
Bishkek,2024-03-06,35.42173913043479,33.19235240456149,31.094837473372493,34.755697862419346,31.48887265765282,35.63367271713296,32.98868131222983,25.12222516247602,Bishkek
Bishkek,2024-03-07,30.278260869565216,29.640026854655765,28.080155864231095,31.170988117195698,29.173968336060025,30.7271306678204,29.047891287971588,21.353335961747867,Bishkek
Bishkek,2024-03-08,5.4818181818181815,29.827728463987086,29.436001717482068,30.150355520136323,28.23912573250622,32.26539102528386,29.047768324526967,19.391493051400467,Bishkek
Bishkek,2024-03-09,7.368181818181818,30.484420007431275,31.235917609277273,31.790207909891997,27.815386007349225,32.023408738134236,29.557179772503655,23.76319405260501,Bishkek
Bishkek,2024-03-10,8.379999999999999,19.751518562378987,20.164887402000318,19.503560001780397,19.648414473859695,19.191416229637127,20.2493147046174,23.66624449311343,Bishkek
Bishkek,2024-03-11,5.9409090909090905,26.62191057829542,27.106004783923016,26.69312008279973,25.166785921209215,29.305913875961405,24.837728227583742,21.642864807090923,Bishkek
Bishkek,2024-03-12,5.561904761904762,27.73264221838903,27.592065500739256,30.530208908405342,27.38503885449775,26.287235383199928,26.868662445102892,18.207827441428726,Bishkek
Bishkek,2024-03-13,5.633333333333333,21.428552146460035,20.44811754421197,21.019639295025325,23.38592403245677,21.423631902391,20.865447958215114,23.20215794614382,Bishkek
Bishkek,2024-03-14,6.519047619047619,23.017449714259257,24.326964609557056,23.478346327789332,23.02956196109341,22.069420950991695,22.18295472186479,19.40765656637138,Bishkek
Bishkek,2024-03-15,25.047826086956523,25.796902588933044,27.157607148938045,25.458864514367992,25.434304543935482,25.17251985837935,25.761216879044362,24.509534375481913,Bishkek
Bishkek,2024-03-16,16.03333333333333,21.43372568341868,21.702297792236948,20.27338269281223,20.869183494572177,22.29205157806544,22.03171285940661,22.180067977927088,Bishkek
Bishkek,2024-03-17,11.268181818181818,28.94079111214353,29.093944050698912,29.668530354083725,28.20883522969568,30.099359239640535,27.633286686598787,21.133802903349142,Bishkek
Bishkek,2024-03-18,3.289473684210526,29.118592541996485,29.032198449431274,27.896370372442423,30.837919697385466,27.93766523110309,29.888808959620192,40.591529222410095,Bishkek
Bishkek,2024-03-19,9.200000000000001,30.875197155727072,30.5191065643227,29.02353210863267,31.186982288549096,32.24042149548809,31.405943321642795,29.428774057748065,Bishkek
Bishkek,2024-03-20,6.9125000000000005,26.061607504155756,26.079902857191804,24.572782671856082,26.470398914193225,25.9179096000219,27.267043477515767,34.12424207215208,Bishkek
Bishkek,2024-03-21,6.794736842105263,21.149513591038478,21.962838959057912,20.147041700384655,21.670513273031904,22.617125684698976,19.350048338018933,21.87913536576429,Bishkek
Bishkek,2024-03-22,1.9714285714285713,26.00039500282662,24.777806012003502,26.203439188390906,24.751731400284626,27.537696423216783,26.731301990237284,19.737224938963728,Bishkek
Bishkek,2024-03-27,13.904166666666667,23.220818913746946,23.548853076066457,24.139734811191836,24.442969985551763,21.320831207271755,22.65170548865293,30.511380062591066,Bishkek
Bishkek,2024-03-28,14.695454545454545,20.63996826534184,21.64345591266913,20.206614053347202,19.638375374093958,20.45869673139009,21.252699255208803,24.28284060061896,Bishkek
Bishkek,2024-03-29,5.795454545454546,16.675526058947526,16.00330665116921,16.077911329376256,16.848637941266965,17.10987930154508,17.33789507138012,24.37693999556172,Bishkek
Bishkek,2024-03-30,7.277272727272727,23.839633562275168,25.053592150474877,23.383688193662753,23.651054713005962,24.24195909793501,22.86787365629724,24.42483368457642,Bishkek
Bishkek,2024-03-31,7.7749999999999995,19.182221770081544,21.642213726681657,16.834918924809593,18.558431122750395,18.943907106092027,19.931637970074053,22.171405129710543,Bishkek
Bishkek,2024-04-01,7.321739130434783,21.279162824881986,20.944121014057554,22.62922047718168,20.92306493332241,21.582328572820256,20.317079127028023,22.591306132567702,Bishkek
Bishkek,2024-04-02,7.7625,26.651353345407536,27.036784709730927,27.442448147956668,25.743911972452686,26.610659022990134,26.42296287390724,28.111386969441533,Bishkek
Bishkek,2024-04-03,9.820833333333333,15.16730278327131,14.866412854400403,15.56513497016038,15.290424974880743,15.463053209167505,14.651487907747528,22.68869223175256,Bishkek
Bishkek,2024-04-04,11.045833333333334,23.696412806985627,24.06026100949152,24.433018924995427,23.80492855267929,22.967942449920606,23.215913097841298,27.462028180479315,Bishkek
Bishkek,2024-04-05,11.279166666666667,21.101724096926556,22.783706707311136,18.661030208725837,21.598397644239668,20.89907172932423,21.566414195031907,24.930289805978823,Bishkek
Bishkek,2024-04-06,5.616666666666667,25.69782199682292,25.663278169956673,25.34085785497957,25.12156225878675,27.22262966019902,25.140782040192594,19.67149840363829,Bishkek
Bishkek,2024-04-07,5.958333333333333,21.23975554268025,21.403010172084528,22.090791519749793,20.38243656053416,22.768340870967666,19.554198590065095,20.459703904506178,Bishkek
Bishkek,2024-04-08,2.3666666666666667,17.63509141527368,16.98256952225234,17.475136330192306,18.1494389899355,17.93868786869288,17.629624365295374,25.566568391354117,Bishkek
Bishkek,2024-04-09,4.945833333333334,16.14282542141068,15.751931770590165,17.127628176589464,16.007723622074028,16.178831746266514,15.648011791533243,21.697775105621254,Bishkek
Bishkek,2024-04-10,5.5736842105263165,16.549802994197773,16.032174073896766,17.22605681647692,16.21970408074768,16.81652714610078,16.454552853766728,21.74286170674049,Bishkek
Bishkek,2024-04-11,5.058333333333334,25.591091781413024,25.569891159213718,24.747295959417592,26.690878650040485,26.57096373966239,24.37642939873093,31.306244681160656,Bishkek
Bishkek,2024-04-12,5.5874999999999995,26.595795985167012,28.548531435162314,26.143474028096637,25.557796768462243,26.737594951945375,25.99158274216849,30.74522944689233,Bishkek
Bishkek,2024-04-13,4.729166666666667,21.141433415581087,21.13703218567628,22.31864387343599,20.652686585567086,20.075266514209204,21.523537919016878,27.192649883033205,Bishkek
Bishkek,2024-04-14,8.383333333333333,27.67584237805507,27.00925536632525,27.748134554753353,28.14879094450654,29.7542123413796,25.71881868331059,24.21901654346852,Bishkek
Bishkek,2024-04-15,5.408333333333334,17.730910310951963,19.141955796535324,17.825322413073977,16.098466510033536,18.269418268860868,17.31938856625613,20.087490977359558,Bishkek
Bishkek,2024-04-16,3.404166666666667,18.645701682076435,19.41482851095598,17.92912671967035,18.33666840162642,19.428247602944765,18.119637175184664,20.939558727049935,Bishkek
Bishkek,2024-04-17,3.217391304347826,16.260945944906066,15.897434333301934,16.062829514810115,15.939705677837612,17.001648109656756,16.403112088923915,21.78590150069153,Bishkek
Bishkek,2024-04-18,2.6166666666666667,18.61737350304113,19.47451052879575,19.203188976620027,17.426112696716924,18.73142002875591,18.251635284317043,20.627268977434433,Bishkek
Bishkek,2024-04-19,3.7083333333333335,17.881427937635856,18.812033112282442,18.03171214078316,17.372721881605777,17.783153257531687,17.4075192959762,23.851576687149368,Bishkek
Bishkek,2024-04-20,3.9499999999999997,18.978863864100877,19.14501035646819,21.33466990646393,18.18452634667513,19.17094747602228,17.05916523487485,22.724616384294173,Bishkek
Bishkek,2024-04-21,3.8874999999999997,19.395358847237265,19.500255649101256,19.859692778431945,19.79920100278182,19.38786374299929,18.429781062872017,24.189731080524957,Bishkek
Bishkek,2024-04-22,5.4624999999999995,20.15894914458112,19.670488233032792,22.529159163885268,19.245126790587815,20.366307548024295,18.983663987375422,25.915829455868057,Bishkek
Bishkek,2024-04-23,3.591666666666667,20.025579359660416,22.063280572487287,19.70030683320163,18.99017749782448,20.97513723505178,18.3989946597369,23.016324375389964,Bishkek
Bishkek,2024-04-24,2.4583333333333335,20.798334360398815,21.235027909738168,21.689029695135464,20.33068164268183,20.65755835695585,20.07937419748277,21.323308869823855,Bishkek
Bishkek,2024-04-25,2.525,22.02389316937228,23.539470367519783,21.417799758365828,21.468414445728857,22.647645150166028,21.04613612508089,23.135036526610243,Bishkek
Bishkek,2024-04-26,3.15,21.46766562557444,22.399923619303227,23.104947982112932,19.411968464898184,21.78861288115843,20.632875180399434,21.43069230530086,Bishkek
Bishkek,2024-04-27,4.304166666666666,28.85560878846311,29.07862865670356,30.633290185844672,26.70162742468131,29.956124698393015,27.908372976693002,21.4287600731488,Bishkek
Bishkek,2024-04-28,7.758333333333333,22.467724633820772,23.85808812581198,22.72201489592949,21.58760168166647,24.098583345344206,20.072335120351724,26.763742306911077,Bishkek
Bishkek,2024-04-29,7.6375,33.76272395079754,32.08439189659147,38.43177158873118,31.67516818777269,34.10967208987361,32.51261599101877,32.79162094759085,Bishkek
Bishkek,2024-04-30,7.145833333333333,19.894132729704687,20.609915810429325,19.45505965351285,19.132701031098375,21.128776523824726,19.14421062965816,27.40647528486233,Bishkek
Bishkek,2024-05-01,3.991304347826087,16.168120281019362,16.00280372069786,16.558787896206454,16.27956993661831,15.934362498562148,16.065077353012036,21.37766849773397,Bishkek
Bishkek,2024-05-02,4.109523809523809,18.62668336664688,18.211098350652083,18.457610990240415,17.332647650662803,21.005758040663697,18.126301801015412,20.413605224077692,Bishkek
Bishkek,2024-05-03,8.454545454545455,18.929152692953515,17.939414412185606,18.638942517978037,18.11785847797366,21.38175278419085,18.56779527243941,23.42414837218525,Bishkek
Bishkek,2024-05-04,10.066666666666666,17.500507178087496,17.788075927900596,18.802003381925665,17.383844710200826,18.58386057784698,14.944751292563396,23.25825351877524,Bishkek
Bishkek,2024-05-05,4.895652173913043,27.825688652690225,30.92778875071788,27.474481163025285,26.32070011027042,29.476082225701063,24.92939101373646,22.082803115096517,Bishkek
Bishkek,2024-05-06,6.25,17.663289131430002,17.265335472048893,18.738724218368514,16.521806491305842,19.157489444473928,16.633090030952836,20.06888585991289,Bishkek
Bishkek,2024-05-08,3.5041666666666664,19.5332334590939,19.221152183976432,22.133472016880816,18.67914763539504,19.714690064059003,17.917705395158205,21.60140597072695,Bishkek
Bishkek,2024-05-09,3.709090909090909,16.37718409686503,16.084238936202212,16.79016086198874,17.12407938569568,16.488770517345245,15.398670783093259,27.043441237594102,Bishkek
Bishkek,2024-05-10,5.783333333333334,20.115946098799164,20.516379506205613,18.402562997860088,20.584159636795206,21.527625252555552,19.54900310057936,30.73045015798852,Bishkek
Bishkek,2024-05-11,6.986363636363635,17.89524726545785,17.94006941280489,17.040913493273305,16.907910273776416,19.495398746167815,18.091944401266826,21.719714000766267,Bishkek
Bishkek,2024-05-12,3.1130434782608694,21.13530479040577,20.818255455969666,21.921669854989993,20.27818202948655,21.94396379607895,20.71445281550367,21.526106648393984,Bishkek
Bishkek,2024-05-13,6.095000000000001,17.21529082000816,17.422158316100784,18.39081498592991,16.288336598455828,18.684598846140123,15.290545353414164,19.607939911835338,Bishkek
Bishkek,2024-05-14,2.8947368421052633,17.619183245630037,16.92228979287587,18.071056148149946,16.77519896729522,19.395471003269297,16.931900316559865,20.420363151628585,Bishkek
Bishkek,2024-05-15,7.158333333333334,15.421190662560331,14.94845373990407,16.678451785527578,15.331463865982581,15.721066954553297,14.426516966834146,25.931361920071772,Bishkek
Bishkek,2024-05-16,7.882608695652174,19.686745786379692,18.936302046471546,20.995454558097073,19.418327867509966,19.31618797973555,19.767456480084324,21.09520244718437,Bishkek
Bishkek,2024-05-18,3.95,22.24935026119394,23.41437411511137,22.425225116468436,20.90916930503578,23.589571945106016,20.908410824248097,19.50462078080688,Bishkek
Bishkek,2024-05-19,2.4210526315789473,17.727092415469084,17.977028390701488,17.933397101246207,16.23928573469001,19.32367528380118,17.162075566906534,20.81557323850729,Bishkek
Bishkek,2024-05-20,2.936363636363636,19.08157335397634,19.72730920247526,20.128048120738114,18.262634633700674,19.48318126198774,17.806693550979904,22.5857154935049,Bishkek
Bishkek,2024-05-21,8.466666666666667,20.730634056625934,22.788294780761998,19.811148885241796,18.8474335199851,21.707557642957617,20.49873545418317,23.354260276874307,Bishkek
Bishkek,2024-05-22,9.28695652173913,17.763524296377547,17.449419693846163,17.924654671433448,17.76668471470923,18.753933951212208,16.9229284506867,24.327501320185952,Bishkek
Bishkek,2024-05-23,8.637500000000001,15.304444820535915,15.192067416003777,16.24578886088523,14.887978057539359,15.042998378659764,15.153391389591452,21.91672662919968,Bishkek
Bishkek,2024-05-24,5.8,20.809833542677083,19.91500879148835,20.52782312469219,19.66132459602807,21.181766395978986,22.763244805197832,21.339836537946844,Bishkek
Bishkek,2024-05-25,2.757142857142857,19.98502549298264,19.935061197625863,21.003503535827136,18.838988656870463,21.146464833759012,19.00110924083073,19.241405886481978,Bishkek
Bishkek,2024-05-26,5.0,24.69374403733,24.330852908295334,24.939747175667122,23.880694835762036,25.400777933602466,24.91664733332302,20.885595670804214,Bishkek
Bishkek,2024-05-28,2.6454545454545455,17.22967392442646,15.751632913472644,18.259783566730356,17.33217063864116,18.996944564860883,15.807837938427273,22.927165472906786,Bishkek
Bishkek,2024-05-29,2.038095238095238,20.95987130683427,20.444805924726992,23.405644591240026,20.942643440297257,21.361440289598068,18.64482228830902,22.22363357350259,Bishkek
Bishkek,2024-05-30,3.134782608695652,17.56359720118382,16.1655111782849,18.678843586829235,17.300463032584975,18.778653053138814,16.894515155081194,23.946695266828733,Bishkek
Bishkek,2024-05-31,3.41,17.98911134020596,16.62393436191955,18.948680549960777,18.068517526966698,19.638766314876875,16.66565794730589,20.324943035375732,Bishkek
Bishkek,2024-06-01,2.3904761904761904,20.56973071421478,21.011683580734488,21.241534030439205,21.30696984367826,20.558692456499415,18.72977365972254,20.723164269141826,Bishkek
Bishkek,2024-06-02,3.6166666666666663,15.818272365359267,17.009250813679138,16.051127773162467,14.334823444438683,17.162868380710087,14.53329141480596,21.752426500142242,Bishkek
Bishkek,2024-06-03,2.2916666666666665,15.715173136062512,14.491097877643579,15.302164790394809,15.934305870325087,18.17055367399633,14.677743467952753,23.431664582061963,Bishkek
Bishkek,2024-06-04,4.729166666666667,17.85305439405378,16.886452712183136,19.978337170566714,18.76767948479625,18.81820578172727,14.814596820995527,22.456619204290696,Bishkek
Bishkek,2024-06-05,2.983333333333333,18.638137313169743,17.63535795835459,20.46995721453792,19.262215582608878,20.339620465133656,15.483535345213667,22.137716522251317,Bishkek
Bishkek,2024-06-06,3.0666666666666664,23.156289860542508,21.947095324035296,25.049129672312105,24.030421582633785,24.178326476862907,20.57647624686845,21.54214537429693,Bishkek
Bishkek,2024-06-08,3.9142857142857146,22.759307268126143,23.03105931091069,24.110874410447174,21.915845746300246,24.884846419196997,19.853910453775608,21.346557384048715,Bishkek
Bishkek,2024-06-09,3.4863636363636363,21.039538079396863,22.565826916487197,24.169784230130304,19.781948160817883,21.076350764011533,17.603780325537386,22.733226385894746,Bishkek
Bishkek,2024-06-10,7.260869565217392,22.061042381312696,20.231205389382268,21.558399076257366,23.702401106338282,22.10462565605712,22.708580678528445,20.966269804843996,Bishkek
Bishkek,2024-06-11,2.504166666666667,18.725472706772713,17.124618525050078,19.60241695328658,20.055395363970675,19.31326266459686,17.531670026959358,21.002000556534718,Bishkek
Bishkek,2024-06-12,5.508333333333333,17.733131329412107,16.407845926448367,19.09275571519677,19.57545934249536,18.29747531595266,15.292120346967387,22.477209400505394,Bishkek
Bishkek,2024-06-13,3.1636363636363636,18.07915881440147,16.4065103802917,20.05018114366777,18.821519608872187,18.94436293402051,16.17322000515519,21.96847323619904,Bishkek
Bishkek,2024-06-15,2.8714285714285714,19.18101163703976,19.8320659694931,19.840250942764772,18.159426503469465,20.764561211883976,17.308753557587497,21.68694243752538,Bishkek
Bishkek,2024-06-16,3.6958333333333333,19.888773638685514,21.32688307820966,21.510691840797758,18.9642661691131,21.063611005618345,16.57841609968869,23.050447746185633,Bishkek
Bishkek,2024-06-17,5.595833333333334,19.61324976039216,18.858167298171878,21.219446495934996,18.772800565163664,20.35241888788046,18.86341555480981,23.976909764399302,Bishkek
Bishkek,2024-06-18,5.416666666666667,17.166065211756102,16.882559076089343,17.864738393306023,16.602056227681967,17.750344374312878,16.7306279873903,24.929928317362005,Bishkek
Bishkek,2024-06-19,3.9250000000000003,20.54364685989291,20.31346749164684,20.991020559652434,21.24679455007782,20.70086185691436,19.466089841173094,25.19660122334171,Bishkek
Bishkek,2024-06-20,4.9624999999999995,17.126290594705488,16.719308453557947,17.754000996565736,16.528463931740593,18.610547868579264,16.01913172308392,21.329503470212053,Bishkek
Bishkek,2024-06-21,5.995833333333334,21.623642213547825,21.258584714055193,22.96774665340948,21.176887202704837,22.725350057964928,19.98964243960468,22.758436442159514,Bishkek
Bishkek,2024-06-22,2.342857142857143,22.73445283599207,21.820814189329795,23.919152507742623,22.689206970876747,24.04341595995708,21.199674552054105,23.116341259053975,Bishkek
Bishkek,2024-06-23,2.6833333333333336,19.074109285068452,19.41381300402358,19.93969977135305,18.81321284206157,20.821741976847374,16.38207883105667,22.88465325693705,Bishkek
Bishkek,2024-06-24,5.747826086956521,19.07614857117106,18.560649979336468,19.243119343949342,18.236311445471483,20.49018093512955,18.850481151968456,20.339366386777847,Bishkek
Bishkek,2024-06-25,3.882608695652174,15.019833161759127,15.492111598030501,15.170372256477215,14.325965531951828,16.140463929514883,13.9702524928212,20.70021706944585,Bishkek
Bishkek,2024-06-26,3.0124999999999997,16.724829525720523,17.560594069625843,18.224042294596156,16.13422544306432,17.91697202774224,13.788313793574059,22.564258879241784,Bishkek
Bishkek,2024-06-27,5.841666666666666,14.543843176780651,14.007993518959674,16.322631879723776,15.041876764627357,14.389085545137789,12.957628175454664,22.705182596381924,Bishkek
Bishkek,2024-06-28,9.004166666666666,21.246647916004246,22.017840756111973,21.67130273353527,21.56157106947543,22.120419652070186,18.86210536882838,24.66752843775948,Bishkek
Bishkek,2024-06-29,7.220833333333334,20.97289474286263,20.756220666790004,23.364752484484743,20.451342942875975,20.79988244784125,19.492275172321186,22.44117244930448,Bishkek
Bishkek,2024-06-30,8.583333333333334,22.391673512071765,23.360425387091063,24.20788856418354,21.660381843521126,20.65628966586678,22.073382099696314,22.988616761409,Bishkek
Bishkek,2024-07-01,3.6958333333333333,17.643529662154094,17.196631448815364,18.239748369006126,17.127959225805537,19.53055317457556,16.12275609256788,23.73051974490108,Bishkek
Bishkek,2024-07-02,6.604166666666667,18.593610453410903,19.063317928988525,19.446705100555377,18.57498302441731,19.880032638657795,16.003013574435514,22.20408387830657,Bishkek
Bishkek,2024-07-03,6.154166666666666,18.297790249885843,17.224476870454954,19.686521191339693,17.939458744267657,18.13411863631218,18.504375807054746,24.86333536398815,Bishkek
Bishkek,2024-07-04,2.85,15.363695652148792,15.305106212357078,16.377359435577763,15.643281054034215,14.868894883420136,14.62383667535477,21.67534060691805,Bishkek
Bishkek,2024-07-05,3.0526315789473686,19.678763354859047,20.30129950085478,20.1853416682359,19.495705773918793,20.52071284579402,17.89075698549174,22.258419081310144,Bishkek
Bishkek,2024-07-07,2.2523809523809524,20.519307840935376,21.82670504484493,21.27497382217632,19.512162860711246,19.812894201393515,20.169803275550876,22.12218761076128,Bishkek
Bishkek,2024-07-08,2.9952380952380953,15.6775206202279,15.808302558844552,15.816615299028147,14.697804039359443,17.76606022575283,14.298820978154518,21.7088906585438,Bishkek
Bishkek,2024-07-09,1.5434782608695652,15.815596504984907,16.47702537357647,15.71753770779954,15.855205446877637,16.177205710558376,14.851008286112497,21.725500483170613,Bishkek
Bishkek,2024-07-10,3.9181818181818184,19.72955842842471,20.259301000906788,21.81339909727057,19.077257399649802,19.157012296157326,18.34082234813907,22.306252818281514,Bishkek
Bishkek,2024-07-11,4.3545454545454545,15.791797354058085,16.119881293853087,15.663709375117115,15.546980002577051,15.958897799610394,15.669518299132779,21.677043689037824,Bishkek
Bishkek,2024-07-13,6.870833333333334,16.96332836571497,16.794418343126715,16.604835396221635,16.560457868614456,18.81352457154881,16.04340564906322,21.685750057996934,Bishkek
Bishkek,2024-07-14,3.845833333333333,18.26106586611252,18.032632695463153,18.329774500832198,17.46656357882834,19.42441983101096,18.051938724427938,24.12989538856818,Bishkek
Bishkek,2024-07-15,3.516666666666666,24.304023694711667,24.325036653426864,24.583775381433707,23.295591454439037,23.896537823036883,25.419177161221853,22.82325348278318,Bishkek
Bishkek,2024-07-16,6.729166666666667,19.254462331101614,18.303131391842314,18.561683792808786,21.498475296472666,19.917661895445363,17.991359278938926,23.16016309410356,Bishkek
Bishkek,2024-07-17,3.4375,15.431652676616228,15.19214921753099,16.491545258114677,15.56390767686262,15.976111325994875,13.934549904577983,23.086424301254006,Bishkek
Bishkek,2024-07-18,2.6695652173913045,18.015525708052465,18.72588249529779,17.157964854403176,18.647391361791453,18.988571605452936,16.557818223316968,22.098061132168546,Bishkek
Bishkek,2024-07-19,1.738888888888889,20.077268877706125,20.41026076419651,22.015221918162467,21.00411281910847,19.77684601699861,17.179902870064566,21.628111275361285,Bishkek
Bishkek,2024-07-21,1.776190476190476,19.07403811591642,19.448003218237503,19.824568070565675,19.015419482142697,18.59225867363252,18.489941135003708,22.407775164366917,Bishkek
Bishkek,2024-07-22,4.970833333333333,16.362473269621525,15.985777451867126,16.682914988021984,16.36993744072636,17.849752073099637,14.923984394392498,22.933742878193875,Bishkek
Bishkek,2024-07-23,7.420833333333333,27.579151197430086,27.885870755248472,28.257587220324275,28.50556793597074,28.29214768454801,24.954582391058963,25.11926575198158,Bishkek
Bishkek,2024-07-24,2.5130434782608693,20.24883268559671,19.342216701109045,22.10090908362062,19.902984245039832,19.858002231729746,20.040051166484307,20.46345379379415,Bishkek
Bishkek,2024-07-25,4.491666666666666,17.7211225333809,19.26556868162531,17.161047533077234,18.163887977057005,16.82386923415977,17.19123924098518,21.077943142088152,Bishkek
Bishkek,2024-07-26,2.3782608695652177,16.736239489048366,16.728215350376672,16.58080201202585,17.307023604390466,17.773651968747103,15.291504509701728,22.962976382699885,Bishkek
Bishkek,2024-07-27,2.1083333333333334,16.63595761532018,17.326580528021967,17.163116173675096,16.843538287088425,16.975685056031832,14.870868031783571,22.584330823348587,Bishkek
Bishkek,2024-07-28,5.929166666666667,17.51638351036348,19.09501577575728,17.412205554200103,16.76964531360879,17.94528350343171,16.359767404819518,25.765052287339763,Bishkek
Bishkek,2024-07-29,1.8478260869565217,15.211731678860042,16.151032437488386,14.77314231427632,15.107462019166928,16.35363480424374,13.673386819124838,23.71737292793268,Bishkek
Bishkek,2024-07-30,4.209090909090909,17.53935143164705,18.289681741670787,16.542448468506965,16.706231290312044,18.21350058992251,17.944895067822923,23.92987849663013,Bishkek
Bishkek,2024-07-31,5.008333333333334,19.663155150528436,21.078825349157352,19.157734106142133,19.213047600977884,18.31590198030676,20.550266716058044,30.36331006188602,Bishkek
Bishkek,2024-08-01,8.783333333333333,17.228261304664606,18.08317899559637,17.621224008015865,16.69213827533307,17.529302928536705,16.21546231584102,27.704002620963998,Bishkek
Bishkek,2024-08-02,7.304166666666667,20.250844870386494,21.240142474455478,20.774953381020882,19.638997207323488,20.374452689042766,19.225678600089864,29.585831535882058,Bishkek
Bishkek,2024-08-03,3.9499999999999997,17.812334741687188,18.13065295742344,19.621843109085212,16.535175677749645,18.190672137254246,16.583329826923375,25.84589428710087,Bishkek
Bishkek,2024-08-04,6.158333333333334,18.4728003048075,19.06018045448221,19.931835393777344,18.61131524363303,18.693833743789256,16.066836688355657,26.159383965761386,Bishkek
Bishkek,2024-08-05,5.508333333333333,17.321550325608758,16.892895054573817,18.00896668335873,17.395274540842472,18.117618488818966,16.192996860449803,24.78982527708167,Bishkek
Bishkek,2024-08-06,5.920833333333333,16.224069725850114,15.937474120151123,17.05433648707485,17.585864203313687,14.957426840195327,15.585246978515578,21.9949498348903,Bishkek
Bishkek,2024-08-07,4.7124999999999995,15.318741956297838,15.050778402736352,16.039497808797762,15.728685609337987,15.272467413411505,14.502280547205581,23.664034705205218,Bishkek
Bishkek,2024-08-08,7.05,14.104100693660612,13.075439856682939,15.682610785554651,13.332496686455366,15.354094352623008,13.075861786987096,20.414857777694074,Bishkek
Bishkek,2024-08-14,5.241666666666666,16.341441980276237,16.019388792296184,17.859663373450662,16.46061014314291,16.635162680356103,14.732384912135334,23.262449717719115,Bishkek
Bishkek,2024-08-15,4.445833333333334,16.817949977224533,17.17397654308929,18.4176685780706,16.28838045621601,16.76880892888322,15.440915379863537,25.57230424758854,Bishkek
Bishkek,2024-08-16,5.954166666666667,18.215573596653876,19.123568814555952,17.911918258424382,17.48404599661788,18.970249800300437,17.58808511337072,23.00901511108504,Bishkek
Bishkek,2024-08-17,3.5833333333333335,17.180480687544595,17.827856035804192,18.25968942962966,16.228955911721595,17.494213742992162,16.091688317575365,27.527891939370598,Bishkek
Bishkek,2024-08-18,2.004166666666667,18.58232072181054,19.27839585773988,18.250201781667784,17.98938186607832,19.460068103403557,17.93355600016315,20.25561182793394,Bishkek
Bishkek,2024-08-19,2.8272727272727276,13.99458354780389,14.714709813357114,13.683648117528637,13.894812902055177,14.763128381890448,12.91661852418807,21.72977439772621,Bishkek
Bishkek,2024-08-20,2.1875,17.0938341804687,17.31751524828155,18.50293802031283,17.205627486069787,16.383702586131083,16.05938756154827,26.848039320724816,Bishkek
Bishkek,2024-08-21,2.6681818181818184,14.46946061752713,15.458490732350036,14.778023929261366,15.009137279912196,14.273583668982873,12.828067477129181,21.776676879624524,Bishkek
Bishkek,2024-08-22,2.534782608695652,13.07169176937585,12.90525096064108,13.961576969757541,12.358680045447132,14.00251212932041,12.13043874171308,23.253886789574786,Bishkek
Bishkek,2024-08-23,2.9478260869565216,14.559401791808309,14.814213402913294,15.862550611222524,14.44301275332164,15.162324499331007,12.514907692253088,22.85138831058402,Bishkek
Bishkek,2024-08-24,3.0041666666666664,18.553718646649486,18.717899080695517,19.856393040770772,18.534794036721554,18.23073317080155,17.428773904258037,23.39352531254162,Bishkek
Bishkek,2024-08-25,2.9375,16.77936545471094,17.61066334926288,17.874463105368985,16.892283180514294,17.769595864527023,13.749821773881521,25.26644046883957,Bishkek
Bishkek,2024-08-26,3.220833333333333,15.870824917343517,16.52358174025566,16.27893395420613,15.519315489852922,16.99639102722416,14.035902375178717,26.638048185133535,Bishkek
Bishkek,2024-08-27,5.441666666666666,14.093870944970078,14.337514824068704,15.699229080299016,13.733338527532737,14.046746470537732,12.652525822412205,24.562459151155004,Bishkek
Bishkek,2024-08-28,3.779166666666667,15.763695921773433,16.11680539604552,15.265426399804408,16.42679577546983,14.107190865417861,16.902261172129535,25.224894146901256,Bishkek
Bishkek,2024-08-29,2.580952380952381,13.078121819496795,14.004273165382543,12.587032808410946,12.697967837461945,14.078881263502543,12.022454022726002,25.34069396108334,Bishkek
Bishkek,2024-08-30,2.0666666666666664,14.946039566503785,14.495379218391161,16.363498161793984,15.126972383771577,15.590163675607862,13.154184392954345,23.626519381024714,Bishkek
Bishkek,2024-08-31,2.9416666666666664,16.905140970849203,17.636811847314135,17.133205123445475,16.32766222156048,16.726334983813924,16.701690678111998,29.305525091159957,Bishkek
Bishkek,2024-09-01,3.8375,15.643460735826306,16.082299460917252,15.552293668259196,15.45343617749415,15.807362071165866,15.321912301295068,26.3254369149301,Bishkek
Bishkek,2024-09-02,2.341666666666667,14.46479264991053,15.950218279668217,15.015929834292866,14.034771621627973,12.324654888462454,14.998388625501132,22.21972558845591,Bishkek
Bishkek,2024-09-03,2.275,13.667390512798685,12.47459052743631,15.924297462686944,13.735535648812482,14.294893118381795,11.907635806675897,20.453300360144745,Bishkek
Bishkek,2024-09-04,2.3260869565217392,11.427659062952875,12.080547607041476,11.533653543095475,11.335702085306393,12.099822832639882,10.088569246681155,26.45569982649858,Bishkek
Bishkek,2024-09-05,3.0136363636363637,14.673663687389887,15.368256496593204,15.246159747211841,14.428228492150813,15.172050748444171,13.15362295254941,23.753632811916937,Bishkek
Bishkek,2024-09-06,3.595833333333333,13.77786810426026,14.546303687141958,13.322197464192344,14.296859042466444,13.347052858795571,13.37692746870499,20.247104632985447,Bishkek
Bishkek,2024-09-07,3.0428571428571427,14.124686298124178,14.806098131553972,13.348425516670217,13.48773871673135,14.835063827841775,14.146105297823565,19.860636664247245,Bishkek
Bishkek,2024-09-08,2.6565217391304343,15.004010345312135,14.569162006285545,16.418424612678624,13.981027829832126,14.937463604738435,15.113973673025956,26.3967611947457,Bishkek
Bishkek,2024-09-09,5.033333333333333,21.202852608327635,21.002512794974535,21.562626419280313,20.936881015290275,20.6721396578908,21.840103154202254,24.41823363073963,Bishkek
Bishkek,2024-09-10,2.4227272727272724,18.760485374785908,18.99352220690288,18.873318164401194,18.704913548398054,20.812874074809947,16.417798879417475,24.620011780483942,Bishkek
Bishkek,2024-09-11,3.2047619047619045,18.089855991266102,18.187734276285738,20.17262959442159,17.008320613246397,18.53626526555109,16.544330206825688,25.319319059234836,Bishkek
Bishkek,2024-09-12,2.8958333333333335,21.525824127643194,23.595452196055557,23.29046356997914,20.788417177301387,21.073487697166758,18.881299997713135,29.6198905137423,Bishkek
Bishkek,2024-09-13,5.8125,14.559426460462182,15.279416408002856,14.276221806707822,14.99732252377265,14.613622528388728,13.630549035438856,23.686433232682425,Bishkek
Bishkek,2024-09-14,4.320833333333334,17.9809133050244,19.16228315320686,18.994764979255603,17.98896776081422,17.99539347821201,15.763157153633319,26.889892064217925,Bishkek
Bishkek,2024-09-15,5.754166666666666,22.409670141876454,25.066925919253595,22.371163982093485,20.869104963878932,22.29589659154575,21.445259252610484,29.878269609638842,Bishkek
Bishkek,2024-09-16,7.358333333333333,21.391087484735884,22.72162945273725,23.420568622087842,19.684609973103914,20.42695217294182,20.7016772028086,27.531570774384996,Bishkek
Bishkek,2024-09-17,7.941666666666666,18.296683966584233,19.213792219403548,19.867865746724373,17.0147757239305,18.029162415367345,17.35782372749541,22.649762039349476,Bishkek
Bishkek,2024-09-18,5.7749999999999995,16.80777720049964,16.730406526580722,18.94115637964355,16.281199327361616,16.552019740344914,15.534104028567391,23.027839164512166,Bishkek
Bishkek,2024-09-19,4.069565217391304,16.38730263802774,17.647747388754595,16.398912255040916,16.364534664303473,16.82372076931603,14.701598112723694,25.78790245354339,Bishkek
Bishkek,2024-09-20,6.875,14.177887247899491,15.836597953160993,14.18770973922464,13.186247014250501,14.837317447120212,12.841564085741107,26.96756237884228,Bishkek
Bishkek,2024-09-21,8.049999999999999,17.806893449737377,18.18024369275773,17.290760521207567,17.94783112062518,18.416832999100667,17.19879891499573,22.667010464260052,Bishkek
Bishkek,2024-09-22,9.975,19.675124490472967,20.62271809701732,20.36034277303803,19.545414112274738,18.773148225259078,19.07399924477567,26.25627712592331,Bishkek
Bishkek,2024-09-23,11.008333333333333,17.338112374491413,18.23077135748886,18.400401761336507,15.850751024574716,17.92430492657975,16.284332802477234,24.11996955063882,Bishkek
Bishkek,2024-09-25,5.283333333333333,14.77670335241687,16.22488860473799,15.322247755369723,13.762695123238323,14.87221894910581,13.701466329632511,24.327697607616706,Bishkek
Bishkek,2024-10-08,2.5625,25.735632997737138,24.304078165485365,26.179184089611006,25.605811652273754,25.865613734220286,26.72347734709527,23.935133848339497,Bishkek
Bishkek,2024-10-09,14.112499999999999,27.264913171687937,27.336402071986065,27.86296388298789,25.797788262620927,27.640332816758914,27.68707882408589,27.63581005825626,Bishkek
Bishkek,2024-10-10,7.695833333333333,17.911720913421966,18.347351609309996,16.643315894540862,18.176661621867304,17.915936289145428,18.475339152246228,23.995295057687095,Bishkek
Bishkek,2024-10-11,7.345833333333334,15.97432977433937,16.01864139876117,15.462871875517806,16.309012821951285,15.870011332146689,16.211111443319904,23.38348667595296,Bishkek
Bishkek,2024-10-12,4.2749999999999995,20.339091744712213,20.997215880142278,21.046005793269114,20.356370815883583,20.456402888018637,18.839463346247463,23.230192409783236,Bishkek
Bishkek,2024-10-13,5.8875,27.779059826697335,27.888836269444813,28.375532611413803,27.30996925617683,27.705180166048844,27.615780830402386,29.557384069277482,Bishkek
Bishkek,2024-10-14,9.108333333333333,22.64333836705695,22.617824789173024,23.79952223131971,21.529665210159344,23.15109624670451,22.118583357928138,21.744070073480493,Bishkek
Bishkek,2024-10-15,12.4125,24.335107292515037,23.163741835097234,25.747206065412943,23.314652686362866,25.75833450894145,23.69160136676069,18.585511214573792,Bishkek
Bishkek,2024-10-16,3.9125,19.41003963603842,18.247941756724494,20.40949581975178,18.51425019988696,18.70158701309047,21.1769233907384,20.191644996102532,Bishkek
Bishkek,2024-10-17,9.174999999999999,17.29122725108423,17.133735470342852,17.612165109396603,16.90267111489488,16.400276255229894,18.407288305556936,20.21740416867528,Bishkek
Bishkek,2024-10-18,7.466666666666666,29.81975070571758,29.8914775857368,29.80267251622003,28.35609414616797,29.399731260679676,31.64877801978342,20.720890976476603,Bishkek
Bishkek,2024-10-19,9.266666666666667,22.437114557233123,22.41080256705287,21.920795671197087,24.10639642317868,21.4389072018927,22.308670922844264,22.20739856016889,Bishkek
Bishkek,2024-10-20,9.083333333333334,23.1687716216278,24.432458423749082,22.47942312150416,22.777001447664013,23.4357863204794,22.71918879474235,21.98334089885561,Bishkek
Bishkek,2024-10-21,8.4125,18.475402450791236,18.841881161655362,18.65740467066615,17.233117509150834,18.969630653877893,18.67497825860595,21.808375523334412,Bishkek
Bishkek,2024-10-22,16.054166666666667,27.480126148778588,26.766560233511516,27.8192492486899,25.607798796987115,29.509828822742335,27.69719364196209,27.96922868429801,Bishkek
Bishkek,2024-10-23,10.445833333333333,23.25968616350263,23.388977334031107,22.629360272254605,22.68848531927896,24.633128335375638,22.958479556572843,23.11039934542618,Bishkek
Bishkek,2024-10-24,18.195833333333333,22.287642277552617,21.372601109833294,22.763219529409923,20.65825347195914,23.7946071064695,22.84953017009122,20.919809413754088,Bishkek
Bishkek,2024-10-25,6.941666666666666,19.017992026145112,17.93604434873253,18.74277988189522,18.982558925785263,19.48457285304773,19.944004121264804,23.2945675816431,Bishkek
Bishkek,2024-10-26,8.004166666666666,16.213781920533954,15.380108790836722,16.694009421920597,16.436174648027073,15.997880467931967,16.560736273953424,22.975946896251976,Bishkek
Bishkek,2024-10-27,7.870833333333334,24.055266245709653,26.030380514230163,24.60972096462813,23.039930289618894,22.776893872891254,23.819405587179826,21.848270721590502,Bishkek
Bishkek,2024-10-28,6.570833333333333,14.510321559718083,13.872405862592535,14.993558079784572,14.722623029935463,14.536813403497813,14.426207422780028,23.569857594650735,Bishkek
Bishkek,2024-10-29,10.35,16.46064320168756,15.691420984634405,16.688576869734835,15.9794608741113,16.52284964601261,17.42090763394467,20.9924417583373,Bishkek
Bishkek,2024-10-30,13.0875,27.724669369353528,27.225582324792487,29.864497976447677,28.31192607976932,26.42047446405063,26.800866001707522,22.866264410935578,Bishkek
Bishkek,2024-10-31,9.720833333333333,29.176760551059864,25.622348556359643,31.004597229102018,29.10628031262833,31.755516059641224,28.395060597568097,23.67536786184059,Bishkek
Bishkek,2024-11-01,8.8375,30.938329169539724,29.22554365534137,31.846231670974177,30.264927945047,30.683362964565852,32.67157961177024,25.465449278271258,Bishkek
Bishkek,2024-11-02,9.0625,45.16492742043734,47.43095890565458,48.95645071787753,41.897525515330884,43.8123113215729,43.72739064175078,27.205895287806193,Bishkek
Bishkek,2024-11-03,8.4625,26.743263434234393,27.227274640149,27.20858844194615,26.597879845310313,25.57346606108603,27.10910818268047,25.030481660791516,Bishkek
Bishkek,2024-11-04,10.304166666666667,37.464830173823756,36.83427503106506,38.08477344678395,36.72831033422125,34.66251805385835,41.014274003190195,30.558767045817326,Bishkek
Bishkek,2024-11-05,10.608333333333333,40.65884547707232,35.583734883182984,43.70351411040739,39.66942835354603,40.52943199884121,43.808118039384,19.131471158494385,Bishkek
Bishkek,2024-11-06,6.754166666666666,21.190200321102832,21.164732362538913,22.383962975908414,19.681979885676032,22.73829880875748,19.982027572633335,19.54429815330554,Bishkek
Bishkek,2024-11-07,6.5125,15.091672029257051,14.922052716135168,15.599356179401642,15.08602496671422,14.819344124035704,15.031582159998525,20.32666299288548,Bishkek
Bishkek,2024-11-08,7.441666666666666,18.57806851562124,20.3772048419967,17.602435530188096,17.543641654813047,20.56532988816335,16.80173066294501,20.401179607986087,Bishkek
Bishkek,2024-11-09,3.1208333333333336,22.303130783230603,22.908801792018455,20.93081116330957,22.21040319023358,23.361767319535385,22.103870451056025,23.448383208545188,Bishkek
Bishkek,2024-11-10,15.716666666666667,23.0523591032682,22.576298031445518,23.140525498466094,22.132676400018628,24.28711903413103,23.125176552279743,21.413314650430216,Bishkek
Bishkek,2024-11-11,22.099999999999998,43.683091768904774,43.71649887398156,42.792281543697015,44.951867086010935,43.59727249964736,43.357538841187015,26.095443113148754,Bishkek
Bishkek,2024-11-12,17.55,42.32136201568491,41.450634195942335,39.49746842132399,41.45956260585144,44.36818299179017,44.83096186351663,23.37169788378828,Bishkek
Bishkek,2024-11-13,16.066666666666666,38.016952293087044,34.996103252238484,35.30348602834172,38.39498904467969,39.19665084247401,42.19353229770133,19.0414281854167,Bishkek
Bishkek,2024-11-14,12.683333333333332,26.948531835263054,29.59735762649984,27.014744507430855,24.535583868640366,27.04330631336829,26.551666860375942,30.098600918392272,Bishkek
Bishkek,2024-11-15,45.416666666666664,36.53399245492828,37.908170180241555,36.81652877395178,34.1409445612004,37.645108843157296,36.159209916090354,29.606047364892852,Bishkek
Bishkek,2024-11-17,0.8421052631578947,19.909841075891915,21.43391522686418,20.567835681461208,17.646279441848197,20.072756853385673,19.828418175900325,24.301066021791208,Bishkek
Bishkek,2024-11-18,14.559999999999999,37.59024804916866,36.77814372160421,36.57732297757716,36.28084175772101,38.75584647743787,39.55908531150306,26.813793825396438,Bishkek
Bishkek,2024-11-19,15.495833333333332,37.23670110979339,36.60383056331875,35.569822563412856,37.29896879421053,36.85457402581124,39.85630960221354,31.91175410154228,Bishkek
Bishkek,2024-11-20,17.741666666666667,34.33631687490454,34.00062730552035,33.39349589507064,34.134582023126065,33.81173905571323,36.34114009509242,30.993956707901994,Bishkek
Bishkek,2024-11-21,19.845833333333335,44.439848125174095,43.2678240755041,43.06091211898595,45.18630664571302,43.49114125840355,47.19305652726383,38.585780766197054,Bishkek
Bishkek,2024-11-22,7.583333333333333,27.505474343269526,26.639868264097636,27.572993904097984,28.86992970453047,27.96535428459755,26.479225559023998,19.900572052576827,Bishkek
Bishkek,2024-11-23,37.416666666666664,33.69772330602314,34.64914128486479,36.24293777015404,31.37287994552127,32.81831987763933,33.40533765193626,23.702989766604055,Bishkek
Bishkek,2024-11-24,23.791666666666668,36.1023000489293,34.97946224128613,33.796642093298715,36.44997664915352,37.00576230146031,38.279656959447806,23.062021599172745,Bishkek
Bishkek,2024-11-25,28.837500000000002,39.53753890353908,40.06534665754968,41.708708743592574,36.54918047266597,38.66258087117806,40.70187777270913,27.04155030573856,Bishkek
Bishkek,2024-11-26,13.579166666666666,39.059177447409084,36.9833804237876,37.84520973246195,39.42749029697253,40.56067780069546,40.47912898312786,30.931307266711606,Bishkek
Bishkek,2024-11-27,6.608333333333333,33.387482882423896,35.63208170974014,32.382360446634124,32.06803294921105,33.00581005774246,33.84912924879172,24.532651883389867,Bishkek
Bishkek,2024-11-28,7.2625,31.469954423536528,32.32529609039094,30.106480642091572,33.35742472214382,31.884782866636137,29.675787796420156,27.100558215408178,Bishkek
Bishkek,2024-11-29,11.2875,40.15658373510071,38.5470248584815,39.56591581779337,41.56982328336058,39.15563533064019,41.94451938522794,37.309521667793156,Bishkek
Bishkek,2024-11-30,19.354166666666668,27.652585722909816,29.24212606806467,26.574325664758216,27.452633831749132,28.46306047355319,26.5307825764239,27.47066038654038,Bishkek
Bishkek,2024-12-01,6.795833333333333,31.18216592257652,35.24117040987714,29.391853764197773,32.3684113277276,30.019612249204553,28.889781861875512,22.3656786158976,Bishkek
Bishkek,2024-12-02,10.454166666666667,41.661631303169884,41.03371554662918,39.48445419852494,42.57018866489625,42.77413607994038,42.44566202585865,31.90008521346426,Bishkek
Bishkek,2024-12-03,7.816666666666666,63.72756004786479,59.214085815998374,64.68613786417839,61.97891103334138,65.40475157645079,67.35391394935505,29.623922843767737,Bishkek
Bishkek,2024-12-04,15.854166666666666,72.10757962236701,66.69706015409336,74.3856850320147,69.1095615016879,77.36132727323356,72.9842641508056,33.61784359344637,Bishkek
Bishkek,2024-12-05,33.833333333333336,58.175697549425124,54.605776384125726,56.51853817246216,55.71048864709214,56.211045402530495,67.83263914091512,48.432769768168505,Bishkek
Bishkek,2024-12-06,24.979166666666668,50.373301857463424,49.64133811983307,49.81589483227865,50.41549545214565,52.2523344432922,49.741446439767536,32.88871128336195,Bishkek
Bishkek,2024-12-07,27.741666666666664,37.72218055999525,40.05035217083194,34.975006303442434,36.92495220155386,36.08060672412563,40.5799854000224,22.402190298463843,Bishkek
Bishkek,2024-12-08,3.6954545454545453,41.978207764582024,43.0297431174505,43.592804731962445,39.078941053651015,43.363120929901825,40.82642898994429,35.945927985380145,Bishkek
Bishkek,2024-12-09,19.678947368421053,45.122202908154534,44.35275834690058,46.36966904828942,45.22392687158414,44.64457051865021,45.020089755348295,36.262783860251325,Bishkek
Bishkek,2024-12-10,22.788888888888888,51.45509690373997,48.58349084994647,54.62125261119389,49.60557377963372,48.58091284313038,55.88425443479535,32.56887112900058,Bishkek
Bishkek,2024-12-11,18.486363636363635,70.15431994475944,71.49913414049449,73.93332564064343,69.85378420243627,71.37220257502018,64.1131531652028,29.59809106260918,Bishkek
Bishkek,2024-12-12,23.04,61.69288870662699,61.11526676310908,65.5880793303032,64.66527485626972,60.74212518421379,56.35369739923919,29.551238762791577,Bishkek
Bishkek,2024-12-13,9.533333333333333,41.9658724512367,41.73843219078502,39.928730035125014,40.635666427979686,42.44093965169626,45.08559395059752,25.146384503670284,Bishkek
Bishkek,2024-12-14,14.799999999999999,49.50421776961294,50.91284770047676,47.273804518513494,49.40007482183203,49.68765976162938,50.24670204561308,29.844876765593376,Bishkek
Bishkek,2024-12-15,6.3,32.29232608065306,33.26348481981651,31.748791924132938,29.207307639680064,35.475635929517296,31.766410090118484,21.766960207713005,Bishkek
Bishkek,2024-12-16,0.7727272727272727,27.10244778746098,26.21719147357195,27.29352122167207,23.01088062531744,27.41082036393756,31.579825252805882,24.563908658335954,Bishkek
Bishkek,2024-12-17,14.77,38.66132218032554,39.469775457206744,37.04466865466718,35.1762623611395,43.09721269687883,38.518691731735466,26.4395332029032,Bishkek
Bishkek,2024-12-18,17.233333333333334,50.973122061998986,51.58738874343817,47.72368173724792,48.43958043321096,54.77748353042141,52.337475865676446,33.926199600841024,Bishkek
Bishkek,2024-12-19,14.520833333333334,47.743257317482986,45.66243183428408,46.04689660580909,45.77516455532801,49.011798959811294,52.21999463218242,39.875653863418115,Bishkek
Bishkek,2024-12-20,10.641666666666667,35.95905680271396,38.07109662201652,34.12690775528067,36.64365872730649,37.57271508987436,33.38090581909174,29.88111888600924,Bishkek
Bishkek,2024-12-21,0.9277777777777777,43.181703175368725,38.97369673572571,43.035539840369466,44.30683757452981,45.40229781060648,44.190143915612154,30.254683176621434,Bishkek
Bishkek,2024-12-22,4.468421052631578,43.11860277515777,45.32202918081654,41.92132114979157,40.38175939856668,43.63467558245555,44.3332285641585,26.574932450272804,Bishkek
Bishkek,2024-12-23,135.54285714285714,69.17061169525401,72.60564763480075,67.95070671635905,69.48481024396604,74.54715539547477,61.264738485669454,29.617269499225763,Bishkek
Bishkek,2024-12-24,51.47777777777778,88.78474330479335,88.2570250997788,94.60488799789336,84.4400665635395,94.50694132428458,82.11479553847052,32.637266196388005,Bishkek
Bishkek,2024-12-25,20.425,75.75485708008847,78.25791225825502,78.88441894920169,76.17023664718153,79.6552736020501,65.806443943754,29.523635953864137,Bishkek
Bishkek,2024-12-26,29.729166666666668,56.6182188117363,57.70857344644942,58.93631238324848,55.37272826236105,56.253603405440735,54.81987656118182,35.14411603521166,Bishkek
Bishkek,2024-12-27,16.962500000000002,48.92699638237387,50.23232870335537,48.35670888242449,45.620864007770294,53.22161530050471,47.2034650178145,38.26287461993088,Bishkek
Bishkek,2024-12-28,67.77083333333333,48.73759400040386,47.64219842227304,49.02412544752311,47.6337503282794,50.09735180337258,49.29054400057114,34.223385876429525,Bishkek
Bishkek,2024-12-29,14.766666666666666,58.6658535431058,57.016374354847486,63.5081306248438,57.91673201113903,56.21854987627612,58.66948084842256,34.5833290627972,Bishkek
Bishkek,2024-12-30,12.549999999999999,59.52831716550999,60.21685606395595,60.18026103962348,55.718630931530285,58.241537272194805,63.28430052024538,36.144045063678455,Bishkek
Bishkek,2024-12-31,18.666666666666668,52.57404491109453,54.429813231277826,46.43847665160427,53.221136091842226,55.36120921456468,53.41958936618361,30.014709802116336,Bishkek
Dushanbe,2024-01-01,29.26086956521739,22.857909993277268,23.904774517677957,24.64428579832769,24.74687012835463,18.973819559963967,22.01979996206208,16.14134381439475,Dushanbe
Dushanbe,2024-01-02,68.58333333333333,23.0781122980927,22.537563992974118,23.257882835121407,25.418339412005743,19.618569880424978,24.558205369937266,18.796318720985475,Dushanbe
Dushanbe,2024-01-03,77.125,25.101972055390938,26.286847395959136,26.333773215961145,26.678997110589957,21.55879960841087,24.65144294603359,17.579800279447447,Dushanbe
Dushanbe,2024-01-04,65.25,23.178781325608927,22.9676351761817,26.07036095335858,25.523364121772236,18.749803409985134,22.58274296674698,35.90789665336819,Dushanbe
Dushanbe,2024-01-05,41.875,20.185374205789856,22.61532475718675,20.805376860271284,20.18437120046944,17.679566122931416,19.642232088090385,17.33724719072233,Dushanbe
Dushanbe,2024-01-06,69.79166666666667,22.26762231809921,23.46716582143207,23.574223782499974,23.0226460076125,18.772974530169343,22.50110144878218,17.680004568758015,Dushanbe
Dushanbe,2024-01-07,31.833333333333332,26.048088317645227,27.47742439800199,27.763528458604068,25.71606991583574,21.969188499243767,27.314230316540552,20.45720703675419,Dushanbe
Dushanbe,2024-01-08,48.5,20.741052744165223,23.59371171465646,22.01756129146475,21.79297143376091,17.68077399359603,18.62024528734796,17.113581660181346,Dushanbe
Dushanbe,2024-01-09,79.0,23.887154336721455,24.951634752137995,25.10702521859409,25.351554543642077,20.10434568496684,23.92121148426626,17.39385080140982,Dushanbe
Dushanbe,2024-01-10,89.29166666666667,18.438036607919294,18.96736959671631,20.551584531299667,19.0595044365448,15.05395566817391,18.55776880686178,16.35125812255273,Dushanbe
Dushanbe,2024-01-11,58.166666666666664,25.26372478385485,25.424223720156157,25.379180208170226,27.52616983415894,21.96918261059563,26.01986754619331,19.79500163512943,Dushanbe
Dushanbe,2024-01-12,117.75,20.458878030207643,22.332911943690743,21.56467077405275,20.38176464159541,18.704209009038014,19.310833782661298,18.688900202460893,Dushanbe
Dushanbe,2024-01-13,58.625,25.05355950808165,26.085607512711224,27.244899023967374,26.301729780082475,19.635344412783564,26.000216810863627,23.60721173827846,Dushanbe
Dushanbe,2024-01-14,52.21739130434783,32.12909971625584,33.16913571414169,36.07408345249443,34.58702248958575,26.851036366867856,29.964220558189457,27.539174049577234,Dushanbe
Dushanbe,2024-01-17,76.5,18.27448115306386,21.053951087644617,18.753674780049682,17.753628396977195,14.505882207590565,19.30526929305725,16.18452704916057,Dushanbe
Dushanbe,2024-01-18,41.708333333333336,26.81768068111699,27.233354509223172,26.6158094944105,28.754076162017636,22.078550937940797,29.406612301992844,18.189054704135735,Dushanbe
Dushanbe,2024-01-19,64.20833333333333,27.31322102754529,28.24888367764811,27.462297862977792,29.610147724950526,23.76174164521965,27.48303422693039,19.233274081768506,Dushanbe
Dushanbe,2024-01-20,98.20833333333333,22.08594705404327,25.084494292497357,22.171112319859652,22.103152709337614,18.934280616859755,22.136695331661976,19.98684195653572,Dushanbe
Dushanbe,2024-01-21,54.666666666666664,24.286434485354732,25.183771172442114,25.73199314759972,24.928412812866263,20.550207051200065,25.037788242665503,17.589877551797365,Dushanbe
Dushanbe,2024-01-22,43.291666666666664,26.66250575755559,26.612933492065032,26.590375824476222,29.672282323762566,22.963839364210475,27.47309778326368,18.70750976079966,Dushanbe
Dushanbe,2024-01-23,66.66666666666667,25.354770922991293,24.280883282647224,25.267452413039763,29.842441336756654,21.09436921390405,26.288708368608788,18.55203945750167,Dushanbe
Dushanbe,2024-01-24,57.708333333333336,23.902384018302456,23.741465503314302,23.31247763888977,26.992875083101545,19.2638881797682,26.201213686438447,20.562131994365465,Dushanbe
Dushanbe,2024-01-25,27.583333333333332,26.924992575283454,27.221866459159394,27.34918813527052,30.069631260361906,23.248690501339375,26.73558652028609,12.244512456797644,Dushanbe
Dushanbe,2024-01-26,43.958333333333336,17.713998350107182,19.869742169989493,18.05671174911377,17.938870629316554,16.231967350084002,16.472699852032086,16.241985531577022,Dushanbe
Dushanbe,2024-01-27,29.5,23.395637119325876,22.910382758821044,24.285617621129187,25.24865898478219,19.8848486437604,24.64867758813656,20.1736143318792,Dushanbe
Dushanbe,2024-01-28,48.166666666666664,26.568862687697695,26.603967959256302,27.972370308505848,28.55697685987002,22.43817641522037,27.27282189563593,17.79007829666829,Dushanbe
Dushanbe,2024-01-29,56.458333333333336,23.143211128048176,25.047504580706846,23.97175176666358,25.052329833338305,19.302220475442386,22.34224898408976,20.075382686838786,Dushanbe
Dushanbe,2024-01-30,54.958333333333336,20.6197238017992,20.952636017047396,22.17811588029143,21.705790975217496,18.12624378754814,20.135832348891537,14.75574462345525,Dushanbe
Dushanbe,2024-01-31,33.916666666666664,19.152090127933377,20.64696527180647,19.778446419706025,19.436258944966323,16.796771642838937,19.10200836034914,20.55572023435365,Dushanbe
Dushanbe,2024-02-02,21.652173913043477,16.1832276533933,16.881565466546395,17.064757291603282,17.469386094968424,13.848384188193556,15.652045225654835,16.609441819196938,Dushanbe
Dushanbe,2024-02-03,37.958333333333336,17.23205092704608,18.06193064309064,18.78797889550281,18.683549876382312,14.695582661222737,15.931212559031913,15.52955452849664,Dushanbe
Dushanbe,2024-02-04,57.73913043478261,21.986950788560335,23.44871861607908,23.353341937522472,23.31742137486308,18.368479097845885,21.44679291649114,19.90417919101423,Dushanbe
Dushanbe,2024-02-05,47.5,28.624548935912536,30.62752434323418,28.49448001686405,30.76900381208249,23.71058665129847,29.521149856083508,19.855767249891635,Dushanbe
Dushanbe,2024-02-06,41.791666666666664,29.037320767756643,31.82002433584198,28.728622811544376,29.850968359378033,24.753000225384117,30.033988106634716,20.73565541222228,Dushanbe
Dushanbe,2024-02-07,25.708333333333332,21.075540217197492,21.398594567201396,22.718358353408636,22.674677118915806,17.598107747454208,20.987963299007404,25.03009665927697,Dushanbe
Dushanbe,2024-02-08,34.208333333333336,27.95043149747063,29.2396711438383,29.375250532896477,31.146620995197864,22.045597822470924,27.945016992949583,21.231055577556837,Dushanbe
Dushanbe,2024-02-09,21.958333333333332,24.721788442745453,25.723235983669394,25.68868845319764,26.200301281184757,20.654002994603065,25.342713501072403,21.327818175491068,Dushanbe
Dushanbe,2024-02-10,30.708333333333332,25.38505371527104,25.989408803377028,27.80225957285079,26.761367194918424,21.444604868293936,24.927628136915033,20.847776391389964,Dushanbe
Dushanbe,2024-02-11,24.791666666666668,30.053601503609958,30.546365640041888,32.817542007558274,32.511111674053424,24.932113781536632,29.46087441485957,21.43550714434445,Dushanbe
Dushanbe,2024-02-12,29.75,22.36675851389483,21.975833010207044,25.04566703555593,24.90788483628077,18.87740550679863,21.027002180631776,17.238594993200188,Dushanbe
Dushanbe,2024-02-13,30.708333333333332,18.997035296589427,18.42352370507436,21.458061421539647,20.034473042213516,15.962391928448447,19.106726385671184,16.006695965968213,Dushanbe
Dushanbe,2024-02-14,21.916666666666668,20.620241316359802,19.81921588133448,24.031947393844984,20.53482314505237,18.124756059489098,20.59046410207808,16.378375541973803,Dushanbe
Dushanbe,2024-02-15,24.565217391304348,27.040571373493048,26.130989254076535,30.40810220564883,29.120677287505067,23.156042501786757,26.387045618448052,18.471908444565535,Dushanbe
Dushanbe,2024-02-16,40.375,20.487492025268807,19.831819804897687,22.0272318635935,22.318175674347092,19.277239895667208,18.982992887838545,27.621000151027367,Dushanbe
Dushanbe,2024-02-17,39.541666666666664,18.813152743699575,19.13708524628741,20.033507707549127,17.490622790432184,18.596058890433838,18.808489083795322,18.604071169773754,Dushanbe
Dushanbe,2024-02-18,35.75,18.360325686087428,17.775869758290444,21.66372337354235,18.47795509193961,16.017768033857436,17.866312172807294,13.68353341474721,Dushanbe
Dushanbe,2024-02-19,41.208333333333336,16.44905463458071,16.931194994904345,17.201725374807438,16.371430876697847,16.11823476684712,15.622687159646791,16.90188655429187,Dushanbe
Dushanbe,2024-02-20,70.33333333333333,19.774174018042686,19.356303906582916,20.83850949151202,20.817070786525374,18.796582798719655,19.06240310687346,18.780688557155592,Dushanbe
Dushanbe,2024-02-21,70.33333333333333,23.31238982838341,22.517715739193314,24.545085390001834,25.049933573602274,20.232235929011548,24.216978510108056,22.393991991391196,Dushanbe
Dushanbe,2024-02-22,44.75,26.50022087424086,25.221584804537663,28.665171331356003,29.368642282727937,22.79859098303825,26.44711496954443,18.73997090568286,Dushanbe
Dushanbe,2024-02-23,46.75,25.626287590457043,25.70092364853467,28.384085727508918,27.032916235655282,21.68415744711532,25.329354893471027,23.500353216247497,Dushanbe
Dushanbe,2024-02-24,48.75,22.59860384684971,23.376810297447946,24.96173345194716,23.646085362230437,18.875554296066934,22.13283582655608,23.002120649932515,Dushanbe
Dushanbe,2024-02-25,53.708333333333336,21.126054979572473,21.43113749239581,23.734957517515987,21.579186599008167,18.558193282079905,20.326800006862495,24.47970226255142,Dushanbe
Dushanbe,2024-02-26,28.083333333333332,22.363481480289202,22.479023081643994,25.33307527393885,24.28056270724549,19.12639241104816,20.598353927569526,12.768362697760885,Dushanbe
Dushanbe,2024-02-27,74.29166666666667,19.821069996143937,21.465828037547652,23.428674888354255,19.24741629429062,17.070602209103686,17.892828551423477,13.893773018251402,Dushanbe
Dushanbe,2024-02-28,69.58333333333333,19.50409839253919,20.833284905382534,23.488232517602427,18.359916086577705,17.10027457418568,17.738783878947608,14.100502762685544,Dushanbe
Dushanbe,2024-02-29,55.5,18.8452926966688,19.50933446129013,20.627251361815826,19.002593766595584,16.435034037880683,18.652249855761777,15.349214563313232,Dushanbe
Dushanbe,2024-03-01,57.083333333333336,18.439021541572533,19.643073480815122,21.49930849379157,16.747257587353165,16.55870459650532,17.746763549397482,14.101100728806607,Dushanbe
Dushanbe,2024-03-02,58.833333333333336,16.180548778468257,17.60863717050651,17.081793320720557,14.486794911901868,16.300689528200294,15.424828961012047,16.285062629021688,Dushanbe
Dushanbe,2024-03-03,87.16666666666667,20.93330501448782,23.095761030188296,22.002922922901636,20.686437028086505,18.97371347148399,19.907690619778695,19.058622233229464,Dushanbe
Dushanbe,2024-03-04,161.3913043478261,24.887420955973237,26.940913966302787,27.459090915930005,24.946002890599498,21.093112583632,23.997984423401906,18.83881139702998,Dushanbe
Dushanbe,2024-03-05,114.79166666666667,26.419552274126602,28.46929472948594,27.49735580894962,26.84376970046246,22.087475057403886,27.1998660743311,23.349341568616403,Dushanbe
Dushanbe,2024-03-06,69.29166666666667,32.88260363692145,33.421663454965234,34.53676108668949,34.86296941005937,29.049542934456156,32.54208129843701,42.335354330573175,Dushanbe
Dushanbe,2024-03-07,52.5,25.555609008727277,27.15563829226978,24.91538857893495,26.84470593534558,21.843244587644115,27.019067649441954,20.288932753357805,Dushanbe
Dushanbe,2024-03-08,33.333333333333336,26.33024004746208,26.941650468202663,27.849187766950813,26.956957504645104,24.345536520220403,25.557867977291423,25.462089767229138,Dushanbe
Dushanbe,2024-03-09,20.73913043478261,24.948239264769388,24.889527540097774,26.541948416458865,27.254866039985266,22.555286792881372,23.499567534423655,30.492107946981598,Dushanbe
Dushanbe,2024-03-10,33.0,24.867173374253348,27.47491668602863,27.65648871830731,24.35045404612305,22.679237509060634,22.174769911747124,18.064542747834814,Dushanbe
Dushanbe,2024-03-11,21.434782608695652,35.152842147206215,38.465368646996424,36.89616381875922,36.31838142382621,30.807091459038205,33.27720538741101,36.32978673179627,Dushanbe
Dushanbe,2024-03-12,19.875,22.455892952432485,24.53519443444945,21.584453688818794,21.581202394079405,22.550397676047073,22.0282165687677,12.009028213581466,Dushanbe
Dushanbe,2024-03-13,14.375,20.646140020352288,22.089046614313496,20.348640859523833,21.64284034096556,18.310595348962202,20.83957693799636,18.004243426742953,Dushanbe
Dushanbe,2024-03-14,18.52173913043478,23.80916892618631,26.553325152747504,23.56640118096222,24.992767700134497,22.18238260141727,21.750967995670056,18.522061215390742,Dushanbe
Dushanbe,2024-03-15,15.26086956521739,17.23331110892244,18.960589355450143,18.679827095776062,17.39680222339657,15.24094102367043,15.888395846319,16.111719067294864,Dushanbe
Dushanbe,2024-03-16,13.708333333333334,15.529980881258293,16.55325561336889,17.637998398174748,15.031554428173262,14.137272963683346,14.28982300289123,16.06472199439485,Dushanbe
Dushanbe,2024-03-17,17.75,23.834242342069473,23.605331944240653,25.09859126601873,23.702105951615554,23.90829922849328,22.856883319979154,21.293025562256155,Dushanbe
Dushanbe,2024-03-18,18.291666666666668,28.44290791371546,30.774964816641948,28.784315016081226,30.59666861862,26.2226281958713,25.83596292136281,28.8432491197293,Dushanbe
Dushanbe,2024-03-19,13.458333333333334,24.449426480976594,27.53948444549672,24.507795842369745,24.594554043920223,22.398389254977644,23.206908818118652,17.65140433546525,Dushanbe
Dushanbe,2024-03-20,17.625,17.806722677751225,18.204232906055903,18.886227797750863,18.58310953146332,16.942763635681366,16.417279517804676,15.896771007943236,Dushanbe
Dushanbe,2024-03-21,14.578947368421053,22.75902602777424,24.119712770651823,22.129656646786206,23.84602942856993,22.16269490555291,21.537036387310327,18.859233283434143,Dushanbe
Dushanbe,2024-03-22,13.541666666666666,23.150482849933745,26.839574044542406,22.54332537707813,23.339809688327673,22.755813426435363,20.273891713285142,14.49183195395937,Dushanbe
Dushanbe,2024-03-23,13.25,22.558918140847542,23.327773766204857,23.143580842173918,23.04088248806022,21.970919651685875,21.311433956112836,18.062023873836544,Dushanbe
Dushanbe,2024-03-24,12.291666666666666,17.350362395336685,16.918997231950435,18.454516122817424,17.70740151655698,16.985413457592333,16.685483647766254,16.86969230702379,Dushanbe
Dushanbe,2024-03-25,8.416666666666666,19.62653748350985,20.175388859148295,20.180877124075987,20.390945501186142,19.433107513555523,17.9523684195833,16.16978151103671,Dushanbe
Dushanbe,2024-03-26,7.041666666666667,24.890172337577823,25.663154451371476,24.263126431072525,26.812183284585082,24.1536756367886,23.55872188407143,19.781628332664006,Dushanbe
Dushanbe,2024-03-27,12.5,25.21575531517374,25.901650900003045,23.79396315792437,27.176865369528,23.266527972886543,25.939769175526735,23.241636612551467,Dushanbe
Dushanbe,2024-03-28,50.833333333333336,23.61969849372468,25.288712839382413,23.370411969959477,24.315702455666507,22.77937237292158,22.344292830693416,19.649480706488923,Dushanbe
Dushanbe,2024-03-29,61.5,19.228855545387542,20.65014918981513,19.63545542243293,19.038963268368132,18.541145393944742,18.27856445237677,14.462400163621162,Dushanbe
Dushanbe,2024-03-30,18.458333333333332,19.302908428847523,19.216521474885543,19.057893828481976,20.87370828297131,18.591830409700908,18.774588148197875,17.30380682913141,Dushanbe
Dushanbe,2024-03-31,21.916666666666668,18.42407712883077,19.88619665254004,19.48331423413392,17.638521262782827,18.589335104792937,16.523018389904117,13.834753340217723,Dushanbe
Dushanbe,2024-04-01,14.545454545454545,18.71187221023611,18.678150780946677,19.02301929998142,19.05266742952357,18.044427384043814,18.761096156685067,16.28817080940143,Dushanbe
Dushanbe,2024-04-02,27.041666666666668,21.84866394128247,22.23313953529101,21.37807542974025,22.87932335320462,21.36047577990624,21.392305608270238,26.69785237058681,Dushanbe
Dushanbe,2024-04-03,25.0,17.164635586492174,17.89136898321136,17.064084887948912,16.31470372449861,16.537514671461974,18.01550566534002,15.299172370701278,Dushanbe
Dushanbe,2024-04-04,32.583333333333336,19.605563379518276,19.003193701697242,20.091927279689575,19.559294822197323,19.56328371128431,19.810117382722943,17.963894813403606,Dushanbe
Dushanbe,2024-04-05,20.083333333333332,22.90617743026304,22.588416477441,23.877682232605608,24.166371586260095,21.765474365492814,22.132942489515674,20.155418220594804,Dushanbe
Dushanbe,2024-04-06,12.041666666666666,21.14547188241589,22.69493617831963,21.486301738882116,22.118320070530977,20.400146640617937,19.027654783728796,15.477481293883436,Dushanbe
Dushanbe,2024-04-07,16.166666666666668,19.379570664061767,20.05965150520198,19.388421896110945,20.475808815345744,18.65367834804934,18.320292755600818,16.47879255001589,Dushanbe
Dushanbe,2024-04-08,13.5,24.189320259842063,25.71075349033205,22.680825534927738,26.231204183756695,21.93492485488311,24.388893235310714,17.938164284584893,Dushanbe
Dushanbe,2024-04-09,21.375,25.41127527495675,26.55270022019822,23.794280786785123,28.325355465723575,24.027172217714334,24.3568676843625,19.901583933671866,Dushanbe
Dushanbe,2024-04-10,17.75,23.332522096205867,23.382517567724605,23.40900205111163,24.034045059777004,22.707008744053997,23.13003705836211,18.547469779532314,Dushanbe
Dushanbe,2024-04-11,14.916666666666666,22.624392116092206,23.892007879558335,23.146677679092257,22.293966667152844,21.453877994932345,22.335430359725272,19.0498412572831,Dushanbe
Dushanbe,2024-04-12,14.041666666666666,18.8833474280045,20.531899116513898,18.809079228736138,17.365875438629825,18.440159180387692,19.26972417575494,15.661520078095684,Dushanbe
Dushanbe,2024-04-13,14.291666666666666,23.60673247219886,23.84293927361501,23.43411520062351,26.039343000439384,21.89092721237037,22.826337673946032,22.72413590359951,Dushanbe
Dushanbe,2024-04-14,14.208333333333334,21.89100559537582,22.388094834637382,21.15420812062217,24.452339009972057,21.475085099083017,19.98530091256447,19.191433328684063,Dushanbe
Dushanbe,2024-04-15,14.375,22.715699419231647,23.03300498540664,22.20872924111739,24.36679756210671,21.431557533958156,22.538407773569343,18.553930389357213,Dushanbe
Dushanbe,2024-04-16,16.125,17.288946091991534,19.321028177174032,16.92624168497867,17.858561215044066,16.22334862248673,16.115550760274168,14.72252697260307,Dushanbe
Dushanbe,2024-04-17,19.166666666666668,19.690262445650607,20.90979626312616,19.611401504621792,20.68347387384487,18.608640186973354,18.638000399686845,16.167899905054576,Dushanbe
Dushanbe,2024-04-18,14.166666666666666,24.364074270292566,24.849041294174974,24.53645561399904,26.92940814131418,22.604953500161844,22.9005128018128,21.257694712898903,Dushanbe
Dushanbe,2024-04-19,21.083333333333332,27.65440082058735,29.739862893982128,26.954571890267445,28.550624141450296,26.029140470061332,26.997804707175565,29.16214780496579,Dushanbe
Dushanbe,2024-04-20,19.083333333333332,23.961093777585912,25.214908658901727,23.60869983805034,26.683515348324914,22.757119076602795,21.54122596604979,19.761315692205464,Dushanbe
Dushanbe,2024-04-21,26.958333333333332,18.942155378087723,20.21931172254558,18.94951216579214,19.84178959372303,17.8349936921159,17.865169716261956,16.48809133398094,Dushanbe
Dushanbe,2024-04-22,21.416666666666668,22.368015015778646,25.411805501126576,20.829841819718553,22.926805690425542,21.48789383909649,21.18372822852606,15.288700969177619,Dushanbe
Dushanbe,2024-04-23,23.166666666666668,20.934925851098235,23.607967197926666,20.22037076054715,20.59677605188676,19.93223878069834,20.317276464432247,15.286746310520464,Dushanbe
Dushanbe,2024-04-24,21.75,18.809909671425135,20.223596381206427,18.095657593889424,20.168810806439506,17.607345834645365,17.95413774094496,16.065012428738093,Dushanbe
Dushanbe,2024-04-25,23.958333333333332,26.54456604524716,28.035153498329752,25.696847205618965,27.77749075717285,26.05508050800626,25.158258257107974,27.022007295711084,Dushanbe
Dushanbe,2024-04-26,14.625,20.809031980442672,20.959508975588836,21.175042358142054,22.739096937913526,19.08473463124527,20.086776999323668,18.850928815209947,Dushanbe
Dushanbe,2024-04-27,23.91304347826087,20.790935861267773,21.07499961235881,21.53267296194241,22.35601902625265,18.773275478609143,20.217712227175852,18.559407785671503,Dushanbe
Dushanbe,2024-04-28,10.375,20.595030513676328,21.35687827806585,21.053537925542745,21.600879347159577,19.28706484452237,19.676792173091105,18.309537883124896,Dushanbe
Dushanbe,2024-04-29,19.875,33.676100614149775,34.4863344302217,33.332437470981915,35.49249614236567,32.846606754435065,32.22262827274453,37.85490987068646,Dushanbe
Dushanbe,2024-04-30,18.291666666666668,23.882161817759016,24.72769119304682,22.982633678624182,25.683562108740297,23.044363914054916,22.972558194328847,19.822828265018636,Dushanbe
Dushanbe,2024-05-01,14.791666666666666,19.012456017928706,21.188748052319568,18.199153834905623,19.67075362889617,18.545433545886652,17.458191027635507,15.921983284654054,Dushanbe
Dushanbe,2024-05-02,22.75,18.006285123070718,19.62535091161507,17.162695613130257,18.843160086565817,17.912355053764195,16.487863950278253,16.841412706140538,Dushanbe
Dushanbe,2024-05-03,17.291666666666668,19.042302633913884,21.930297912138816,18.65816557339826,19.186770288854298,18.891796679412245,16.5444827157658,14.774403253651705,Dushanbe
Dushanbe,2024-05-04,15.625,17.2305517160545,18.29212182064125,17.382779661343804,18.503622415134842,16.50633653063495,15.467898152517645,16.92706596840116,Dushanbe
Dushanbe,2024-05-05,12.0,18.418099447340175,20.818561316503324,18.64315545042952,17.9393229962353,18.47788101190969,16.211576461623036,15.039779419138647,Dushanbe
Dushanbe,2024-05-06,13.541666666666666,17.76871087455233,19.63686562970989,17.656038476990958,18.029414045631363,17.60058729107397,15.920648929355462,15.301432340690205,Dushanbe
Dushanbe,2024-05-07,9.708333333333334,16.602961952961273,18.247349175977305,16.71953872887628,16.384724521769602,16.250966997928437,15.412230340254727,14.013065594068955,Dushanbe
Dushanbe,2024-05-08,11.958333333333334,16.531367797937204,18.299667526584688,16.32268509089296,17.11088037733768,15.632182718307423,15.291423276563275,16.02701748821095,Dushanbe
Dushanbe,2024-05-09,120.20833333333333,23.715660803400706,24.991967699310788,23.236738423665923,25.048143778175344,22.645180722449904,22.656273393401577,24.543898022370506,Dushanbe
Dushanbe,2024-05-10,113.16666666666667,19.805057993644418,20.284372007169424,20.07246935844926,20.802879766184528,18.843586933982476,19.02198190243639,19.983687146788945,Dushanbe
Dushanbe,2024-05-11,16.208333333333332,20.62877262390004,20.02651101034965,21.615690779252265,22.039710497955475,19.726325380288593,19.735625451654215,21.448347539758053,Dushanbe
Dushanbe,2024-05-12,17.458333333333332,17.252941008584827,19.485644654341677,17.906273739976076,16.54391121208907,17.223122143625474,15.105753292891826,13.990065991846215,Dushanbe
Dushanbe,2024-05-13,14.083333333333334,19.076393166379674,20.719909924221486,18.522499734727422,18.543090118187493,19.683608218908024,17.912857835853938,13.808749918579558,Dushanbe
Dushanbe,2024-05-14,8.25,16.615933625879258,18.07004921297133,16.4570737271278,16.34206869776953,16.468158738924235,15.742317752603398,14.477671947458695,Dushanbe
Dushanbe,2024-05-15,12.958333333333334,21.536815764536335,21.85302541314859,22.04571533370009,22.00516344982709,20.5781717296147,21.202002896391217,20.096147410112955,Dushanbe
Dushanbe,2024-05-16,31.0,21.485490431431707,21.279949532334083,22.28948030482787,22.119080891294512,20.185886227054947,21.553055201647123,21.20622921436938,Dushanbe
Dushanbe,2024-05-17,14.458333333333334,27.065998573433852,28.502413479407075,26.183318078129698,27.56221421073072,26.386094671156908,26.695952427744864,26.474721523454484,Dushanbe
Dushanbe,2024-05-18,16.916666666666668,18.135650766141673,19.67924649373957,19.09565714164395,17.758666714018368,17.31672273808764,16.827960743218842,15.755325485981523,Dushanbe
Dushanbe,2024-05-19,95.20833333333333,23.48850891951847,24.32680825812126,23.618867360325343,23.522697232689563,23.516770675614676,22.457401070841495,25.961555125190664,Dushanbe
Dushanbe,2024-05-20,60.666666666666664,20.875914809320207,21.41519068122639,21.43635236067979,21.192384934554543,19.331846679957717,21.003799390182596,18.257618969512116,Dushanbe
Dushanbe,2024-05-21,50.125,19.555406670715985,21.50183712535837,18.797339753493098,19.525878878576854,19.523150875888273,18.428826720263324,16.22504796911334,Dushanbe
Dushanbe,2024-05-22,23.875,20.53798430882066,21.405208918530857,20.074557452347953,20.908447201821705,19.825258795010722,20.476449176392084,18.198385018434685,Dushanbe
Dushanbe,2024-05-23,22.708333333333332,22.07031656802914,23.752107135975876,21.30253246622398,23.10347202506238,20.861161143004193,21.33231006987927,19.815222793210744,Dushanbe
Dushanbe,2024-05-24,17.541666666666668,22.921532898903273,23.652449518797127,23.189586759429893,23.98052529081215,22.42920241673275,21.355900508744448,21.04303264699842,Dushanbe
Dushanbe,2024-05-25,12.583333333333334,23.836945424753747,24.80862695321437,23.229005328640703,24.46966485679688,23.220218757548135,23.457211227568642,30.278014315269722,Dushanbe
Dushanbe,2024-05-26,13.25,19.022287289018028,19.904716673375617,18.9195268140984,19.204828396430187,18.136026450773002,18.946338110412928,17.784762992915596,Dushanbe
Dushanbe,2024-05-27,14.041666666666666,18.111136684598513,17.59428914210003,18.58263534918184,18.73375420470202,16.68649441864176,18.958510308366904,18.871721516104337,Dushanbe
Dushanbe,2024-05-28,16.791666666666668,17.52854731758602,19.896291332455547,16.889137762464777,17.780767180715046,16.679838446916097,16.396701865378635,15.97791232383178,Dushanbe
Dushanbe,2024-05-29,17.291666666666668,16.25697801428253,17.67230789659775,16.199508672390376,16.07823033487929,15.240121926129337,16.094721241415915,16.86791106520308,Dushanbe
Dushanbe,2024-05-30,13.166666666666666,15.992253825837029,18.28065743452802,15.619747654135981,15.420779205386872,15.365541611668355,15.274543223465912,14.00465210194374,Dushanbe
Dushanbe,2024-05-31,12.583333333333334,16.40322932773273,18.384533566531015,16.495077169738053,15.60324946966361,16.251456545220563,15.281829887510419,14.183356708611875,Dushanbe
Dushanbe,2024-06-01,17.708333333333332,20.061939065340816,22.809727540645348,20.11486956767041,19.826705134758598,19.728102396178475,17.830290687451257,15.46893923793197,Dushanbe
Dushanbe,2024-06-02,13.625,18.484831015715805,20.836370326482196,18.174891264380513,18.52638532454993,18.008158042019243,16.87835012114715,15.789754834242778,Dushanbe
Dushanbe,2024-06-03,14.916666666666666,22.24593376908703,23.29496906941681,20.919874418211528,24.385634482645745,20.77458155026358,21.854609324897492,17.586530895511935,Dushanbe
Dushanbe,2024-06-04,17.125,17.78098973843788,20.727974965957863,17.442550948366094,17.277427321311723,17.290754248045317,16.16624120850841,15.415002604994235,Dushanbe
Dushanbe,2024-06-05,20.958333333333332,19.05838246785355,22.38080134539293,18.458592860654008,18.29657408468498,18.592676647053924,17.563267401481923,15.27381398864042,Dushanbe
Dushanbe,2024-06-06,25.458333333333332,18.184073807948344,21.602768437094753,17.503190074250583,18.230201884277776,17.590194375366938,15.99401426875168,15.422763508025575,Dushanbe
Dushanbe,2024-06-07,18.583333333333332,17.2741778551621,18.920779589945653,17.131604078987387,17.60204520088938,16.79168254072407,15.924777865264002,16.53041792066096,Dushanbe
Dushanbe,2024-06-08,24.833333333333332,18.913992211557268,20.08566953738627,19.31000434814762,19.590617575167485,18.188587238964494,17.395082358120476,16.79843419650046,Dushanbe
Dushanbe,2024-06-09,17.541666666666668,19.025119118025096,21.26145722789541,19.502469527542825,18.388509756437916,18.918414217227834,17.054744861021494,14.504607290303731,Dushanbe
Dushanbe,2024-06-10,23.875,19.279216010509874,20.313441931610832,18.860344369145942,20.95825727600454,18.128593508155834,18.135442967632212,16.846035230725867,Dushanbe
Dushanbe,2024-06-11,24.166666666666668,15.83226139759268,17.340224814775844,15.777857081154668,16.375497028868928,14.44514092871887,15.222587134445092,15.96698506473421,Dushanbe
Dushanbe,2024-06-12,18.25,18.10341600344964,21.57452456712289,17.761557937032563,17.726427858601518,16.809573624089396,16.644996030401824,15.21901959739386,Dushanbe
Dushanbe,2024-06-13,23.0,19.705283702607264,20.568135318900485,19.92843739660988,20.228408864323125,18.4531240937404,19.34831283946242,20.09687926913079,Dushanbe
Dushanbe,2024-06-14,20.583333333333332,18.215759883078626,19.010091846081153,18.784918574817752,18.841457009089346,16.92226846942935,17.52006351597554,17.0434319963258,Dushanbe
Dushanbe,2024-06-15,24.041666666666668,18.726043545431267,19.266689369986135,19.32318904967558,19.42466955631079,17.802902795956747,17.812766955227076,17.29790976851381,Dushanbe
Dushanbe,2024-06-16,25.208333333333332,19.58072882757126,20.412296461211955,20.236256492295045,20.299082355966455,18.18888481759404,18.767124010788805,17.432744578497697,Dushanbe
Dushanbe,2024-06-17,16.458333333333332,19.837589033104898,21.74990018603264,20.030704103938714,20.09517765714524,18.532039731428146,18.780123486979754,14.093161301912907,Dushanbe
Dushanbe,2024-06-18,13.875,19.783501350133445,23.19863199827513,19.743622149888918,19.924757222562288,18.575256735191417,17.475238644749485,15.465793976103207,Dushanbe
Dushanbe,2024-06-19,14.75,20.563930892206752,23.925755116487796,20.348765847169425,19.61977651576234,19.69932101838607,19.226035963228135,15.03173008016551,Dushanbe
Dushanbe,2024-06-21,28.333333333333332,19.928216183769035,23.337289642522794,19.78020586261501,19.47074923776711,19.021485164321877,18.031351011618387,14.932480138566909,Dushanbe
Dushanbe,2024-06-22,23.375,18.633113121417377,21.5020861321318,19.250044248170138,17.882196043989396,17.795343962868643,16.735895219926913,15.066393463440356,Dushanbe
Dushanbe,2024-06-23,19.333333333333332,21.291220516026677,24.47906220400817,20.754339856756822,20.619897625830557,21.7849736425327,18.81782925100513,14.455041383369341,Dushanbe
Dushanbe,2024-06-24,13.541666666666666,19.774102956996185,20.84456538945271,19.935063677660104,22.317261808213505,17.53853287749763,18.235091032156973,16.994866844425808,Dushanbe
Dushanbe,2024-06-25,34.833333333333336,20.611490791456173,21.127350966123558,21.74662944472095,21.752972923438193,18.360333590595104,20.070167032403063,18.594705328338016,Dushanbe
Dushanbe,2024-06-26,32.166666666666664,23.23129050768442,25.585680711012845,23.511635260950243,24.063725856862686,21.010031673180023,21.985379036416308,19.34895754457761,Dushanbe
Dushanbe,2024-06-27,31.333333333333332,24.218286626590352,25.64895698880142,24.51138308126621,24.93713546552662,21.880885187236096,24.113072410121404,19.44204752474638,Dushanbe
Dushanbe,2024-06-28,35.416666666666664,22.28581332447348,23.962346577504384,21.940256997716123,23.662695893676997,21.259375623291426,20.60439153017847,17.329288667992607,Dushanbe
Dushanbe,2024-06-29,28.041666666666668,24.56366283196559,27.123588179854718,24.901218930109682,26.137536494636088,23.012257856689224,21.64371269853824,19.84751784872946,Dushanbe
Dushanbe,2024-06-30,44.25,26.36619201807202,26.971487485359685,27.40814948340248,26.001057062026256,25.3788122106457,26.071453848925973,25.155492353105494,Dushanbe
Dushanbe,2024-07-01,28.708333333333332,28.842633360592366,28.830684204220823,30.388493478331217,29.46243677018116,27.19817403244515,28.3333783177835,28.551574879413458,Dushanbe
Dushanbe,2024-07-02,44.791666666666664,19.094855099576385,19.347725015060092,18.828775427684874,20.836392299636266,17.467617767826116,18.993764987674584,17.557983952924353,Dushanbe
Dushanbe,2024-07-03,37.541666666666664,16.436951830581755,17.4560653087959,16.54954305098219,17.06712076933246,15.210381074523745,15.901648949274485,16.963784596539192,Dushanbe
Dushanbe,2024-07-04,34.166666666666664,19.840251300238556,20.68828859161066,20.00054696389789,20.802203280575668,17.89816089163813,19.81205677347043,18.225368322914385,Dushanbe
Dushanbe,2024-07-05,35.625,16.780189370949536,18.02871321509983,17.158508210036196,17.63343209752172,15.028142511346989,16.05215082074295,16.04914645353778,Dushanbe
Dushanbe,2024-07-06,45.0,15.386924373996715,16.758671414198385,16.096573641743444,15.485842652160734,14.132622996161455,14.460911165719553,15.876080003477902,Dushanbe
Dushanbe,2024-07-07,33.416666666666664,15.79661614406368,16.791577296534662,15.651516831636936,16.43965351549231,14.961852927482026,15.138480149172466,16.969166957762575,Dushanbe
Dushanbe,2024-07-08,24.916666666666668,23.13121250323485,23.998675816306662,22.613054959230627,24.387802838419173,22.03836566328337,22.61816323893442,17.531827098464184,Dushanbe
Dushanbe,2024-07-09,24.5,23.39350539504297,25.045043753007963,22.744599844814513,24.989012435545824,22.088708504341827,22.10016243750472,17.81226144087872,Dushanbe
Dushanbe,2024-07-10,22.583333333333332,17.746288689883244,20.035011887924252,17.6370837279318,17.22907887546742,16.92690746018387,16.903361497908882,14.766254438695562,Dushanbe
Dushanbe,2024-07-11,29.125,20.26314596772007,22.677655696425397,20.39729258152598,19.634464951490862,19.867306936569534,18.739009672588576,14.563392267190004,Dushanbe
Dushanbe,2024-07-12,22.916666666666668,17.22984162287605,17.649848213887328,15.888543132825397,18.72102245009922,16.300530359937287,17.589263957631022,17.671924365584793,Dushanbe
Dushanbe,2024-07-13,20.083333333333332,24.481631906567667,24.316230241396823,23.93903988385001,25.035935237344216,24.337777971114427,24.779176199132856,23.78159935373764,Dushanbe
Dushanbe,2024-07-14,17.5,22.25963297801475,23.079969054351835,21.735985775251812,23.64349353134729,21.965789608938046,20.872926920184756,20.65553017244587,Dushanbe
Dushanbe,2024-07-15,21.083333333333332,21.949190523200183,23.350976110759817,20.540634850900396,24.18753534170071,20.26936245540504,21.397443857234954,17.884985489883768,Dushanbe
Dushanbe,2024-07-16,24.833333333333332,21.008905198572567,21.434292444924267,19.965433396639533,22.754853775845543,20.651061273566746,20.23888510188674,17.47049615813784,Dushanbe
Dushanbe,2024-07-17,31.125,18.9740420500381,19.77622192651434,18.517572735309788,19.530829109069046,17.90420334879053,19.14138313050681,19.417583538354158,Dushanbe
Dushanbe,2024-07-18,26.08695652173913,19.193436202219583,19.269234156344645,19.272951345923335,20.312026841858984,18.730967457399068,18.382001209571882,16.446365600001847,Dushanbe
Dushanbe,2024-07-19,28.26086956521739,19.093885773896872,20.183298408581912,19.162172505867908,19.628410148456005,18.04630441302201,18.449243393556525,18.78291744089983,Dushanbe
Dushanbe,2024-07-20,28.0,18.29747499869336,20.062041245173972,18.20620323618067,18.363593469047288,17.260221567909763,17.595315475155104,15.9452762077999,Dushanbe
Dushanbe,2024-07-21,22.583333333333332,17.38559989894306,17.906278234372774,16.48021765939116,18.21683149846044,16.87974205429102,17.4449300481999,17.767856960785814,Dushanbe
Dushanbe,2024-07-22,25.25,18.365809517476233,18.588324223706202,17.940638200034524,19.65183765506564,17.56306001251674,18.08518749605807,17.20745456962708,Dushanbe
Dushanbe,2024-07-23,23.041666666666668,20.6252476884203,22.50443341626746,19.45059007018507,21.679400969781547,19.63202885598069,19.859785129886735,17.896513601682265,Dushanbe
Dushanbe,2024-07-24,21.833333333333332,19.034524841317115,21.272540538330492,17.27863969961437,20.077115125972387,18.147996901225177,18.39633194144317,16.88977624153926,Dushanbe
Dushanbe,2024-07-25,27.333333333333332,19.27959623010964,20.452544602574044,18.53736919178842,20.80097353687466,18.140125637399315,18.466968181911742,17.37844934352301,Dushanbe
Dushanbe,2024-07-26,32.916666666666664,19.55747689329101,21.611144152169437,17.89613114889826,20.529821981006503,19.354174701713678,18.39611248266718,16.308349779007806,Dushanbe
Dushanbe,2024-07-27,40.541666666666664,17.20271793304468,19.484614173014705,16.867098928127106,16.211361610765547,17.06682977709231,16.383685176223732,14.984881111016982,Dushanbe
Dushanbe,2024-07-28,38.041666666666664,16.415078836635924,18.227460166006836,15.794637819543674,16.86876737303562,15.625950485527738,15.558578339065761,16.03874943695677,Dushanbe
Dushanbe,2024-07-29,49.583333333333336,20.881515928551572,21.331000104096947,20.662663292174276,20.71074138911755,20.75092476835144,20.952250089017635,18.427713130490467,Dushanbe
Dushanbe,2024-07-30,129.91666666666666,25.47891739999176,25.7077968784711,24.29062668812638,25.02229367173502,26.486439883123698,25.887429878502605,24.75811955177482,Dushanbe
Dushanbe,2024-07-31,99.08333333333333,21.708492496992793,22.592166873831005,21.180534291175967,21.94544715269346,21.233308344122843,21.591005823140677,20.773260886512382,Dushanbe
Dushanbe,2024-08-01,132.375,25.1089376611094,26.181542411160173,24.513127002368666,25.500999409384065,24.348695517900158,25.000323964733933,23.21455605253481,Dushanbe
Dushanbe,2024-08-02,47.375,22.956331995071064,24.030486842785155,22.59132304674225,24.05216950507246,22.422705739100312,21.68497484165515,20.364639305496205,Dushanbe
Dushanbe,2024-08-03,68.16666666666667,20.85878278914929,22.052789586698857,20.32121350400659,21.122919531203333,20.059374056521158,20.737617267316516,20.183725355009067,Dushanbe
Dushanbe,2024-08-04,51.666666666666664,20.842650390023188,21.56062833982959,20.786562395803102,21.49972148595656,19.720955760512183,20.64538396801451,19.312427654353762,Dushanbe
Dushanbe,2024-08-05,41.25,20.86187578261115,21.921713145744015,19.549689333335802,21.959320824097823,19.982587911461366,20.896067698416736,17.86033587420183,Dushanbe
Dushanbe,2024-08-06,52.75,17.749613458153185,19.226125132755996,16.144773048287796,19.27740368553559,17.19652472230729,16.90324070187924,16.87934813871356,Dushanbe
Dushanbe,2024-08-07,51.875,22.649457326108323,27.062569979305618,20.598935145074154,22.474194733103236,22.180542985236368,20.931043787822233,15.4880295228404,Dushanbe
Dushanbe,2024-08-08,52.25,20.6042674780151,24.457965388621954,19.157464543843687,20.052628884727365,20.121700699947453,19.231577872935038,15.283066365283041,Dushanbe
Dushanbe,2024-08-15,46.34782608695652,21.999268581008412,23.50675608194621,22.713909837393537,22.379410129101814,20.25641836394923,21.139848492651264,19.067296627765465,Dushanbe
Dushanbe,2024-08-16,74.20833333333333,32.74385833265487,34.99556586495655,30.71089417925087,32.40587074929632,31.399501322685353,34.207459547085215,28.66873982382662,Dushanbe
Dushanbe,2024-08-17,99.45833333333333,23.519305213038944,26.336600931876085,23.179011721550648,22.833124453901394,21.434962002937908,23.81282695492869,22.62314024731699,Dushanbe
Dushanbe,2024-08-18,113.66666666666667,23.12107654284066,22.658494652756957,22.862301448694794,24.29342974276943,23.156006486471547,22.63515038351058,22.124712281749673,Dushanbe
Dushanbe,2024-08-19,106.41666666666667,25.725673142774305,26.750708103779164,25.124965396455508,27.627753609723325,25.23035498714727,23.894583616766244,19.739658349619496,Dushanbe
Dushanbe,2024-08-20,57.5,21.29212015714422,21.65639895384436,21.001261928588626,22.27612256098113,20.969313015049245,20.557504327257735,21.26632158988945,Dushanbe
Dushanbe,2024-08-21,42.875,20.395570800064053,21.318486900828113,20.23240362077715,20.836068090296425,19.60109643559955,19.989798952819026,19.89307518441114,Dushanbe
Dushanbe,2024-08-22,42.375,18.726329107225194,21.05876854221903,17.252435516305912,19.95273404717361,17.33693501012179,18.03077242030563,17.502292501473896,Dushanbe
Dushanbe,2024-08-23,40.708333333333336,19.616536245451808,20.996595202963128,18.503040051176907,20.680711391728053,18.4413236476483,19.46101093374266,18.1416237560777,Dushanbe
Dushanbe,2024-08-24,33.583333333333336,18.544698744353852,19.585765463109244,17.38470407549722,20.381932032091637,17.09736664104278,18.27372551002837,16.968151769828857,Dushanbe
Dushanbe,2024-08-25,29.458333333333332,17.225950399343226,17.91510493411024,16.736373629076095,18.189334703518433,16.202525498299114,17.086413231712246,16.283862699976673,Dushanbe
Dushanbe,2024-08-26,50.791666666666664,21.27201338358053,22.434153049167413,19.950707003090834,23.36108026814247,20.466773508226463,20.147353089275455,16.296141766629027,Dushanbe
Dushanbe,2024-08-27,56.5,19.039865787115136,20.043029910684552,18.17201470357098,20.17552034760645,18.49562737559594,18.313136598117747,16.10702593252517,Dushanbe
Dushanbe,2024-08-28,45.416666666666664,22.807863848851138,24.168299557731093,21.73782486843799,24.213660988405792,20.981078476771014,22.938455352909806,17.867668675234874,Dushanbe
Dushanbe,2024-08-29,38.166666666666664,15.977394455154354,16.484782864053702,14.429176393367058,17.772464162492632,15.403225288661172,15.797323567197193,16.29219781035635,Dushanbe
Dushanbe,2024-08-30,44.166666666666664,20.110470601675342,20.27786911351211,19.217404922425043,21.53891533120526,19.615743382526155,19.90242025870813,16.391185739321138,Dushanbe
Dushanbe,2024-08-31,41.25,19.789117768899303,19.84656080988635,19.764697727210713,21.62148425501073,17.776665174368993,19.93618087801974,16.205394357042216,Dushanbe
Dushanbe,2024-09-01,43.291666666666664,14.744389319556593,15.686166843157125,14.18028617255211,15.997801237495732,12.973075282748251,14.884617061829738,16.03990895388369,Dushanbe
Dushanbe,2024-09-02,83.5,16.120041722276763,16.070394883108825,15.031135748420866,18.329439247228006,15.304987226412322,15.864251506213808,17.990316345032845,Dushanbe
Dushanbe,2024-09-03,66.83333333333333,23.11581108343158,23.140968576805477,23.563353322407682,24.91614209219492,21.803848797213245,22.154742628536585,18.876814331162898,Dushanbe
Dushanbe,2024-09-04,64.125,18.086363556989067,18.487005309989264,17.75515717930535,18.567997968141505,15.799662679530488,19.821994647978734,17.463650522968003,Dushanbe
Dushanbe,2024-09-05,61.875,22.33926882475563,23.904612012692237,21.98397032041601,23.23722582254854,20.08613658243123,22.484399385690143,18.137698895641044,Dushanbe
Dushanbe,2024-09-06,96.17391304347827,18.17155085350212,17.852549778934716,17.364556783632352,20.136854098438032,17.404437083256433,18.09935652324904,17.551280870390876,Dushanbe
Dushanbe,2024-09-07,123.29166666666667,14.848229399668412,15.503520167821282,13.51579724721498,16.973002546882682,14.019592627661334,14.229234408761782,16.876020134174944,Dushanbe
Dushanbe,2024-09-08,127.875,19.072482188225027,19.09285563441969,18.1197682740694,20.955955646306208,17.47693162083508,19.716899765494745,17.851025099828114,Dushanbe
Dushanbe,2024-09-09,54.0,18.59073571416578,20.700199220054817,17.7879717288731,20.08480159729642,17.372618070074388,17.00808795453018,14.866120109983619,Dushanbe
Dushanbe,2024-09-10,55.541666666666664,19.620886479109537,21.494962250027278,18.958487786798358,21.285211050975494,18.5692179910327,17.796553316713837,16.332380334331212,Dushanbe
Dushanbe,2024-09-11,58.958333333333336,21.873420027380337,23.372925143706695,20.93384091469627,23.12869977902767,21.29327857302139,20.638355726449674,16.42693047982197,Dushanbe
Dushanbe,2024-09-12,113.83333333333333,23.575197937005278,25.59651327948857,23.775190379252482,23.77071718487182,22.070960593885676,22.662608247527846,18.36440732544792,Dushanbe
Dushanbe,2024-09-13,70.375,15.341262204743378,16.036505846686484,14.807265948496967,16.192635650526494,14.682444964593664,14.987458613413295,16.309859682321296,Dushanbe
Dushanbe,2024-09-14,111.91666666666667,21.064654822711628,21.899069893004352,21.347380852204104,21.93318736558686,20.17683908567173,19.96679691709111,16.658648680005165,Dushanbe
Dushanbe,2024-09-15,50.375,20.994216071166534,24.039894819705214,23.167986602402266,19.775441585569215,18.281387320864386,19.70637002729159,15.52964423451703,Dushanbe
Dushanbe,2024-09-16,38.458333333333336,26.356722007547848,26.415616575584764,27.51469949111426,27.337673388478283,25.356892118239067,25.158728464322888,22.049773115765895,Dushanbe
Dushanbe,2024-09-17,84.83333333333333,26.621363687619986,29.370681338138645,26.80063141441669,27.145725210377634,26.561616105034098,23.228164370132877,19.668669801246544,Dushanbe
Dushanbe,2024-09-18,60.791666666666664,21.9529282618752,23.94339689061504,21.932087362837496,21.956379641272775,21.30461103023937,20.62816638441131,16.24187584154219,Dushanbe
Dushanbe,2024-09-19,61.916666666666664,22.504166710123563,25.562017826208383,23.417069878134996,21.490960629813543,19.785317845053026,22.26546737140787,18.127175757724437,Dushanbe
Dushanbe,2024-09-20,64.58333333333333,17.838570453616324,19.287405802945845,17.574915939823978,17.34848555834367,16.17501447575224,18.807030491215905,19.463403774848068,Dushanbe
Dushanbe,2024-09-21,73.91666666666667,24.272003682692706,25.775117528182236,26.442524972393272,24.20103289062292,20.77187658825217,24.169466434012925,18.164404644364588,Dushanbe
Dushanbe,2024-09-22,58.541666666666664,23.08392447187092,23.642390282292506,25.956121144249153,23.250272577383843,20.331022216930144,22.23981613849894,18.9940938505922,Dushanbe
Dushanbe,2024-09-23,65.45833333333333,19.71575811506694,19.462032769627175,22.200440931105366,19.402687059971615,17.488423865240012,20.025205949390536,17.878864608304404,Dushanbe
Dushanbe,2024-09-24,64.04166666666667,13.730184720501072,14.090241228098764,14.82046472379169,13.523212811729188,11.454907558395101,14.762097280490613,16.033839586652668,Dushanbe
Dushanbe,2024-09-25,66.20833333333333,23.885843588694698,26.361131113162838,25.98985994945497,23.47371343724119,19.996986549055702,23.607526894558784,19.08318569560469,Dushanbe
Dushanbe,2024-09-26,91.75,26.47360299980023,26.09278174738452,26.3304584942375,25.805841105110122,24.982301707743325,29.1566319445257,24.375988780304617,Dushanbe
Dushanbe,2024-09-27,85.70833333333333,19.048243517766643,20.180559713511382,19.50580721382112,18.980068436990603,17.16165153749294,19.413130687017155,18.02510718191092,Dushanbe
Dushanbe,2024-09-28,22.958333333333332,15.558365599306564,16.23933412053674,15.889640487736784,15.63808139470179,12.167065758890471,17.85770623466704,15.572742204154558,Dushanbe
Dushanbe,2024-09-29,37.041666666666664,39.62803850129302,41.058234154681,40.97873004529814,39.41874778021956,35.89358298870047,40.7908975375659,33.2925664787192,Dushanbe
Dushanbe,2024-09-30,30.833333333333332,23.68956069278511,22.079815724701973,24.336477196507296,23.766254093159457,21.812101450359883,26.453154999196943,19.83848240966585,Dushanbe
Dushanbe,2024-10-01,19.208333333333332,31.34788258520023,31.678652188291117,29.879657763427197,29.5181355853122,32.33695162558018,33.32601576339048,26.176876219478565,Dushanbe
Dushanbe,2024-10-02,20.125,24.953374119702644,24.954807651387462,25.266694448690995,25.152988501325208,23.496825105649354,25.895554891460204,22.409432085039263,Dushanbe
Dushanbe,2024-10-03,33.25,19.412966937779025,20.61447936255386,20.000830967888717,18.891853355440052,17.643488514580923,19.914182488431585,19.515953739228046,Dushanbe
Dushanbe,2024-10-04,32.083333333333336,18.967577299424708,20.298823068051814,19.638405395626357,18.55953823408023,16.57658387797578,19.764535921389367,17.642337810156953,Dushanbe
Dushanbe,2024-10-05,40.875,22.653353121720222,23.554818708085264,22.449763152426012,21.03557091873962,21.15185699717137,25.074755832178816,23.329603579595407,Dushanbe
Dushanbe,2024-10-06,72.5,37.68704155400098,36.97254748362089,36.670321292662095,37.88264939579178,37.73020025242541,39.17948934550469,43.00304778665326,Dushanbe
Dushanbe,2024-10-07,45.125,36.15270422503158,35.411918104051665,36.96302927527401,37.06640213656964,35.69636536723414,35.625806242028425,35.52182325789294,Dushanbe
Dushanbe,2024-10-08,42.5,38.09575283339497,40.03826354986053,39.39529577995176,36.69023698839783,36.625922685571865,37.72904516319286,32.45287194259367,Dushanbe
Dushanbe,2024-10-09,41.166666666666664,26.666774624058224,29.16388297880863,27.439639204564838,25.889821417579714,23.323980593702228,27.516548925635693,21.033745853442035,Dushanbe
Dushanbe,2024-10-10,26.875,25.08531207143531,28.660247230341763,26.93756695516265,23.974803190854836,21.864689359937966,23.989253620879325,20.494363092763926,Dushanbe
Dushanbe,2024-10-11,21.791666666666668,22.8305263085685,26.547180498869782,24.181911384441722,21.019478969233703,20.756518495308676,21.64754219498861,18.762710493673232,Dushanbe
Dushanbe,2024-10-12,29.666666666666668,23.656155493937714,25.780267767427958,24.380841643004608,23.260293675658552,23.362636873195726,21.49673751040173,18.357948047890652,Dushanbe
Dushanbe,2024-10-13,21.916666666666668,31.70334945465742,32.40011837693632,32.57571385346715,28.656258935744454,33.66877084528452,31.21588526185468,26.462491306615213,Dushanbe
Dushanbe,2024-10-14,23.541666666666668,38.19663124550557,37.64741990605497,37.0967365816912,38.71067122346197,40.70218811038167,36.826140405938034,28.538248650404277,Dushanbe
Dushanbe,2024-10-15,31.208333333333332,40.87710776511744,41.01483538435664,43.32453205647647,40.810637757810696,40.64617177827541,38.58936184866798,36.54421254223711,Dushanbe
Dushanbe,2024-10-16,29.416666666666668,19.815741682692202,22.267614041633212,19.279872906337918,20.427639525163546,19.336681169883704,17.76690077044264,16.417693868346298,Dushanbe
Dushanbe,2024-10-17,30.208333333333332,16.062245829668818,17.789843927686878,16.28790900958581,15.063225653580869,15.775132251096114,15.395118306394416,14.492885111520529,Dushanbe
Dushanbe,2024-10-18,35.791666666666664,17.869168141699674,20.143824271595157,17.527503456923252,17.858848421222003,18.18786377912427,15.627800779633692,14.226875452775737,Dushanbe
Dushanbe,2024-10-19,33.333333333333336,18.378048540797327,21.040575776360527,18.064904322767706,17.800542274802563,17.392882062604706,17.591338267451125,14.423690905599976,Dushanbe
Dushanbe,2024-10-20,22.625,18.806291416640526,22.707114412194773,19.63045217360041,18.120314537926316,15.069246090534925,18.504329868946208,14.579674353979946,Dushanbe
Dushanbe,2024-10-21,37.083333333333336,22.481504083274217,25.10154763381632,24.68709920686029,22.05296394352432,20.23905533554082,20.326854296629328,17.30436638153582,Dushanbe
Dushanbe,2024-10-22,55.458333333333336,30.05125351873404,30.468910586264986,31.607555135288813,28.06571382202386,29.15487449575998,30.959213554332564,31.726690161219487,Dushanbe
Dushanbe,2024-10-23,47.708333333333336,30.725377479723818,31.51432723208317,30.95294186805634,30.160089030270274,29.831973058299745,31.167556209909577,26.880007106326268,Dushanbe
Dushanbe,2024-10-24,46.583333333333336,16.12798622991434,18.40084939833529,16.67536288618489,14.870828883925363,14.751687257655329,15.941202723470841,16.75106630911022,Dushanbe
Dushanbe,2024-10-25,18.041666666666668,25.787182166679617,27.364442749225955,27.262792423630167,24.13732408729936,24.013806802156356,26.15754477108626,24.990654432014928,Dushanbe
Dushanbe,2024-10-26,27.416666666666668,20.28945579854056,21.28017243997115,21.046683088542387,20.201459944219415,19.975592529656346,18.943370990313497,17.425695550469747,Dushanbe
Dushanbe,2024-10-27,71.79166666666667,23.357085424914157,25.24932993624542,25.197911213553848,22.539843869931932,20.347909783269145,23.450432321570453,23.89719932777529,Dushanbe
Dushanbe,2024-10-28,30.333333333333332,24.462790038286663,24.247079025535673,25.117768632319073,25.885690471850506,24.507037065636926,22.556374996091137,17.4791461277673,Dushanbe
Dushanbe,2024-10-29,57.833333333333336,28.721177153977884,28.369405898062467,31.324856050993176,28.068805482136263,27.36423977552524,28.478578563172288,31.290505739304756,Dushanbe
Dushanbe,2024-10-30,66.83333333333333,22.09306847102621,23.591652200348534,24.409256808993405,21.35381119701263,19.470961457876786,21.639660690899706,20.971194111877814,Dushanbe
Dushanbe,2024-10-31,55.583333333333336,17.706381709254664,19.09149850675584,18.54335675146546,17.23193485086912,15.325217575244778,18.33990086193812,15.27374049187619,Dushanbe
Dushanbe,2024-11-01,49.083333333333336,22.323631278024756,24.921167595996828,22.15241238250617,22.920757515158257,18.951257758454897,22.672561138007637,20.257842955954622,Dushanbe
Dushanbe,2024-11-02,28.5,25.54323918301865,27.846302632617192,26.72940771894444,26.814974842348754,21.898400119688542,24.427110601494306,19.558406003154452,Dushanbe
Dushanbe,2024-11-03,25.0,16.29605134153261,17.993025658731,18.017230877110272,15.679641175833257,13.550787648912658,16.239571347075856,15.960464946955192,Dushanbe
Dushanbe,2024-11-04,27.208333333333332,25.644147435775107,28.681317346874707,26.103742422394724,25.840931328530722,21.75565331107463,25.839092770000743,23.565776438642608,Dushanbe
Dushanbe,2024-11-05,15.125,25.63252899967303,27.83820331915639,25.65976683925106,25.263247011903683,22.2228607672784,27.17856706077561,23.755765796222242,Dushanbe
Dushanbe,2024-11-06,26.125,22.15852469211143,24.04437092449744,24.045977952707148,22.754773197985294,18.05529488974186,21.8922064956254,20.408052578472727,Dushanbe
Dushanbe,2024-11-07,51.708333333333336,22.498960647652417,23.984647689908883,22.562037113861596,22.559621964273536,21.112997202267305,22.275499267950757,28.47637281261745,Dushanbe
Dushanbe,2024-11-08,50.625,17.812196441814727,18.681672053754088,18.918871278869993,17.757529073742706,16.881103232395066,16.821806570311793,18.936921805716104,Dushanbe
Dushanbe,2024-11-09,46.125,20.173159321760615,19.987128676960694,20.938726111926023,21.11141031585277,16.71228996904509,22.116241535018503,23.014735448027515,Dushanbe
Dushanbe,2024-11-10,50.291666666666664,23.500212840305657,24.72988876870094,22.767720000388447,24.79181206228608,20.47863906041314,24.733004309739677,22.50836272649598,Dushanbe
Dushanbe,2024-11-11,48.958333333333336,17.96973720641792,18.392282428431663,19.34800279331014,18.59513957143377,16.09516576395636,17.41809547495769,16.823649137746536,Dushanbe
Dushanbe,2024-11-12,64.5,34.569991147682586,33.93316967940955,35.49796204476574,36.0355840757893,31.360692523135256,36.02254741531307,36.35743572600153,Dushanbe
Dushanbe,2024-11-13,33.25,19.27062764257615,20.82475927439635,20.561004519339665,20.082810830008036,15.326945973548789,19.557617615587912,13.976983789857847,Dushanbe
Dushanbe,2024-11-27,39.1578947368421,18.089547098557023,19.68385451427982,18.852763044983032,19.540645894101328,14.429297453671277,17.941174585749653,15.192216371088755,Dushanbe
Dushanbe,2024-11-28,37.708333333333336,21.485648679662564,24.971686271572157,20.858447207518264,23.670045852831066,17.023834965176427,20.904229101214888,20.39693613737176,Dushanbe
Dushanbe,2024-11-29,65.25,21.87493188190845,23.591512051416803,22.366435699958448,23.402459532990488,18.480716707513018,21.53353541766349,25.79286428611544,Dushanbe
Dushanbe,2024-11-30,71.125,18.429944746836235,19.9776567819098,17.936285573824613,19.94720353728984,16.526841212227104,17.761736628929796,19.586947616671516,Dushanbe
Dushanbe,2024-12-01,35.875,26.5552213762522,26.707278146680302,26.598841682585416,28.469537000893656,25.113246905566474,25.88720314553516,30.33737127905828,Dushanbe
Dushanbe,2024-12-02,77.33333333333333,27.275113461910074,27.699641467224726,29.906661849673217,29.2701060919624,24.667038612885605,24.83211928780442,42.486678617008,Dushanbe
Dushanbe,2024-12-03,112.41666666666667,31.19149687929424,32.675955827907664,32.0889135777892,32.85490503864317,27.33629567125418,31.001414280877015,33.12319085408239,Dushanbe
Dushanbe,2024-12-04,127.875,31.12079815722571,32.67703691299737,34.71983328605745,32.48164197400154,27.34709353551308,28.37838507755909,44.63173608199417,Dushanbe
Dushanbe,2024-12-05,125.83333333333333,26.47365328352102,25.9973913127051,27.880547087250843,27.01879852858057,24.22879854859525,27.242730940473347,28.530398929530968,Dushanbe
Dushanbe,2024-12-06,171.0,34.992189344427665,36.26102453194163,35.80011253515539,37.02171727780897,32.066874438779735,33.81121793845258,45.180815086480145,Dushanbe
Dushanbe,2024-12-07,82.33333333333333,17.38983476377104,18.62585518952059,18.879127152893272,18.24263644550189,13.828630922960807,17.372924107978626,15.831340236031558,Dushanbe
Dushanbe,2024-12-08,46.25,29.10517870303558,29.549456995793463,28.94160999888128,29.899150414958612,27.54575576248067,29.58992034306389,26.804488848012845,Dushanbe
Dushanbe,2024-12-09,84.83333333333333,18.95539140789428,22.413149070525574,18.33486393980931,21.344950671886327,16.12366491913989,16.560328438110304,17.191270182463306,Dushanbe
Dushanbe,2024-12-10,63.416666666666664,33.569270215110194,33.469194175012944,35.58698596240484,36.40059832521447,30.43898654674832,31.95058606617041,42.58650631866862,Dushanbe
Dushanbe,2024-12-11,123.20833333333333,30.683435888694863,30.8751564733825,33.14541535352066,32.77144905929857,26.595863386389215,30.02929517088336,36.03107456568272,Dushanbe
Dushanbe,2024-12-12,86.08333333333333,24.49809498398918,25.37913208482235,24.10975914202625,26.800171774313693,19.665814396313852,26.53559752246976,17.752720180068074,Dushanbe
Dushanbe,2024-12-13,55.708333333333336,25.907341307354983,27.4889894208056,25.630677286848055,28.053185929661105,21.713910810893267,26.649943088566904,17.994427722937637,Dushanbe
Dushanbe,2024-12-14,76.58333333333333,32.473965885187305,33.11810581480262,33.26675291055079,30.998738820642952,30.205869349381498,34.78036253055867,23.784064937030728,Dushanbe
Dushanbe,2024-12-15,54.75,21.83848129504696,26.40833319211381,22.056548864975426,20.67773326367646,18.30989168271137,21.73989947175776,13.22697973099968,Dushanbe
Dushanbe,2024-12-16,142.0,28.057923225160362,28.180674641371354,29.807857266460523,29.762326791475974,26.35868863618538,26.180068790308592,28.132905335935213,Dushanbe
Dushanbe,2024-12-17,355.39130434782606,26.52176333178938,27.842302444891967,27.277604566703083,29.024980029181677,22.845634965340402,25.618294652829768,20.125686447995342,Dushanbe
Dushanbe,2024-12-18,231.66666666666666,25.993973731069865,29.11732907180853,26.008965306699515,25.92669757231441,22.609828444347123,26.30704826017975,19.417627947275143,Dushanbe
Dushanbe,2024-12-19,178.33333333333334,27.351537743244972,29.984893942114567,29.142057617311362,29.48997550199349,22.471751968882025,25.669009685923424,40.4831363959895,Dushanbe
Dushanbe,2024-12-20,187.41666666666666,22.677196760280957,22.95527809998989,24.8483218621042,22.733058398169213,19.73264701471187,23.11667842642962,22.71986820629285,Dushanbe
Dushanbe,2024-12-21,170.5,20.276561391366155,24.208710491750104,21.54047394001499,19.231991228566145,15.910719260755613,20.49091203574392,19.30150750068355,Dushanbe
Dushanbe,2024-12-22,130.875,24.272806051008043,24.579965181544196,25.393572506184316,23.819334836409134,21.625444453233197,25.94571327766938,22.806072139173686,Dushanbe
Dushanbe,2024-12-23,217.91666666666666,30.93904646328985,31.78157217200367,33.41344185677916,29.97639859736205,27.905403722338956,31.61841596796541,25.735734873803487,Dushanbe
Dushanbe,2024-12-24,247.625,30.524452964853413,31.4874866839942,33.219541769968345,29.816676750002415,27.101757794208044,30.996801826094043,21.37606313907076,Dushanbe
Dushanbe,2024-12-25,90.54166666666667,27.80429088864879,28.189095902180412,29.696943834782992,27.570149077889102,23.922155441579587,29.643110186811864,22.76495391923367,Dushanbe
Dushanbe,2024-12-26,116.875,30.401393361304333,30.429532461485458,33.669375613476454,31.948192504522567,26.20952020712348,29.750346019913696,39.97096120484206,Dushanbe
Dushanbe,2024-12-27,138.0,28.266136450187787,28.287114771564287,30.69118101175445,29.603694875893677,24.31169709931634,28.436994492410182,26.911880277095626,Dushanbe
Dushanbe,2024-12-28,73.29166666666667,19.022856885928782,21.14893314971252,20.58769931622496,18.05778039917971,16.595098765960415,18.72477279856632,15.670905459456655,Dushanbe
Dushanbe,2024-12-29,38.5,31.190263141336366,31.537582526507016,33.04295920577959,32.68497314437597,27.482192165906966,31.203608664112302,30.964290240246775,Dushanbe
Dushanbe,2024-12-30,50.208333333333336,37.13187568247598,38.89257247645298,36.93170057842054,37.64415178516182,34.337852196814175,37.85310137553037,21.654776191707917,Dushanbe
Dushanbe,2024-12-31,80.20833333333333,42.0139753115457,41.69354551519984,45.71598800620907,44.11943163503933,37.78740577333672,40.753505627943525,41.29862984653504,Dushanbe
1894632,2024-01-01,42.2695652173913,23.54901314886483,25.576462027351337,22.824740814252536,24.10182048305409,21.22913920203642,24.01290321762977,26.944656024706546,Khujand
1894632,2024-01-02,48.17916666666667,35.09530746099927,34.7333612060669,32.239456809002625,36.41917417978354,34.28791849552847,37.796626614614844,30.57979088449838,Khujand
1894632,2024-01-03,46.1875,40.785328048812616,38.01826528507371,37.463541922728794,42.408190099145294,39.746940999507146,46.289701937608115,31.207558944256107,Khujand
1894632,2024-01-04,41.064166666666665,35.32477095731143,37.6578863051923,31.489993603503514,36.34253518507305,34.87783506168112,36.25560463110717,34.51034454482351,Khujand
1894632,2024-01-05,34.345416666666665,28.4599396627864,26.815188708194253,28.7390910326046,28.958039667449395,29.265478135409918,28.521900770273824,32.15057438776694,Khujand
1894632,2024-01-06,44.300000000000004,34.23821374253763,32.99634803802465,34.60621777426069,32.28293521010711,34.913059330664275,36.392508359631414,33.93852639643637,Khujand
1894632,2024-01-07,43.145833333333336,22.911344139760192,20.649608677570757,22.440991114068552,24.031037565919068,23.234676816438334,24.200406524804254,21.40008344586488,Khujand
1894632,2024-01-08,15.265833333333333,34.646264381344146,35.761428102839275,34.568326845202776,32.05280696739775,35.207856359417136,35.64090363186382,36.67387789729628,Khujand
1894632,2024-01-09,32.112500000000004,35.170229155230054,35.5779760188738,36.24472245709785,32.74733816907193,34.133080353413206,37.148028777693504,35.092536617152746,Khujand
1894632,2024-01-10,36.74166666666667,32.92530802929179,33.026873826692984,35.2794207600414,30.162541797731038,32.66749293190761,33.49021083008592,39.81972059474583,Khujand
1894632,2024-01-11,39.07208333333333,33.89724265563787,32.778356295977616,32.14682651737935,34.61757227002748,33.778770562667816,36.164687632137074,22.968257702980964,Khujand
1894632,2024-01-12,14.650416666666667,30.834483000880134,33.882334767736864,28.81587134984395,30.67827546810368,29.279752508847267,31.516180909868922,22.343306945170525,Khujand
1894632,2024-01-13,43.449999999999996,25.98621044859098,25.23288046717468,28.24967251769248,24.942362276022457,25.0218084091855,26.484328572879793,35.3738600261654,Khujand
1894632,2024-01-14,56.083333333333336,32.802035859618776,32.37814772905809,35.576866364206076,31.190833498374793,30.892562064453223,33.97176964200169,23.788237786813625,Khujand
1894632,2024-01-15,7.8062499999999995,32.64054770704246,31.740798087835245,31.98189001912327,33.84345157270937,33.66980723868037,31.966791616864036,25.038102887119294,Khujand
1894632,2024-01-16,11.1625,46.462741884062055,43.64319233091909,48.69197467097258,45.944646648169545,45.89270586894845,48.14118990130061,29.551394849501776,Khujand
1894632,2024-01-17,19.625,40.26016953895588,38.85628621530223,37.975261631227056,40.15403303543881,42.17173266017882,42.14353415263251,31.446402555811346,Khujand
1894632,2024-01-18,24.357083333333335,34.24366213862157,34.40821001670992,32.67077726512102,31.922171892545066,35.07423329672262,37.14291822200924,32.485330610508754,Khujand
1894632,2024-01-19,44.675000000000004,46.372754939107615,46.43341763319771,47.52781471135279,43.907214400557436,47.918448362295635,46.07687958813452,40.3822572786471,Khujand
1894632,2024-01-20,22.47083333333333,35.619004169343185,34.5785767747242,35.41139647836604,34.138164890393625,36.5392851257456,37.427597577486466,37.6630102288932,Khujand
1894632,2024-01-21,34.145833333333336,39.19678787815354,36.81415289263498,39.3523555700283,38.953852258124336,36.39476368738355,44.46881498259658,29.016373044864395,Khujand
1894632,2024-01-22,36.079166666666666,32.61358651355062,33.8982269943947,32.061349331647484,36.34905755394856,30.4772827678356,30.28201591992679,37.60803553742744,Khujand
1894632,2024-01-23,39.9875,36.63471378705497,35.31715895246656,37.01658852780225,37.64932629843844,35.745576794442,37.4449183621256,39.46086453876387,Khujand
1894632,2024-01-24,44.23,38.04204389173359,36.144069182104204,39.094658328647014,37.81033867264669,39.2833912204497,37.87776205482033,34.45575709914874,Khujand
1894632,2024-01-25,44.81318181818182,53.692692085435986,58.87780259073806,52.999311126194264,52.22501786185804,52.99929603953222,51.36203280885735,19.087339394040413,Khujand
1894632,2024-01-26,8.673913043478262,40.713505528341884,42.19743213289381,41.15002306633801,39.541864460349736,38.854918870953846,41.82328911117403,22.090491398894983,Khujand
1894632,2024-01-27,25.166666666666668,40.78533600909288,40.76601676897474,40.001306011339906,43.67348648716589,40.098772807617486,39.38709797036636,24.44562482051151,Khujand
1894632,2024-01-28,38.44583333333333,26.54057470508066,26.469107009026988,25.731091887877906,27.15749564943934,29.19649752741159,24.14868145164747,27.786857000332475,Khujand
1894632,2024-01-29,19.219166666666666,24.9547383637449,24.605402589551538,25.70722172001436,24.72112719200203,25.784787976420827,23.955152340735754,24.911983327878715,Khujand
1894632,2024-01-30,9.464166666666667,31.31032671336738,30.7037062955888,32.779821634685334,31.826466370496036,29.662587911252544,31.579051354814176,23.123415811564428,Khujand
1894632,2024-01-31,10.952916666666667,35.19420643873303,34.18968836723376,34.28766747033077,38.2126116906759,35.48696843519455,33.79409623023021,24.114578519028782,Khujand
1894632,2024-02-01,21.52173913043478,24.082905995801866,23.647761872104645,24.519618888945075,24.925068409728933,23.371570677769938,23.95051013046074,26.781556268783334,Khujand
1894632,2024-02-02,21.695833333333336,25.286247547390587,24.775272376909815,22.525749214033002,25.886434051624157,27.248680685046185,25.995101409339778,24.093633051446204,Khujand
1894632,2024-02-03,22.516666666666666,27.692764392962744,26.17219282031938,28.141714206745622,28.3713439380929,28.331305165317776,27.447265834338037,30.70302652841019,Khujand
1894632,2024-02-04,39.625,42.98082823370084,44.034307193055014,46.73835753386849,43.5838208394646,39.161895057889396,41.385760544226706,30.14197399064824,Khujand
1894632,2024-02-05,49.7875,26.685316678896164,26.65920430511103,26.155647582686612,27.07677194049343,28.099584821628238,25.4353747445615,29.437789724194772,Khujand
1894632,2024-02-06,51.1,28.94039153462103,27.22634908313906,30.5969263274582,29.66459292072258,26.234162823225702,30.979926518559598,27.18291965575372,Khujand
1894632,2024-02-07,39.362500000000004,24.167190900206016,23.471601377115505,25.385707556747235,24.640764771168392,23.15295236789628,24.184928428102676,25.468455973619484,Khujand
1894632,2024-02-08,59.46363636363637,28.287691299536313,29.913213733397907,27.87421211747688,28.7492559307315,29.092347102763007,25.809427613312266,34.96299401828264,Khujand
1894632,2024-02-09,34.017391304347825,23.07794388642415,23.610977520356666,22.99525719137704,23.718618041796283,24.044476201575865,21.020390477014903,35.51162538084509,Khujand
1894632,2024-02-10,37.542857142857144,19.88968882700508,19.100356482304292,19.269527322907702,21.513694039412194,20.359632260952882,19.20523402944832,35.03521891101582,Khujand
1894632,2024-02-11,42.46086956521739,37.61776218037905,34.877490585617565,39.80448077307685,37.586060773521574,36.01186217099911,39.808916598680185,29.635124317305326,Khujand
1894632,2024-02-12,29.678260869565218,34.73288467921002,33.86820907931304,35.52250672350066,34.909761282278645,34.299097194036165,35.064849116921565,34.43460424190516,Khujand
1894632,2024-02-13,30.817391304347826,45.09837102567576,41.09586769441133,42.64522028287007,46.27009948430638,44.06678385451796,51.41388381227308,34.016503132615526,Khujand
1894632,2024-02-14,42.583333333333336,20.16065421734633,19.53448745556164,18.870848104135884,22.069349244440478,19.823902565101925,20.504683717491726,33.87535204179994,Khujand
1894632,2024-02-15,38.369565217391305,27.71579428078603,26.88296835610517,26.74784999367489,30.256468530797083,26.79119473265456,27.900489790698447,29.14581705592991,Khujand
1894632,2024-02-16,31.009545454545457,24.934243104952614,24.75975409468319,24.267696553041606,25.245061909934137,26.46418151260586,23.93452145449828,21.435349014108283,Khujand
1894632,2024-02-17,10.894347826086957,29.931787667975374,28.360912429409108,30.91739583535063,29.500904759197976,30.084757912114053,30.794967403805103,31.64844893543841,Khujand
1894632,2024-02-18,18.375,41.229710310027706,40.560129562686264,42.40359207023312,40.95876669608995,40.57641458232022,41.649648638809,40.69163291486757,Khujand
1894632,2024-02-19,9.123333333333333,21.810058916911682,22.73883320727718,22.691458115793807,21.51958535280365,21.113547027585945,20.98687088109783,23.20725363713518,Khujand
1894632,2024-02-20,11.523333333333333,26.274984703907798,26.89957302490418,24.475923380113052,26.962558697672925,26.411291914133752,26.625576502715077,35.88582915991947,Khujand
1894632,2024-02-21,19.44625,34.74618174153314,34.15073875062908,32.668473644792414,35.29322631018949,35.589849881426225,36.02862012062852,47.46668987476323,Khujand
1894632,2024-02-22,46.460869565217386,30.82774216554713,29.02298588788152,31.422179523519482,30.112532667970108,29.839606233541286,33.74140651482325,36.62682220462057,Khujand
1894632,2024-02-23,57.793749999999996,35.98297708705295,34.67278837740942,38.64716073229026,37.33124693551427,34.59527647475395,34.66841291529685,45.240101183562274,Khujand
1894632,2024-02-24,26.412499999999998,28.715053299062184,26.73495661626054,30.28435440863727,29.170791077307474,28.557619918488815,28.827544474616836,30.051649798078415,Khujand
1894632,2024-02-25,19.56416666666667,24.401905061624596,24.522347932522447,23.686822715171907,22.309427530210858,24.652303434541036,26.83862369567675,26.70536033033568,Khujand
1894632,2024-02-26,17.295833333333334,30.1699643514606,30.564028856102315,29.483080707732185,29.674631873651894,30.737556242287955,30.39052407752867,34.58154447966035,Khujand
1894632,2024-02-27,20.229166666666668,29.675087459091706,29.129333704754295,29.67524023438545,30.97913424161444,31.025026116717136,27.566702997987232,39.279947923741474,Khujand
1894632,2024-02-28,14.099166666666667,44.17132015395419,43.64247647779928,45.969576611265886,45.4851908310602,43.05763490839793,42.70172194124766,55.499203195917744,Khujand
1894632,2024-02-29,18.717499999999998,36.56272116479825,34.877186548487096,37.24784084230501,39.94945028779872,35.82172632736912,34.917401818031294,28.605331177654534,Khujand
1894632,2024-03-02,10.540000000000001,25.595013756404718,24.129961652701414,25.045036428230336,25.68862572967124,26.54985863943478,26.561586331985808,19.806249936248264,Khujand
1894632,2024-03-03,13.059166666666668,23.73964602605053,22.985013129298697,23.91291686072952,24.759365966971902,24.00522719189077,23.035706981361752,21.30401562549946,Khujand
1894632,2024-03-04,22.760416666666668,27.512125354140796,27.112044114531166,26.987373295449,26.847529523331918,27.628822574349435,28.98485726304247,25.544949451837738,Khujand
1894632,2024-03-05,29.195833333333336,27.9200488332363,28.843972293710586,27.796895438143693,27.287739379053225,26.814938539846647,28.856698515427354,32.18602780574611,Khujand
1894632,2024-03-06,42.291666666666664,34.919289434308624,34.67709751967664,35.0616111177261,36.59552560548895,34.237914606865125,34.02429832178631,50.442554762607415,Khujand
1894632,2024-03-07,39.90833333333333,32.18967577396424,29.1931601464919,34.04735093772724,32.14037801896232,35.318881369146006,30.248608397493737,62.84834671188446,Khujand
1894632,2024-03-08,53.025,32.91677959355871,29.98381806726744,34.863019604117646,35.02569131049589,34.53766151332545,30.173707472587125,46.95874418925041,Khujand
1894632,2024-03-09,32.12083333333333,29.615309680666844,29.36182768336464,29.347634737534975,29.832549844124397,31.11996213511066,28.414574003199522,49.72012819959173,Khujand
1894632,2024-03-10,22.09583333333333,26.80736209352138,25.96430291061713,27.704526676583846,28.273586617022303,26.72480786118335,25.369586402200273,41.460449036744194,Khujand
1894632,2024-03-12,11.537619047619048,24.883929346913206,24.325339257654903,25.709862877170607,26.16849385972326,21.99308158865892,26.222869151358335,18.948522713667558,Khujand
1894632,2024-03-13,6.7976190476190474,17.602145338618776,17.414040003479798,17.378550503176765,19.23723434887819,17.23739355726208,16.743508280297046,23.566279779284514,Khujand
1894632,2024-03-14,8.449583333333333,21.786571119054564,20.027990689857592,23.133049684101497,22.764921812712647,21.85131403435559,21.155579374245484,20.54346333768433,Khujand
1894632,2024-03-15,8.907391304347826,14.8321681848455,14.510002270182975,15.131391985732499,14.183992444675233,13.541442716973684,16.794011506663107,23.58510116817638,Khujand
1894632,2024-03-16,10.848333333333334,17.274430489997723,18.387793158012272,17.486126670643877,18.366022435011654,16.02626481201252,16.105945374308305,31.35451516922285,Khujand
1894632,2024-03-17,16.763636363636365,18.19522972869218,18.555318901579458,19.600439916949792,18.101761704344753,17.29010322544552,17.428524895141376,33.48270612601891,Khujand
1894632,2024-03-18,24.34285714285714,25.61691156172527,25.60582758408379,25.064722442779694,27.595536233032263,25.022171172269875,24.79630037646073,39.51022238990345,Khujand
1894632,2024-03-19,15.704761904761906,28.22015910435539,25.571866992045866,28.30339759972345,29.5141858498454,28.507891368671753,29.203453711490475,43.00469998608105,Khujand
1894632,2024-03-20,13.9525,22.6584965270117,23.18680196375462,22.657817630369763,22.684583902414044,22.260102222584017,22.503176915936056,35.39741807056953,Khujand
1894632,2024-03-21,10.963333333333333,19.930361239382304,18.528059941138924,21.177876200783896,21.99874114149926,19.201466415280404,18.745662498209047,26.080302102936457,Khujand
1894632,2024-03-22,9.242083333333333,19.855708453971534,20.420275637605595,20.811790030758132,19.922059979703086,18.892403969313374,19.23201265247748,20.617428171941697,Khujand
1894632,2024-03-23,13.349583333333333,18.84404801576464,18.34784672201064,18.668154392366098,19.307903973085647,18.82607034122882,19.070264650132007,23.85676297233954,Khujand
1894632,2024-03-24,21.974999999999998,25.217235843880044,25.430970046677604,23.838940870813108,23.86948875591604,26.700472058336292,26.246307487657177,31.551288433572154,Khujand
1894632,2024-03-25,17.47875,19.643229336561717,19.50397110124371,18.333160010196956,21.175550475003167,19.984798026192795,19.218667070171957,29.26790517332347,Khujand
1894632,2024-03-26,8.472083333333334,18.488504046664836,17.99018725112082,18.10869702579037,19.891842150055368,19.368087662488165,17.083706143869456,28.99819913804049,Khujand
1894632,2024-03-27,8.87782608695652,15.28797672930383,15.002587758110437,14.257823323140247,15.30243317800793,16.318088979065895,15.55895040819464,32.44200704355262,Khujand
1894632,2024-03-28,6.925000000000001,19.04932278294763,18.57864483693486,19.34911218747136,20.81661613201595,17.93355212715126,18.568688631164715,30.313626016574744,Khujand
1894632,2024-03-29,8.359583333333333,20.539737460432015,19.10440204574733,21.375959964799016,19.88976472194122,20.42687229342483,21.90168827624768,24.797507343631196,Khujand
1894632,2024-03-30,6.177083333333333,21.30642035187506,18.721579717623488,21.534571863776943,22.565747472828388,21.433677209416704,22.276525495729782,31.410148000897607,Khujand
1894632,2024-03-31,7.117916666666666,22.257401953252042,22.35592107023016,22.67893168996395,22.290341129007732,22.615163589290074,21.346652287768293,31.155149312066442,Khujand
1894632,2024-04-01,10.248333333333333,18.608543779334138,19.27175331489669,18.61778709716629,19.037510767980415,18.04095819008771,18.074709526539596,34.84917395379807,Khujand
1894632,2024-04-02,14.316666666666668,28.60912166287155,28.775471020234388,27.703842390970916,28.83182477462234,29.351333296379057,28.38313683215106,39.649405277340975,Khujand
1894632,2024-04-04,12.587391304347825,19.71290172162667,19.048596557631143,21.247994070331426,19.645992732107874,20.41540462378577,18.20652062427714,32.189621375632214,Khujand
1894632,2024-04-05,14.020000000000001,23.245518639308965,23.463175212051624,22.95314598530305,23.56234740585839,23.123587032613727,23.125337560718037,34.16909040876317,Khujand
1894632,2024-04-06,9.501666666666667,18.95456237511736,19.711951994317342,16.5676815448549,18.800008553615353,20.90114523322483,18.79202454957436,27.417306387998906,Khujand
1894632,2024-04-07,10.196250000000001,18.721461503540034,17.275147388103967,18.335614262078423,18.250503693222537,20.348898187979565,19.397143986315676,24.042186204663494,Khujand
1894632,2024-04-08,10.059166666666666,19.616284077321108,20.244597541132865,18.846692436482876,20.758213949868754,18.85771536827535,19.374201090845695,35.35699174161846,Khujand
1894632,2024-04-09,14.03125,20.8729790263696,21.22750427199445,20.21085062036537,20.123007016781543,21.49150385571095,21.31202936699567,27.919597041513498,Khujand
1894632,2024-04-10,13.15,22.794148618609942,24.129847350942587,22.13991640847673,22.024795652110402,22.730841996823276,22.945341684696714,27.575377277709777,Khujand
1894632,2024-04-11,16.370833333333334,22.994092377087664,23.48606167410361,23.00440589993248,22.740697748563246,23.62752430250556,22.111772260333424,41.00763613845584,Khujand
1894632,2024-04-12,18.043478260869566,23.192271823564823,24.267091409123797,22.213057228417526,24.122038014960953,22.55816918560077,22.801003279721073,37.68558061889462,Khujand
1894632,2024-04-13,11.183913043478261,29.708109650997578,32.679124585119425,29.985626711177797,29.802510482018572,28.40711180841599,27.666174668256115,38.98073482499922,Khujand
1894632,2024-04-14,12.323333333333332,20.82101466734892,19.85063086289875,21.322982224318014,20.50005161249457,22.408588110390692,20.02282052664257,24.07780038293663,Khujand
1894632,2024-04-15,10.7125,17.951980917098602,18.29608608686527,18.55251292298499,17.277702302708988,17.021900179385263,18.611703093548503,23.664232092211932,Khujand
1894632,2024-04-16,7.7926086956521745,16.916468795582425,16.82291922733155,17.054716116428484,18.157893775177424,16.355386159146903,16.191428699827757,26.99588082688433,Khujand
1894632,2024-04-17,8.491666666666667,17.106412779891343,16.73703153662654,17.204839707869834,16.667436055707853,17.549061455067097,17.37369514418541,21.542580349030914,Khujand
1894632,2024-04-18,18.145217391304346,16.85828767110192,17.286852845154833,17.357275043244215,17.141459539568498,16.23891066328478,16.26694026425728,27.490852890220594,Khujand
1894632,2024-04-19,13.783043478260868,18.87207373999446,19.142855993716143,18.01324120873507,19.56161080954743,18.05331187727355,19.5893488107001,29.506882899820084,Khujand
1894632,2024-04-20,12.657499999999999,21.431196607429438,19.758198527999248,21.405890950880355,22.688557803721203,20.814822236079507,22.48851351846688,26.50522619884623,Khujand
1894632,2024-04-21,8.812083333333334,18.277529330446722,17.939452943869085,18.49019082645181,18.28685892491257,17.905097964766266,18.766045992233884,25.820786138662697,Khujand
1894632,2024-04-22,9.352173913043478,20.312534773748624,19.819354908321653,19.363932735162926,23.099492196423093,19.83605190015331,19.443842128682135,27.38640133170702,Khujand
1894632,2024-04-23,12.827272727272726,17.541198860903204,17.69984054620022,16.980366978989807,18.169591472672074,16.853344358761486,18.002850947892433,27.098176776373293,Khujand
1894632,2024-04-27,7.59608695652174,19.76828436307573,18.387857870054507,19.102084902501428,20.870144566164274,20.797784948048726,19.683549528609706,24.215917900359727,Khujand
1894632,2024-04-28,6.222916666666666,17.883161861063503,18.682962197469386,16.95572081374341,18.1039799125869,18.193775449967454,17.479370931550367,29.46314810625563,Khujand
1894632,2024-04-29,9.115454545454545,18.453186432317334,18.754479984323325,18.349817183041576,19.47603247230208,17.382341981397495,18.303260540522185,34.82480766703202,Khujand
1894632,2024-04-30,7.742,22.195570182868277,20.929977367554613,21.584152503013293,24.66802735686029,21.329906551313705,22.465787135599506,28.11435769356376,Khujand
1894632,2024-05-01,9.420454545454545,19.85657568575356,19.497192163225698,20.00903354847232,20.268780747871826,20.00879919221495,19.49907277698299,29.618838677801705,Khujand
1894632,2024-05-03,11.408181818181818,18.912842937481773,19.098694523941557,18.427861670405896,20.416407869370733,18.32162359884908,18.2996270248416,36.97340008212859,Khujand
1894632,2024-05-04,12.69086956521739,15.135264118062318,14.615005848667485,14.361836119096287,16.943505059872287,14.805476673263854,14.950496889411683,30.64435612654006,Khujand
1894632,2024-05-05,13.324545454545454,15.95926553408199,14.298702068107788,17.054622548491952,16.726414069000246,16.1713558610779,15.545233123732057,24.637549518867672,Khujand
1894632,2024-05-06,9.294583333333334,15.286963009886204,15.516134454712141,16.122345046000977,15.193814675468928,14.620623589271846,14.98189728397714,28.285975968710318,Khujand
1894632,2024-05-07,8.614761904761904,13.104380326832906,12.344146186817602,13.237433588246809,13.298308317211958,13.213453479993433,13.428560061894723,23.656558674754933,Khujand
1894632,2024-05-08,9.795416666666666,17.243871938841597,15.851925473366567,17.995680857336218,18.219056086128724,17.413889068107448,16.738808209269028,23.82874138728721,Khujand
1894632,2024-05-09,12.161904761904761,24.260602761051295,24.69684509802865,24.12763629261827,25.05578060351862,24.559451969280552,22.863299841810374,36.46580256255629,Khujand
1894632,2024-05-10,6.834166666666667,20.59425686253533,18.899688236945643,21.51005443027208,22.99414656468996,19.91881612055978,19.64857896020919,29.447917622714613,Khujand
1894632,2024-05-11,6.18,12.839975457561641,12.02970174384192,13.228319808358126,12.6537201077659,12.123142526338622,14.164993101503642,25.260480558951713,Khujand
1894632,2024-05-12,7.523333333333333,18.88503781398472,17.970101884997028,19.461216895854523,17.521301496878742,20.11051148757449,19.36205730461882,24.127812821571524,Khujand
1894632,2024-05-13,10.900869565217391,15.612010863025366,15.121941896970078,17.157356332263053,15.136732699786407,15.286636228487218,15.357387157620071,25.871499350070735,Khujand
1894632,2024-05-14,7.535,14.591783684263982,14.067221147331253,14.652637984311472,14.846924628586295,14.56937113155291,14.822763529537982,25.90732757934302,Khujand
1894632,2024-05-15,7.749545454545455,16.78282755661818,16.86010730812217,17.29791282626397,17.154809744339456,16.14062754549804,16.46068035886725,32.63218913584933,Khujand
1894632,2024-05-16,8.675833333333333,16.58928292229884,16.60369740579916,16.658838400860535,16.615450485873225,16.099483240105776,16.968945078855484,38.5724765089567,Khujand
1894632,2024-05-17,10.54,20.37269271016516,20.700406276457237,21.050773978408778,20.067492914373343,20.348147870832566,19.69664251075388,30.41677017645452,Khujand
1894632,2024-05-18,8.281304347826087,13.696229703466688,12.377495814218344,14.364056717354662,13.90054083830227,13.696775214270616,14.14227993318754,28.607850051652804,Khujand
1894632,2024-05-19,6.21875,14.289392606095745,14.073540285279192,14.486590698328808,14.339035989274576,13.750645065884019,14.797150991712128,29.02960068606899,Khujand
1894632,2024-05-20,9.91375,17.975174282732524,18.33761337517503,18.351523819389712,18.802096721610493,16.445995530013324,17.93864196747407,29.711219891591554,Khujand
1894632,2024-05-21,11.001304347826087,21.91122466354545,21.683765228112087,22.423455842365005,21.87174178081078,21.620478242249167,21.95668222419022,29.98715205759663,Khujand
1894632,2024-05-22,20.145833333333332,16.63791886820931,16.126407945462635,16.837686392747123,16.615727743874825,16.52843357181828,17.08133868714368,31.092697046485227,Khujand
1894632,2024-05-23,8.652727272727274,22.45952253986813,24.381511651557357,22.016893301851933,22.359739754140243,21.33333764645352,22.206130345337602,35.10398523698268,Khujand
1894632,2024-05-24,11.7145,17.7342848985851,17.83270499784697,17.70964221058917,19.65926539623264,16.956399107931713,16.51341278032499,30.557349280367816,Khujand
1894632,2024-05-28,12.048695652173913,16.88734076729569,17.050929748365455,16.96910064395696,16.641698680433453,16.9871054725103,16.78786929121228,24.70695133649383,Khujand
1894632,2024-05-29,7.202083333333333,16.158570124707712,15.453396457624578,16.83118712135714,16.259076943347978,16.059194274884945,16.189995826323916,25.01080561156823,Khujand
1894632,2024-05-30,6.851304347826088,15.128495578932998,14.0201680170483,14.831193679581014,16.32853517391108,14.35892755180584,16.103653472318754,22.322121669414628,Khujand
1894632,2024-05-31,7.621739130434783,18.712718305030783,16.8936935241203,18.154135808869853,19.749048836454055,19.014739920046043,19.751973435663675,22.78626728024915,Khujand
1894632,2024-06-01,17.070833333333333,18.375546920303247,16.75697753190297,18.4088555988343,18.629279387395513,19.217497046058316,18.865125037325136,24.18768226430825,Khujand
1894632,2024-06-02,21.8125,20.60197776460777,18.514255878668834,20.544281420220535,20.290064842923464,21.412212272901552,22.249074408324464,25.842861813284344,Khujand
1894632,2024-06-03,13.325416666666667,19.03363806501381,19.25761057500486,19.43847413855427,20.136554692816883,18.36939755278773,17.966153365905303,22.313090005109302,Khujand
1894632,2024-06-04,7.261818181818182,17.119514734091617,16.906435545905104,16.552739260658377,17.373155356080883,16.728797743203636,18.036445764610075,23.93287542201574,Khujand
1894632,2024-06-05,11.114583333333334,20.476211417025315,20.075237477996275,20.946396404417428,19.29972346690387,21.36417943978371,20.695520296025276,24.12012430508139,Khujand
1894632,2024-06-06,9.075833333333334,19.21551148997678,19.667888215587965,18.60623006509203,19.511714608714563,19.1561370964074,19.13558746408194,30.069251718000032,Khujand
1894632,2024-06-07,11.111739130434783,19.34099652949705,18.656495122014675,20.577378800807992,18.613342925461463,19.76101183494072,19.096753964260405,26.26549973794181,Khujand
1894632,2024-06-08,10.174999999999999,21.80416149947455,21.59885221960611,22.218463699218216,21.24105408312391,22.39122514288025,21.571212352544265,26.348256650375788,Khujand
1894632,2024-06-09,4.833043478260869,23.06088555702625,21.98445515554037,23.664912266654387,22.5663247603379,24.327280660207816,22.76145494239079,24.677403416827246,Khujand
1894632,2024-06-10,8.387391304347826,21.436283972288912,21.13729872973968,22.660348361737842,21.655511630972637,22.118993664908583,19.609267474085808,26.90525287729497,Khujand
1894632,2024-06-11,9.294545454545455,19.996762817618013,18.31118896101051,22.416802890874862,19.957274124852685,19.059533463712793,20.239014647639213,26.94186536811185,Khujand
1894632,2024-06-12,11.08095238095238,18.591818037561367,16.531537278129846,20.582912865927984,18.551820641247495,17.78862872495455,19.504190677546955,25.300718594077807,Khujand
1894632,2024-06-13,7.769565217391304,18.047979082125202,17.49083648145794,18.55318658624077,17.25324773919992,19.10637809440033,17.836246509327058,24.138482064838172,Khujand
1894632,2024-06-14,5.690434782608696,21.90452987575394,20.574394771098476,20.771808019064466,22.354544923160656,23.92889591193493,21.893005753511172,24.701981534146398,Khujand
1894632,2024-06-15,7.622777777777778,23.374745238379337,22.352606767473823,23.212588145491566,24.140023885671905,24.44792034461933,22.720587048640063,25.029602575553554,Khujand
1894632,2024-06-18,11.39857142857143,18.461315876952426,17.34494909246712,18.290835840682067,19.387811393525574,18.888514112090796,18.39446894599658,29.992407409305997,Khujand
1894632,2024-06-19,9.883750000000001,16.309466635227892,15.499690835406675,16.8938022187064,16.554483142504342,15.886887647964205,16.712469331557834,26.212198374618765,Khujand
1894632,2024-06-20,12.357083333333334,19.77753073149739,18.759096996778542,20.074352710587966,20.188601177028577,20.206991702423732,19.658611070668126,24.334897393284336,Khujand
1894632,2024-06-21,10.412916666666666,23.42570412455894,22.73980536195443,23.492117983281688,23.848510752503756,23.40167380307369,23.646412721981136,25.294943213903707,Khujand
1894632,2024-06-22,8.626956521739132,20.9202974902885,20.457332843485368,21.252889064777904,21.22866712757601,22.338437115298763,19.324161300304468,28.011836146756195,Khujand
1894632,2024-06-23,12.92086956521739,19.820020660905023,17.19082827607607,20.354504019405976,21.387793157705968,20.023363427353246,20.14361442398384,22.169631426759338,Khujand
1894632,2024-06-24,16.283333333333335,17.79498226155582,17.785708593964753,18.290827206235328,16.974136347550743,17.934245464505274,17.989993695523015,22.154658070870823,Khujand
1894632,2024-06-28,10.2195,21.73327408692926,22.477661629399602,21.64590945067196,20.338164363739047,23.352536184830722,20.852098806004953,28.104541545669235,Khujand
1894632,2024-06-29,10.154583333333333,19.901090313570045,20.761595668233515,21.48857294691523,19.138500621458213,19.370831328421513,18.745951002821748,28.165792105848595,Khujand
1894632,2024-06-30,9.425217391304347,24.20283371428149,23.364807051836166,25.297763154014504,21.19219892142814,25.70011443596308,25.459285008165555,24.870770516937,Khujand
1894632,2024-07-02,7.105555555555556,18.483438888377993,18.282616404463013,19.73435630003853,17.79253695898596,18.777166827868108,17.830517950534365,24.97988723260005,Khujand
1894632,2024-07-03,9.3,19.515359594449937,20.297782016378612,19.31198089628955,19.3499830803425,18.91478482016865,19.70226715907037,24.597084998244554,Khujand
1894632,2024-07-04,11.080434782608695,19.566344953272306,18.876641984911686,19.697186035751084,19.368674273119936,20.097465513383,19.79175695919582,24.119171289637052,Khujand
1894632,2024-07-05,9.866111111111111,17.586129304433893,17.967501799180145,17.551466528480248,16.795771102899515,17.346285514087874,18.269621577521693,23.517441068431253,Khujand
1894632,2024-07-06,8.173181818181819,20.526262578087202,20.467415859003715,20.45992941915057,19.506608473112344,21.4991839029186,20.698175236250773,24.07235407286703,Khujand
1894632,2024-07-07,8.42578947368421,20.24906968683947,19.921661381851433,18.726654687975575,19.71157755219227,22.266714711361434,20.618740100816648,26.32176761718665,Khujand
1894632,2024-07-09,14.229,17.038601277365395,16.95227931181365,19.06732528209469,16.857961525300386,15.6052104066376,16.71022986098065,25.92254562838616,Khujand
1894632,2024-07-10,13.963,20.018899526591014,18.719682229510965,21.312767373344176,20.341933580375144,18.56702386089306,21.153090588831724,24.469788602597873,Khujand
1894632,2024-07-11,15.111,20.94871442769678,20.623426911068673,20.84439540366857,21.310084486864714,21.092449616996177,20.87321571988577,24.082753753983297,Khujand
1894632,2024-07-13,8.2,18.577857316141994,17.759086674538185,19.203726958493224,18.680268598424597,18.84939646413266,18.396807885121312,25.32318595538254,Khujand
1894632,2024-07-14,9.584736842105263,17.14135954399555,16.47387301964193,18.39450113966428,17.24779544075422,16.06872671003248,17.521901409884833,21.2541128768994,Khujand
1894632,2024-07-15,9.500526315789473,22.598327075240622,21.45910781494472,24.199312760209864,22.307739034424603,21.792914870053295,23.23256089657064,31.191454493150104,Khujand
1894632,2024-07-22,8.142105263157895,15.443746132550825,14.681454753042642,14.789697341435634,14.83914568937263,16.186958211912707,16.721474666990524,23.64063052706524,Khujand
1894632,2024-07-23,9.75,24.68621649352506,23.112696700779527,25.869682725506504,25.726077290488494,23.524844207173125,25.197781543677664,24.574297448619518,Khujand
1894632,2024-07-24,11.87611111111111,17.501604395685064,17.472756791810337,16.953130672204345,17.98314463162269,17.388578098937394,17.710411783850553,26.794784798166347,Khujand
1894632,2024-07-25,9.669545454545455,17.2300746672706,15.567490778322181,17.74500340293809,17.716939296029047,17.702465574481696,17.41847428458199,23.90418059772128,Khujand
1894632,2024-07-26,9.972380952380952,19.277199583968894,18.985439404638278,19.27518107284735,19.932539576610573,18.938427935253934,19.254409930494337,25.51306873155181,Khujand
1894632,2024-07-27,8.53,15.828484270022878,15.222008053443862,15.340560102638154,16.480716353940778,16.05668850540286,16.042448334688732,23.642297637959018,Khujand
1894632,2024-07-28,8.1875,23.55674323265533,21.143979236252658,25.198915173162433,23.45845058191427,23.24248818663857,24.739882985308707,23.94797845195353,Khujand
1894632,2024-07-29,7.7444444444444445,17.43637359649254,16.377282655586445,18.58507117025528,18.70392870363182,16.49468642503053,17.020899027958627,22.90129748783056,Khujand
1894632,2024-07-30,8.06111111111111,22.328232705611146,21.522145813025297,23.62501318374465,21.86812583205783,20.926744360466724,23.69913433876122,23.173900761118603,Khujand
1894632,2024-07-31,8.679473684210526,23.654169615538507,22.908834061041784,24.50251424240848,23.085049771279706,23.488036180238932,24.286413822723635,25.478730865667785,Khujand
1894632,2024-08-03,7.1421052631578945,17.987115006587317,17.563768254736402,18.231044019564212,17.666653980610842,18.52197049354873,17.9521382844764,23.809710388288295,Khujand
1894632,2024-08-04,10.045454545454545,20.94963418703723,20.067152845072858,22.254697166148794,20.517803328231214,21.412816632092795,20.495700963640484,24.359874746803143,Khujand
1894632,2024-08-05,8.919473684210526,16.471092593699048,14.777729549066308,18.048617927500988,17.0373197825025,15.926831477473545,16.564964231951908,24.145644335614634,Khujand
1894632,2024-08-06,8.887727272727274,16.269471866315065,15.427899726938566,16.960186267249085,15.83971344232577,16.131632534643455,16.987927360418457,23.87458471642003,Khujand
1894632,2024-08-09,19.944444444444443,24.87605667420605,24.431257503897477,24.955667714411053,24.9161185011755,24.11319473731729,25.96404491422894,29.44010342897809,Khujand
1894632,2024-08-10,9.809999999999999,14.759702530556481,13.625055106345355,14.726613699829505,14.845193404524766,15.333466722796654,15.268183719286128,23.935264177875524,Khujand
1894632,2024-08-12,10.239444444444445,17.25572873099251,15.394260401065878,17.60755570493314,16.260152718242317,19.175777642323304,17.840897188397882,24.54707344778808,Khujand
1894632,2024-08-13,10.448333333333332,16.30411399256642,14.747211744622621,16.883062878097157,15.080957097847296,16.585057294274755,18.224280947990277,24.86783730770594,Khujand
1894632,2024-08-14,10.99409090909091,16.09076759087705,14.95204288594458,17.0106146803854,16.419895829768574,15.381784459474964,16.689500098811735,29.369035832725785,Khujand
1894632,2024-10-10,36.995652173913044,21.157741331750294,20.510446278265803,21.12136661142845,20.5470554526221,22.470158451131695,21.13967986530344,26.888381040034346,Khujand
1894632,2024-10-11,36.07083333333333,23.820255252484586,23.280665221118596,22.808299550285795,27.26540042965555,22.925261946893876,22.821649114469107,28.876604847848284,Khujand
1894632,2024-10-12,17.291666666666668,22.172147821974345,21.2926513043674,20.78213117260607,25.12953216533693,21.691546939505493,21.964877528055833,27.351081140490805,Khujand
1894632,2024-10-13,18.291666666666668,29.123959105530965,27.57162611272894,29.140462205247808,31.325881842342838,28.944403491721516,28.6374218756137,44.03426397569956,Khujand
1894632,2024-10-14,18.229130434782608,22.240151976876952,21.250475968450527,22.745229614264492,23.341836416350233,21.27473300078957,22.588484884529947,23.76250947844096,Khujand
1894632,2024-10-15,19.39727272727273,22.795918596897145,22.611934299749997,22.535324003042668,24.65006685132142,22.47908414982098,21.703183680550662,26.24687108376702,Khujand
1894632,2024-10-16,8.746521739130435,18.68206808216716,19.63822170135078,17.899278018522686,19.698519475168762,18.479707503211642,17.694613712581926,25.13543525150976,Khujand
1894632,2024-10-17,19.0,25.00924359410204,22.476508849871745,23.100125433304516,27.425452415767417,25.91205643402572,26.13207483754079,28.32892117165966,Khujand
1894632,2024-10-18,18.521,17.000755518645757,17.439352543110854,16.305775665364294,16.857639830976947,16.655439302378554,17.745570251398128,30.08469003529126,Khujand
1894632,2024-10-19,29.15909090909091,24.499821833092042,22.971170689820124,25.462622781172062,23.436840250709256,25.29634713400511,25.332128309753653,28.377802070987855,Khujand
1894632,2024-10-20,37.391304347826086,21.673155698749174,20.970637798313913,22.235935386466295,22.545125567364984,21.74365678991684,20.870422951683828,33.0852551649873,Khujand
1894632,2024-10-21,35.482608695652175,19.189604087120905,20.869440104989902,18.623179607087383,19.214891832290267,20.909365697552797,16.33114319368417,26.11468082502779,Khujand
1894632,2024-10-22,19.63888888888889,30.736564415088935,30.32359009579055,29.76487196481298,31.97692077887757,31.468638458160974,30.148800777802577,27.242852159158247,Khujand
1894632,2024-10-23,10.988,29.643074286340607,26.661135188753683,30.22090008077,32.35871674644651,29.56660258237231,29.408016833360517,39.51433465598666,Khujand
1894632,2024-10-24,28.55909090909091,23.49446409981801,22.85400884292218,24.30759898877177,23.71356405812084,22.945166761426307,23.651981847848948,29.21758098406326,Khujand
1894632,2024-10-25,24.449565217391307,25.529264974874746,24.312336137350123,24.010079503690065,29.71055046544458,25.270446129774577,24.342912638114395,31.108757976848665,Khujand
1894632,2024-10-26,18.424347826086954,18.10457106330357,18.73426550660034,18.82693864506105,18.031634110732757,17.376016969284862,17.554000084838847,22.982800736425133,Khujand
1894632,2024-10-27,38.21666666666667,29.56541208975033,27.834584493039777,29.48716289789379,31.19530297796529,29.40789975432929,29.90211032552348,30.20680479803741,Khujand
1894632,2024-10-28,14.385652173913044,17.644484084466825,18.635827742126185,17.781335124529285,18.524327180809436,16.660295662374256,16.62063471249496,23.822349611289837,Khujand
1894632,2024-10-29,23.177272727272726,38.69489344261694,36.014269788844715,39.084133107347064,40.0131101690011,39.073363727621626,39.28959042027021,31.775585458969545,Khujand
1894632,2024-10-30,31.545454545454547,38.57461288773872,34.48323828538577,41.05415815288987,40.30371909984075,41.333771215227394,35.698177685349826,40.500489813520744,Khujand
1894632,2024-10-31,57.13913043478261,32.79381540644836,31.753230322151772,32.67613456723969,35.08422324716479,30.622594358638153,33.83289453704737,39.22200493999708,Khujand
1894632,2024-11-01,58.26363636363636,41.15506192951655,40.05271277301398,40.64857908864624,42.75960729993676,41.986974102465176,40.32743638352059,34.52530679848178,Khujand
1894632,2024-11-02,74.57916666666667,33.15090125325154,31.668181298803617,33.92024246443757,33.484259527314194,33.09487772498675,33.58694525071557,33.59013308223848,Khujand
1894632,2024-11-03,52.959090909090904,26.2697177199315,26.465551765743534,24.967484930880804,27.73222252687399,26.262287453875548,25.92104192228362,35.435403685223264,Khujand
1894632,2024-11-04,95.09545454545454,25.99208324429955,26.10641179184856,26.012755673499374,25.84556688135106,26.43370531336308,25.56197656143567,33.78505804729639,Khujand
1894632,2024-11-05,110.13636363636364,21.344616443058904,20.935588479338993,21.73417091302249,21.627299609852496,21.396669864145277,21.029353348935242,32.10783346585413,Khujand
1894632,2024-11-06,46.93869565217391,17.557852986513847,17.462966423961955,15.754527326971335,18.856705034105353,17.04407494869859,18.670991198832017,23.653179155867974,Khujand
1894632,2024-11-07,10.445833333333333,23.25941377605169,21.3287858505272,21.29855865501099,23.123696699302755,25.287680512025794,25.258347163391697,26.288287731656055,Khujand
1894632,2024-11-08,19.900454545454547,18.518691623496547,17.65909981567723,18.162703463956447,19.289929766553765,17.568812823242226,19.912912248053075,26.170854557360144,Khujand
1894632,2024-11-09,44.0875,29.936286826950276,28.500363020502654,27.895070485632516,32.03653892251725,28.43692087123234,32.81254083486665,31.82704829296381,Khujand
1894632,2024-11-10,57.97727272727273,39.85596079712259,39.0072113543697,39.57803684707248,40.813117982720456,40.1940889110822,39.68734889036809,35.43213341228193,Khujand
1894632,2024-11-11,84.57619047619048,58.100685591372155,60.98717957320849,55.97336213109812,56.16127612352264,54.822091104647285,62.55951902438422,38.046758373265675,Khujand
1894632,2024-11-13,77.35909090909091,24.545633967575906,23.668605021661836,24.534620624167555,26.30921236247674,24.802094170381185,23.413637659192226,21.162521475769267,Khujand
1894632,2024-11-14,18.589545454545455,34.358128548045514,31.257779227886104,33.67047919354133,35.55277187226693,34.26832771928111,37.041284727252076,24.542192907371827,Khujand
1894632,2024-11-15,48.458333333333336,37.217722220899326,35.46996191570259,38.94502164467093,37.279025278745515,36.644345611336746,37.750256654040875,35.233341318384646,Khujand
1894632,2024-11-16,64.435,28.53831023764829,27.865567328954725,26.34903681698144,28.154219007568308,29.420636557474477,30.90209147726248,38.368527651154636,Khujand
1894632,2024-11-17,47.86666666666667,30.100758966332773,30.08964140795342,29.647871760270373,29.06511592225448,30.34798436663214,31.353181374553444,33.611921875230564,Khujand
1894632,2024-11-18,72.41363636363636,29.642773065303277,27.20799330281224,28.467347427119893,30.70011295676897,31.589217080999255,30.24919455881605,34.51399673448532,Khujand
1894632,2024-11-19,85.16666666666667,23.243297151827022,21.500598740563696,24.24710472791067,22.20145039335539,21.553969528478493,26.71336236882687,27.704005940986008,Khujand
1894632,2024-11-20,57.83157894736842,49.788890648274446,47.82348675584515,42.57466108879006,50.363252552311074,50.7091871578453,57.47386568658062,53.10558367110798,Khujand
1894632,2024-11-21,51.599999999999994,47.38719665131386,47.21309563263856,48.35207060918138,48.01317098838873,44.348604518971406,49.0090415073892,48.62681253936398,Khujand
1894632,2024-11-22,86.19,30.686215516611675,28.747951984978076,27.652176668261298,30.954965082824884,33.07714397926741,32.99883986772671,34.14672785251196,Khujand
1894632,2024-11-23,65.03478260869565,32.90581359361389,32.085607863974985,31.699927441004533,33.48236986557555,31.48309761005668,35.77806518745773,30.18859358771988,Khujand
1894632,2024-11-24,67.46315789473684,17.049296781251524,15.792033525686492,15.650688907828645,18.624445642122648,16.9637580061661,18.21555782445374,29.985476064918657,Khujand
1894632,2024-11-25,60.143478260869564,29.331410466021424,26.093365089490764,29.571703397577178,28.92381132371099,31.81281366303451,30.25535885629368,31.43511025538328,Khujand
1894632,2024-11-26,76.92105263157895,33.16027396378591,34.87776784092541,30.691053399199774,34.98731879348661,30.46732035006157,34.77790943525623,36.900029439234004,Khujand
1894632,2024-11-27,101.75,27.25416396727986,27.068360292238314,26.2111818596148,28.259570371928763,25.839519574544635,28.892187738072778,28.929889335781354,Khujand
1894632,2024-11-28,69.49545454545455,27.434794836591585,28.487927503325736,26.263289447278826,27.739069095426974,26.129857927888633,28.553830209037745,28.465681996546664,Khujand
1894632,2024-12-02,38.52222222222222,40.0172938893776,37.84099902757838,38.28025919508013,43.501912721430074,39.56085452454766,40.90244397825174,41.29359583881933,Khujand
1894632,2024-12-03,60.599999999999994,49.786869191888954,50.311040093325076,48.313399833149525,51.45253386914476,50.56603741246998,48.29133475135544,39.16534448589073,Khujand
1894632,2024-12-04,68.36,42.07268639197954,44.93998794203533,39.96049891165217,42.46046876615979,40.1999596030412,42.80251673700921,40.36944974583503,Khujand
1894632,2024-12-05,51.71,47.68136366070255,47.93203352831223,45.81912815822487,48.12151291557126,44.60682078445323,51.927322916951184,48.75326427733353,Khujand
1894632,2024-12-07,53.02777777777778,52.74157120098964,49.471432073888444,50.708605298765264,55.703467058322666,51.01719925187763,56.807152322094204,19.961991689075774,Khujand
1894632,2024-12-08,8.457894736842105,26.136764392604455,26.076146253410123,23.77811558529223,24.841749745748945,26.995327151917,28.992483226653977,24.757974078081133,Khujand
1894632,2024-12-10,68.17142857142856,51.57512365078999,49.90668095140431,48.72651768637206,50.78999758426491,54.028977108728334,54.42344492318031,48.67800359076182,Khujand
1894632,2024-12-11,62.725,36.056509656265135,36.58602271808868,35.58700305299298,35.588897692673065,35.37730305883903,37.14332175873192,39.88231585705262,Khujand
1894632,2024-12-12,64.77142857142857,31.967799394411486,31.20441068910717,29.483135660848237,32.14835631077443,33.01851209400483,33.98458221732276,36.9030545749315,Khujand
1894632,2024-12-13,64.84545454545454,29.062059091344402,28.198356615979904,27.3202148496543,31.28551529498425,30.69523940013821,27.81096929596536,29.112719975298205,Khujand
1894632,2024-12-14,101.39047619047618,42.11461028498363,38.71563984845053,41.82559209144077,44.99179996250326,40.71412840963763,44.32589111288595,38.52531068215694,Khujand
1894632,2024-12-15,54.99818181818182,42.329905701036886,43.98640214127187,40.173417775625985,41.64184193072293,40.76733599868559,45.080530658878075,22.631815717598556,Khujand
1894632,2024-12-16,23.48611111111111,32.905900378393476,33.6171802665064,32.09637165537821,30.193474922285983,30.812677192109106,37.809797855687684,23.474991913129315,Khujand
1894632,2024-12-17,47.24090909090909,65.55343286200531,65.64741886328294,67.6492233296664,65.81553383106376,66.63807756417425,62.01691072183921,31.381838201948085,Khujand
1894632,2024-12-18,110.4909090909091,41.58592538738925,40.2797531088822,38.447586658313824,45.80559357459603,38.769895766164375,44.62679782898984,39.726676799854886,Khujand
1894632,2024-12-19,69.515,36.391757566463745,36.13401660520054,34.93793076223067,37.466192292232975,36.87395742275481,36.546690749899746,27.66149239274864,Khujand
1894632,2024-12-20,22.985714285714284,28.334397088123126,26.871012580067763,28.576388930099494,27.891474588829247,30.23747091438307,28.095638427236054,23.612573414876124,Khujand
1894632,2024-12-21,55.074999999999996,31.581857582398328,32.63480051155167,30.972470888058798,29.82519360262791,29.562048045528854,34.914774864224405,27.659316355620376,Khujand
1894632,2024-12-22,85.41818181818182,28.174611575965418,27.953800647602012,27.063155462340468,30.25778386694987,25.686678095793464,29.911639807141253,34.29286517697574,Khujand
1894632,2024-12-23,142.9105263157895,55.228746146304935,55.0028158117968,51.13561049083843,56.30247260396249,56.893638860368675,56.8091929645583,40.29089036461255,Khujand
1894632,2024-12-24,133.935,44.88378387221244,42.75619462585381,43.59313441070223,43.68054828705847,44.87663297856089,49.512409058886774,43.21899256975894,Khujand
1894632,2024-12-25,136.45416666666668,30.518811366422533,28.977419246996043,32.076089251445325,31.003249566584863,30.99040930980766,29.546889457278784,43.32795785100143,Khujand
1894632,2024-12-26,141.5391304347826,51.806430124468775,52.816795204056945,49.8355401173631,50.53564336667603,55.17018101028224,50.673990923965555,56.485727835674425,Khujand
1894632,2024-12-27,161.22222222222223,78.49353235819083,76.89138491898107,80.71642294291505,70.7505981000116,81.5542018537786,82.55505397526784,63.34380105610262,Khujand
1894632,2024-12-28,146.25714285714287,34.20809958659966,32.7177232718989,34.15503515799566,34.71795513811402,34.040298941690146,35.409485423299564,35.57865087710934,Khujand
1894632,2024-12-29,145.2826086956522,29.26293731289051,27.189465554120957,31.32709072397693,29.26150230072657,31.10581337263436,27.430814612993732,36.12964479426819,Khujand
1894632,2024-12-30,165.04090909090908,57.560230212391026,61.99078553736852,53.062016632636364,53.649638529161216,59.22977452559441,59.868935837194634,39.07970632266324,Khujand
1894632,2024-12-31,179.26666666666665,65.73250967253452,66.24155643668436,66.17390456500752,65.18174570727678,64.39514502353856,66.67019663016534,42.15320333511454,Khujand
1924313,2024-01-01,106.10434782608696,32.262931954837306,34.191056963519145,32.973349034699176,30.75966804545863,30.54619798605846,32.84438774445115,26.772701129938923,Khujand
1924313,2024-01-02,143.16666666666666,37.060805643282904,38.758210072611234,35.90165246840238,35.78338357531853,35.68405218029734,39.17672991978506,34.57147076002411,Khujand
1924313,2024-01-03,143.57916666666668,43.61532420052431,42.37642876794385,41.33556250343663,42.918742350771936,41.0061904701644,50.439696910304754,32.10223527727476,Khujand
1924313,2024-01-04,143.875,36.43402556822563,38.26234149995423,33.60371223055743,37.46828758420231,36.18631168335032,36.64947484306388,33.945832552116826,Khujand
1924313,2024-01-05,188.375,33.97183197200957,32.798678801683984,33.47130753852853,34.7266784823425,36.28087205757608,32.58162297991675,33.648644500171486,Khujand
1924313,2024-01-06,128.44166666666666,36.7446502629643,36.694032247087975,38.710128947535246,35.201186692059835,36.45045337701449,36.66745005112397,36.72958444777987,Khujand
1924313,2024-01-07,99.97500000000001,30.54997817636097,29.53083391683377,30.73282689540178,29.58493512776247,29.844562684734125,33.05673225707269,20.247462336196918,Khujand
1924313,2024-01-08,50.4125,48.57558357096062,51.969476532833106,47.28390888642261,44.66789661865048,49.81058444965311,49.146051367243786,39.87736692689805,Khujand
1924313,2024-01-09,133.16666666666666,35.8381196338529,37.783097555778824,38.506470184052304,33.486304736787986,33.47140562443489,35.9433200682105,37.575414520428694,Khujand
1924313,2024-01-10,149.625,37.03633654941774,38.25591433558491,37.907463033297724,35.06909224542579,36.08624423271146,37.8629689000688,40.619756188074916,Khujand
1924313,2024-01-11,111.575,36.44533604925516,36.88383203254274,32.873713624530794,38.992493803369285,35.79421292361909,37.68242786221389,21.25413374909226,Khujand
1924313,2024-01-12,28.766666666666666,31.81911362277295,34.43660060132483,31.318538119884593,31.826951213910363,28.93125411759724,32.58222406114771,22.200871548360055,Khujand
1924313,2024-01-13,108.74583333333334,26.31912078502616,25.781143552711402,28.8626193620218,24.67998031356116,25.530644488387583,26.74121620844887,34.71345851491105,Khujand
1924313,2024-01-14,111.94583333333333,38.06173355130804,39.37824787454062,40.30593360257669,35.6500174640625,36.33954995622021,38.634918859140186,26.215211963996808,Khujand
1924313,2024-01-15,21.929166666666664,34.741551051475405,33.299664685298794,36.09298786509901,33.584395548859746,33.304611269417514,37.426095888701965,24.417294593458337,Khujand
1924313,2024-01-16,41.87083333333333,46.324610893633874,44.81478794261671,48.61450938742708,45.345437662855275,44.752755144825,48.09556433044529,28.588062324640305,Khujand
1924313,2024-01-17,53.53333333333333,37.60650713600059,37.11273932681008,37.62088974902467,36.91100079408865,38.52967774729867,37.85822806278088,32.075646768102615,Khujand
1924313,2024-01-18,97.92083333333333,23.282886620655496,23.949443072592473,23.244851006401028,22.12371724207441,21.825317606444315,25.271104175765256,32.885771180101074,Khujand
1924313,2024-01-19,110.59583333333335,37.41747523275884,37.55799335373131,39.296582632385984,34.95698347322899,37.043102718807035,38.232713985640885,38.305591328334685,Khujand
1924313,2024-01-20,52.208333333333336,50.0576312958047,50.18134459293043,51.84671575597821,46.11264776473226,49.574696362372386,52.5727520030102,35.126596483191406,Khujand
1924313,2024-01-21,82.14583333333333,31.162260354762292,30.382617209226826,30.99049418165741,30.148865694939868,30.0653028251237,34.22402186286365,26.920671654660964,Khujand
1924313,2024-01-22,101.72916666666667,36.241611647392354,36.808458382882236,37.327372467344176,39.46237182787843,35.311938631320906,32.29791692753603,40.879928516200835,Khujand
1924313,2024-01-23,149.45833333333334,24.289609488371077,23.64307860432946,25.572254961505067,23.67588867570806,23.47602516294829,25.080800037364515,39.317416618554944,Khujand
1924313,2024-01-24,156.99583333333334,40.06173345771428,41.4268548923734,43.59641822755524,36.010042605142324,40.264301029533655,39.011050533966795,34.41375336532428,Khujand
1924313,2024-01-25,94.73,45.480832833574794,47.348142592642056,44.84630737430302,45.702857515230335,45.782265686594826,43.72459099910375,19.364053157054826,Khujand
1924313,2024-01-26,29.619583333333335,48.910455067270036,51.20358496183894,52.913002800028295,46.66682767649742,44.92134890726109,48.84751099072442,22.93974628753017,Khujand
1924313,2024-01-27,62.18333333333334,40.547629529927846,41.313621972009926,39.51626386809253,44.50268040501546,38.69131688610233,38.71426451841895,24.802988736748375,Khujand
1924313,2024-01-28,92.19166666666666,26.690214908009448,28.110032921717593,26.918795798989027,27.107697446684448,25.959711250779613,25.35483712187656,26.57781879744516,Khujand
1924313,2024-01-29,45.362500000000004,24.83082717258052,26.311121339243144,25.33704308007572,23.900321304117867,24.346230523842642,24.259419615623216,23.50193258504487,Khujand
1924313,2024-01-30,26.695833333333336,29.6189281909816,30.30943576926189,30.638065242940705,28.240948014869588,29.46740990700428,29.438782020831518,22.639728055050455,Khujand
1924313,2024-01-31,28.34583333333333,36.3990800891101,33.027186036296214,35.28436640715263,40.44675318458101,34.569457522303054,38.6676372952176,23.363806629926785,Khujand
1924313,2024-02-01,36.92916666666667,24.89139855877223,23.803466498653446,25.310330145881046,25.880221276329845,25.400236710237326,24.062738162759498,24.895278024071786,Khujand
1924313,2024-02-02,48.55833333333334,30.55247921356193,28.210679455413793,32.94621948458688,28.523211625019105,31.960662604398735,31.12162289839113,26.07535272869268,Khujand
1924313,2024-02-03,38.00833333333333,29.05987011672883,27.38551304339259,29.647217045175804,29.895809387005905,29.73885856536589,28.631952542703978,29.83364196407092,Khujand
1924313,2024-02-04,80.65416666666667,17.86156879048217,16.764127362996316,17.642753326928293,18.92207178820495,17.952645917756726,18.026245556524565,36.15882323171218,Khujand
1924313,2024-02-05,118.675,27.336577799807106,27.80847529306602,26.005941586333815,28.454022319913975,29.65634997040932,24.7580998293124,30.966291493793506,Khujand
1924313,2024-02-06,113.53333333333335,38.028901571612316,35.875821982459506,38.89012207206797,39.69806805486415,36.261080201673046,39.41941554699693,27.1052644401625,Khujand
1924313,2024-02-07,71.2125,23.858893690327193,23.70645825293306,24.1750427195547,24.697984374977874,23.113819057499715,23.60116404667062,24.00671324675909,Khujand
1924313,2024-02-08,124.7,28.72159106040188,31.017642341964724,28.069845773472004,28.66267359757167,30.084806268003636,25.77298732099737,35.012245288011854,Khujand
1924313,2024-02-09,77.1375,26.862429568996937,28.669431909723997,25.261683656247886,27.765371062662663,26.902076149390304,25.71358506695985,36.34933750273785,Khujand
1924313,2024-02-10,74.45,18.683821655127318,18.472475586339648,18.5892494440869,19.465327376041017,18.82804611012984,18.06400975903919,36.99198255102556,Khujand
1924313,2024-02-11,106.12916666666666,31.656563611643264,32.11917205374577,31.243204004407552,31.687292110730937,30.33039055764123,32.90275933169081,28.05781891990091,Khujand
1924313,2024-02-12,49.85,36.57193862209247,36.274073544876586,36.853678915652125,38.524981882653634,35.06802439464027,36.13893437263971,34.06591782717396,Khujand
1924313,2024-02-13,71.16666666666667,40.47140929183191,36.99716354701108,43.846404825433815,39.55630610826073,39.53945579476789,42.41771618368604,34.70299399677015,Khujand
1924313,2024-02-14,86.3125,18.471412271439657,18.36139592651366,17.239741543707183,18.759797933851328,19.304497368469168,18.691628584656954,33.4822549313817,Khujand
1924313,2024-02-15,111.11666666666667,27.408705680272504,26.63760402241172,26.995489717520346,29.74899183228323,26.63392831574634,27.027514513400877,26.881754340844964,Khujand
1924313,2024-02-16,47.645833333333336,33.43778926667868,34.59484919367364,29.709433935559773,34.056820353080724,33.958457015641095,34.86938583543817,19.934192481695277,Khujand
1924313,2024-02-17,20.4525,31.258746805345915,30.089764862719157,32.23805134868466,31.945443228129356,31.601840764117497,30.418633823078906,21.63275954647372,Khujand
1924313,2024-02-18,47.56666666666666,33.273936064462504,32.448330840547996,33.660655789596504,33.52094939811261,34.16034272103236,32.57940157302306,26.867174003907166,Khujand
1924313,2024-02-19,26.891666666666666,27.207198673056325,25.941519122058207,27.856208712871517,28.730711445694936,27.261032238258483,26.24652184639849,20.47444920993837,Khujand
1924313,2024-02-20,22.045833333333334,25.034310397883985,26.155731903558113,24.012882531105085,26.697640797563125,23.89619856983113,24.409098187362467,33.752371305094584,Khujand
1924313,2024-02-21,49.737500000000004,35.23670477897296,35.15201592374954,36.52216422682961,36.11310297506877,32.32614395774263,36.070096811474215,36.758452022776964,Khujand
1924313,2024-02-22,94.43333333333334,31.24909672892195,28.309292054743658,33.84375937732987,31.10473486310034,32.28395191641195,30.70374543302392,39.10132991446926,Khujand
1924313,2024-02-23,118.125,32.15220627306084,31.344184616308667,34.694630842015805,32.78166729662182,31.4908453163755,30.44970329398243,40.01784300211466,Khujand
1924313,2024-02-24,63.60833333333333,34.005370367038594,32.36246237876576,34.172582856050845,34.72559915854654,33.8411989106295,34.925008531200284,40.69357980196355,Khujand
1924313,2024-02-25,57.887499999999996,31.350962189749634,29.472766215988468,32.555361070063505,28.3184675367257,32.271549627167225,34.13666649880331,29.107232809021298,Khujand
1924313,2024-02-26,51.104166666666664,39.15319246135397,38.57077098882661,39.33313887117543,39.158472391733696,38.25101536538446,40.452564689649655,31.662749496174,Khujand
1924313,2024-02-27,46.25,34.500246249210555,33.89001583455314,34.87785736733788,37.09782083710354,34.09633181804223,32.539205389016,33.38677752762078,Khujand
1924313,2024-02-28,36.3375,43.01019000492249,43.51289973746649,44.14511698782666,45.20078811499384,41.162188170888804,41.02995701343666,54.508319376477175,Khujand
1924313,2024-02-29,56.99166666666667,36.85335469924139,35.44466074368148,37.91635553845515,41.3785763612467,35.90856701462308,33.61861383820052,25.393393350835368,Khujand
1924313,2024-03-01,36.80416666666667,25.121126706723448,24.26901290788909,25.78484708097449,24.94982401819466,25.55326773132697,25.04868179523203,20.709738109413365,Khujand
1924313,2024-03-02,25.145833333333332,29.922156311457165,28.490198591692142,30.714887020306755,29.68630920508596,30.75221559584188,29.96717114435909,19.73210124905802,Khujand
1924313,2024-03-03,27.808333333333334,27.121175613853154,25.198825342113107,28.2185443993306,27.50333676355153,27.400111052362764,27.285060511907762,21.83332733107659,Khujand
1924313,2024-03-04,52.97083333333333,23.445876746536243,24.765830749593068,24.871146141992877,21.88216388341231,20.265499122005497,25.444743835677464,26.69514006126019,Khujand
1924313,2024-03-05,68.40833333333333,31.77259176118195,32.10924979168795,33.527365119757704,31.98945087958515,29.125106984019926,32.11178603085903,32.64027777671754,Khujand
1924313,2024-03-06,99.14583333333333,35.387349875926034,35.33048096480088,34.31867097202418,37.38808281966151,35.46300054940513,34.43651407373845,46.215692346972446,Khujand
1924313,2024-03-07,102.31666666666666,21.77634351075368,21.995099605447532,22.698570808251578,22.46626916899354,21.202308944976437,20.519469026099294,72.2053703122715,Khujand
1924313,2024-03-08,87.925,36.88616835876601,34.79287071258309,39.59698510828822,37.55455405365737,39.99164485450231,32.49478706479904,49.17478309718217,Khujand
1924313,2024-03-09,57.775,29.134896404732103,29.86167402529554,29.114550520660575,30.15294053504648,29.195779597184156,27.349537345473767,48.27766782622302,Khujand
1924313,2024-03-10,47.94166666666666,27.718636396881703,27.393849056872796,28.121165309968475,29.574373453107054,27.686220798226156,25.817573366234026,53.98400633904612,Khujand
1924313,2024-03-11,70.99583333333334,20.030360001094458,20.068522414220023,20.098010171694792,21.064578185904157,19.12636052937028,19.79432870428304,30.81386497793983,Khujand
1924313,2024-03-12,29.72375,25.184316200982618,25.2860087516183,25.548700544288174,26.686325508735674,22.425539022164173,25.975007178106765,18.86306573883769,Khujand
1924313,2024-03-13,12.71625,17.070653961145226,18.20975560337801,17.536327851537063,17.768952119362304,15.810291935499592,16.02794229594916,22.979868859461703,Khujand
1924313,2024-03-14,18.238333333333333,22.593577086235918,21.919031344031957,24.46027038485867,23.238754045827044,20.73769479903671,22.6121348574252,20.322214429601047,Khujand
1924313,2024-03-15,17.8875,17.735902715075603,17.904051296148072,16.270263428334676,18.695280413909376,16.56936074203108,19.2405576949548,23.89647520584117,Khujand
1924313,2024-03-16,30.474999999999998,17.73642478175437,18.681286217096,16.838732996444666,18.530470083114146,18.119160290932406,16.51247432118462,31.01648156811234,Khujand
1924313,2024-03-17,32.99166666666667,18.149037212253848,18.702302263254705,17.76015428022323,19.366496469529384,16.97002611733993,17.94620693092198,32.7088682433573,Khujand
1924313,2024-03-18,60.80833333333334,24.31410362574885,25.07149564565439,23.843746658020688,25.878628172459216,23.115683853051067,23.660963799558893,40.23612705961068,Khujand
1924313,2024-03-19,61.24166666666667,25.730790012029683,22.8898391132483,25.876774728232146,26.310777998560297,26.37449969741548,27.20205852269221,43.93772786326235,Khujand
1924313,2024-03-20,47.854166666666664,24.841833982085724,24.35345752560874,24.460263803601055,25.434784589638937,25.39805467718488,24.562609314394994,39.32155375363391,Khujand
1924313,2024-03-21,18.352083333333333,19.750574599315012,18.517707662860328,20.193022060260038,22.332471318765354,18.22055728672055,19.4891146679688,24.3605040212135,Khujand
1924313,2024-03-22,21.723333333333333,20.259865339501573,21.282612909089277,20.481912936266234,19.795902055273253,19.976446244216323,19.76245255266278,20.93134595260051,Khujand
1924313,2024-03-23,33.708333333333336,19.476838833215055,18.71215018129289,19.360411670665403,19.75193711610261,19.942477464099827,19.617217733914543,24.685994766681006,Khujand
1924313,2024-03-24,39.391666666666666,18.35431094768905,19.05673469330111,18.599917777149553,17.138636079732617,19.175834147702197,17.800432040559784,34.01445676953654,Khujand
1924313,2024-03-25,33.90833333333333,16.7309494284067,17.761546333114755,15.509396142813536,17.606225386708275,16.326934272066595,16.45064500733034,30.5729163835299,Khujand
1924313,2024-03-26,15.680833333333332,15.293163731230342,14.913020236125607,14.856129746964042,16.0791522937188,15.695345517881083,14.922170861462172,26.415404715261957,Khujand
1924313,2024-03-27,14.986666666666666,15.979098714955805,16.1137559497677,14.858559344307833,16.623112765268523,16.846294989031364,15.453770526403602,35.87615867328577,Khujand
1924313,2024-03-28,19.09875,21.225001632755344,20.73677832881722,21.241297892713263,23.083048144093556,20.413532219987882,20.6503515781648,29.54942309341004,Khujand
1924313,2024-03-29,26.041666666666668,20.00995708922398,18.52475699927543,21.692902746854234,19.22549066500444,19.463351404417622,21.143283630568188,24.524005233782418,Khujand
1924313,2024-03-30,13.553333333333335,21.224333968679836,20.30919852740264,22.001249716109054,21.463096598309026,20.4641583400063,21.88396666157217,31.023129583583795,Khujand
1924313,2024-03-31,15.167083333333332,22.91318652648393,23.22830600100687,23.427691680535684,22.763580889724853,22.48757472657933,22.65877933457291,31.473799307345416,Khujand
1924313,2024-04-01,30.258333333333336,20.989625340826315,21.447547409812266,22.07083771547084,20.575316889739195,19.924803700137748,20.92962098897153,35.98072747135075,Khujand
1924313,2024-04-02,36.61666666666667,28.310986008740645,27.678105998604305,28.646300625918567,29.011401389635513,27.809114784402674,28.410007245142165,34.80356066287595,Khujand
1924313,2024-04-03,14.320416666666667,16.765262254378616,17.072848339071008,16.704163075443603,16.82086371589295,16.542685205226977,16.685750936258543,26.32076308739397,Khujand
1924313,2024-04-04,36.858333333333334,20.51694151373667,20.68424382824293,22.266787877068342,20.83002771261039,20.02521370364083,18.77843444712084,38.270076626044556,Khujand
1924313,2024-04-05,30.653750000000002,18.05718087857816,19.013155717810832,17.743713812902424,17.74924095729273,17.95546036835982,17.82433353652499,37.42351824709158,Khujand
1924313,2024-04-06,14.952083333333334,20.789628800654597,21.306853530157415,18.590567676989032,20.247456237689324,23.211142751645962,20.59212380679125,28.51364540756731,Khujand
1924313,2024-04-07,19.974999999999998,17.686911397612796,17.275300537847137,16.953410413915666,17.09382020407973,18.425128859598303,18.686896972623124,24.58151656281484,Khujand
1924313,2024-04-08,20.664583333333333,17.10231832076843,18.63592345096241,16.563050596447418,18.30668251127797,15.911435234567296,16.094499810587052,31.958245568229813,Khujand
1924313,2024-04-09,18.933333333333334,17.60956751696177,17.657076934653762,17.61083168123277,16.8793803743567,18.27040886450092,17.63013973006471,26.25844760128939,Khujand
1924313,2024-04-10,28.84583333333333,27.869460962157017,28.095322706275674,28.76435912728156,26.76154751725931,28.540921545512713,27.185153914455825,29.27743976865895,Khujand
1924313,2024-04-11,35.34583333333333,24.192364102742577,23.549609663568173,25.798096712920877,24.461024158983307,24.891098613371106,22.261991364869413,37.914217284050665,Khujand
1924313,2024-04-12,31.912499999999998,25.775662712897052,26.703406052637913,24.054609722245818,27.28902639669671,25.52376139727939,25.307509995625427,39.41995859346616,Khujand
1924313,2024-04-13,21.2375,18.394861604845296,17.517773318958398,17.811751749619468,18.43658764993731,20.329635760106832,17.87855954560449,34.12946166403299,Khujand
1924313,2024-04-14,21.587083333333336,19.091274497224582,17.28328349647235,19.611963377097435,18.541944413926473,20.012188700218466,20.00699249840818,24.905824254627305,Khujand
1924313,2024-04-15,23.743333333333336,17.99596062916435,18.41609315855925,18.060191681247623,18.01474937253541,17.366018928835107,18.12275000464436,22.77557050345149,Khujand
1924313,2024-04-16,12.185,13.717385243359416,13.26668047047466,13.607083131348563,15.303706203527241,13.130229306721382,13.279227104725232,25.87758648087015,Khujand
1924313,2024-04-17,20.52173913043478,14.668501341623235,14.222067358919986,14.813192282180532,14.781163781717401,14.803453343371269,14.722629941926991,21.475377217082723,Khujand
1924313,2024-04-18,27.181304347826085,14.812305871913676,15.261626951968093,15.161423947672773,15.042086785580008,14.58629475942419,14.010096914923311,28.458157348974964,Khujand
1924313,2024-04-19,31.2375,19.029476808436154,17.800080358357455,19.258974215837036,18.583994580335748,18.511130546824504,20.993204340826036,29.927808416484368,Khujand
1924313,2024-04-20,18.827916666666667,20.114479376843523,19.120298598876005,19.43660927329186,21.56140926782489,20.17704873564117,20.277031008583695,27.504476659000375,Khujand
1924313,2024-04-21,15.891666666666666,19.9989272119713,19.98445548359449,19.736372912348234,20.751772907911537,19.199754705455494,20.32228005054676,29.18740156954027,Khujand
1924313,2024-04-22,18.48875,21.238726477991914,20.044183429747424,20.614925770722735,23.97188421492426,20.954740318681008,20.607898655884156,29.28514205191459,Khujand
1924313,2024-04-23,28.417391304347827,16.273167219039788,15.985792584970081,16.13792105759632,16.799934457584754,15.7428540369012,16.699333958146582,29.221804272448935,Khujand
1924313,2024-04-27,9.88,18.666076442720772,17.52378214494195,18.055510375144884,20.09829091493944,19.106882276465374,18.545916502112224,24.481859835500018,Khujand
1924313,2024-04-28,9.468333333333334,17.728778246647245,17.98114902649288,16.318062861840403,18.69794636449845,18.45999370950036,17.186739270904145,28.51171717221814,Khujand
1924313,2024-04-29,13.97181818181818,20.23883117674415,20.322671766285904,19.46393077341142,22.403243302183917,18.9679280409334,20.036382000906123,34.99853536592536,Khujand
1924313,2024-04-30,14.018095238095238,24.078944118661276,23.055134423071742,24.459116173123586,26.299888727590258,22.086988522539418,24.493592746981385,31.148233066712237,Khujand
1924313,2024-05-01,21.391363636363636,19.287476071004242,19.109001375892454,20.353615660611148,19.26295792170903,19.07423237938074,18.637573017427837,33.314939880678594,Khujand
1924313,2024-05-03,20.668181818181818,21.069528624691337,20.913871272000275,20.29795798465329,23.943789416629507,20.225776912100777,19.96624753807284,38.85719098317577,Khujand
1924313,2024-05-04,14.302272727272726,15.91255466000558,14.314312057892051,15.613765897769195,17.04424736405985,16.8668366322609,15.72361134804591,34.84005413778459,Khujand
1924313,2024-05-05,19.151818181818182,12.846761164958243,11.197776173547167,13.543932773380257,13.78237139573446,13.162755188204619,12.546970293924712,25.88976029837977,Khujand
1924313,2024-05-06,11.757083333333334,13.033211415536988,12.772436367166279,13.636564017799932,13.143081722839279,13.013907002211335,12.600067967668123,29.969187760879777,Khujand
1924313,2024-05-07,11.42157894736842,13.879683540773664,13.433545315060028,14.175459653498459,14.763670492877994,13.248876602941092,13.77686563949075,25.003946653722096,Khujand
1924313,2024-05-08,17.03125,14.914035073817626,13.418066433650583,15.572949258685181,15.863206558805519,15.589322291583848,14.126630826363003,24.14476237444387,Khujand
1924313,2024-05-09,15.898181818181818,25.61798206135294,25.34400425731592,24.711429112622618,27.410969856641557,27.08606590766533,23.537441172519273,36.45866871348926,Khujand
1924313,2024-05-10,13.814166666666667,19.127632774313476,18.853991421305558,19.867489025900877,20.228499960012456,18.52660559499685,18.161577869351625,27.902110584786442,Khujand
1924313,2024-05-11,8.250416666666666,11.959867843650475,11.224832204148543,12.29591137823843,12.036211702707684,11.800355710100224,12.442028223057497,25.62334762867704,Khujand
1924313,2024-05-12,18.77090909090909,17.504763923313643,16.07191655063651,16.98053276147226,17.61309972064186,19.45455410839364,17.40371647542395,25.22470606447382,Khujand
1924313,2024-05-13,19.262608695652176,14.56860106523871,15.000340300105808,14.405867442701215,13.72866065431129,14.773425356059198,14.934711573016045,27.341129101298066,Khujand
1924313,2024-05-14,11.797916666666666,13.469589153815619,13.368904533738169,13.60699061942449,13.180374302865618,13.76769179177282,13.423984521277005,27.20040167158868,Khujand
1924313,2024-05-15,14.322857142857142,16.670358201466627,16.53312537023425,16.521997291543347,17.92811524195103,16.46464255884618,15.903910544758329,33.40899708714642,Khujand
1924313,2024-05-16,10.713333333333333,14.771984379308481,14.335739874589546,14.075129443409505,16.312549562849245,13.730686318665878,15.405816697028222,39.29556032400296,Khujand
1924313,2024-05-17,21.504545454545454,21.078182878314436,22.433891778304403,21.70304888079454,19.949796524400277,21.48203987231864,19.82213733575432,34.343995832241035,Khujand
1924313,2024-05-18,19.36521739130435,13.288748170256508,12.576467410143202,13.572470756127757,13.786296204314851,12.898889216499262,13.609617264197473,30.444809080986033,Khujand
1924313,2024-05-19,8.26608695652174,16.028858899312816,16.534303899825453,16.87809276618445,16.53153059262607,15.273504040015705,14.926863197912407,29.077292314493207,Khujand
1924313,2024-05-20,13.379166666666668,17.02799978460948,16.36505274994173,18.041930565576884,16.91966731753566,16.806714511525986,17.006633778467144,31.141805319488867,Khujand
1924313,2024-05-21,19.419583333333332,20.18578609476466,19.798986598153984,21.775991767742113,19.57334705342612,20.20908927951979,19.571515774981282,28.749301346774246,Khujand
1924313,2024-05-22,21.26666666666667,15.022141410129825,13.565504402563311,16.11675453565784,15.584174547191381,14.92987521528508,14.91439834995151,28.878652987284113,Khujand
1924313,2024-05-23,12.93608695652174,20.905882991352104,21.590248066591876,21.01525476130642,21.45901795505811,21.163295710817017,19.301598462987094,40.004555852955946,Khujand
1924313,2024-05-24,27.722727272727273,17.464598984443224,17.5371403208606,17.617709341269318,19.285019195970115,16.86202546908639,16.02110059502969,30.570266947303935,Khujand
1924313,2024-05-28,17.54608695652174,16.251068101974024,16.569059337014494,16.075813124470535,16.80962696110275,15.521506920205216,16.279334167077124,24.216051571211892,Khujand
1924313,2024-05-29,9.055416666666668,16.429103056579486,15.828389679767504,16.355939113714165,16.36086324613929,16.89815809170485,16.702165151571606,24.89428370833093,Khujand
1924313,2024-05-30,11.66590909090909,14.628054371340786,14.661134371317983,14.304875775273077,15.023837114612409,14.0998497013536,15.05057489414687,22.513257665334095,Khujand
1924313,2024-05-31,11.236521739130435,18.225900276003085,16.586006489847996,18.794645120498917,17.552077681321133,19.130350065903283,19.06642202244409,23.395799260693593,Khujand
1924313,2024-06-01,19.933333333333334,17.951091045256923,17.476667886182216,17.54184753715842,17.968345895976945,18.921905331224835,17.84668857574219,24.084795676170188,Khujand
1924313,2024-06-02,18.378695652173914,17.666347365692122,18.223149110089143,17.31491224801545,16.959649623608676,17.47984737762467,18.354178469122665,25.248066489179564,Khujand
1924313,2024-06-03,12.992608695652173,18.62980242756345,18.695758400091567,18.9806612911284,19.11901044791585,18.901036191722095,17.452545806959336,23.00935060983602,Khujand
1924313,2024-06-04,13.702272727272726,17.10962960961441,17.392411816473555,16.1346757219323,17.668208539120325,16.51879542475999,17.83405654578588,24.60456568098448,Khujand
1924313,2024-06-05,20.03772727272727,18.53554605655792,19.316527062854252,18.785492833542232,17.917842090703378,18.228402478984115,18.42946581670562,25.29372418902267,Khujand
1924313,2024-06-06,17.863999999999997,17.638683872251384,17.59589626371956,18.818745293183813,17.99266232373286,16.785982097569235,17.000133383051462,34.607953576791715,Khujand
1924313,2024-06-07,13.200454545454546,17.101741401150868,16.708186277461852,17.896616858214422,17.273149291128295,16.828289168258006,16.80246541069177,27.0645121497314,Khujand
1924313,2024-06-08,17.04041666666667,20.625407523595925,21.15891832399636,20.39976276300011,20.29717838516709,21.15442199911896,20.116756146697107,26.58946459288427,Khujand
1924313,2024-06-09,22.733333333333334,21.364543620879513,20.174392751572842,21.640709761640608,21.073349639995826,22.952547376872964,20.981718574315337,24.320924126296404,Khujand
1924313,2024-06-10,19.918333333333333,19.37465315692188,18.73532526780344,19.229343956586117,19.94234025208697,20.522020755896605,18.44423555223627,28.71111145108398,Khujand
1924313,2024-06-11,11.55913043478261,19.12219644989012,17.941182593551638,19.593509905526357,20.763164094313318,18.18120521111284,19.13192044494645,29.910171857604382,Khujand
1924313,2024-06-12,17.774761904761903,14.62303209082342,13.588529383483788,15.747638561796137,15.03800478567948,13.828453029515913,14.912534693641781,23.77009585441283,Khujand
1924313,2024-06-13,11.55391304347826,17.69957975008467,16.478063259222726,18.408252276707316,17.771848979374674,17.542024346578692,18.297709888539945,23.68745795788709,Khujand
1924313,2024-06-14,10.84608695652174,22.587516568418753,19.41951486076523,23.028218050416765,25.13013455810199,23.95880683693087,21.40090853587891,24.200338362699767,Khujand
1924313,2024-06-18,13.770000000000001,17.319796222895913,16.88893116790943,17.25141804872383,17.428225717645187,17.77691481762851,17.253491362572618,31.814771890846714,Khujand
1924313,2024-06-19,18.525000000000002,15.439082580651302,14.863779303795873,16.126286299611102,15.224890742975518,15.27169365766052,15.708762899213497,27.57116109475146,Khujand
1924313,2024-06-20,26.504166666666666,15.858529148792531,15.64610291365268,15.963409666135384,16.117077280227388,16.305961004617895,15.260094879329305,25.290172363522288,Khujand
1924313,2024-06-21,13.905833333333334,22.544290546237058,22.587400130058086,20.414894167254904,24.765293516587043,22.365459909875586,22.58840500740967,27.77854542668092,Khujand
1924313,2024-06-22,11.772083333333333,20.940850694855545,20.526916481449486,20.0001927702676,20.8635630330354,23.67911049369116,19.634470695834075,30.179034123388647,Khujand
1924313,2024-06-23,19.743478260869566,18.213469878853505,15.476714755545071,20.60848281172375,18.528009354898558,17.899081114586014,18.555061357514127,23.624240082508095,Khujand
1924313,2024-06-24,10.267826086956521,15.427905952904876,14.572257790594085,17.040868605281585,15.076390491774596,14.094225625132701,16.35578725174141,23.04441367339973,Khujand
1924313,2024-06-25,12.6175,15.962682521005224,15.37442138931171,16.661203749628736,15.910209521824786,16.435679732718977,15.431898211541903,29.399787234151063,Khujand
1924313,2024-06-26,23.634761904761906,18.44682602630089,17.89760228486548,18.501563825135737,19.16987219319421,18.43341110280213,18.231680725506887,29.230816618873632,Khujand
1924313,2024-06-27,30.984999999999996,14.32840372797494,14.578686165682187,14.333489782221871,14.213863405133711,14.80433538727489,13.711643899562045,28.124005975736964,Khujand
1924313,2024-06-28,19.174444444444443,23.098123779468377,23.30074407625948,23.880190466788854,22.490021395306393,23.785575779418767,22.0340871795684,27.940541176828447,Khujand
1924313,2024-06-29,17.154166666666665,19.40965668795387,20.134873575828458,20.24906947837653,18.87409906751727,19.486845605518475,18.303395712528612,29.51684648533228,Khujand
1924313,2024-06-30,13.332173913043478,15.486211761738113,15.074577734728507,15.620837384052983,14.941492166110063,16.51118722638926,15.282964297409759,25.08476467266587,Khujand
1924313,2024-07-04,16.987368421052633,23.206496765090094,21.400860242648683,24.005425771663347,22.045155488536818,24.511047374206473,24.06999494839514,22.99601638722106,Khujand
1924313,2024-07-05,13.672380952380953,20.129936894466418,19.96409050660076,21.698461878722405,19.854957881849085,18.585966298152734,20.546207907007084,23.71743042683829,Khujand
1924313,2024-07-06,12.606521739130434,19.936026485084355,19.788733761138257,20.85703819476004,18.941131964020858,20.443993320172495,19.649235185330127,23.901852237994035,Khujand
1924313,2024-07-07,8.811666666666666,18.609601184313696,17.0177546999556,19.276719055182188,18.79731755979734,19.77650947885519,18.179705127778178,22.893175096182404,Khujand
1924313,2024-07-09,18.5455,17.836813058274195,18.805533193500246,19.218898256330608,17.781004621594946,16.83156656243196,16.547062657513212,26.829510798019783,Khujand
1924313,2024-07-13,10.5255,16.66606642102813,16.142227599413896,17.582240769235128,16.886716845347525,16.571318872551508,16.1478280185926,26.960418527120964,Khujand
1924313,2024-07-14,15.358095238095236,15.856683208121908,14.672515360289774,16.161566369464587,16.398348103219675,15.460679999515378,16.590306208120122,21.93743472045253,Khujand
1924313,2024-07-15,14.363888888888889,20.94726098775811,20.11943472689796,22.36141831917023,20.873639221714576,20.057432492457444,21.324380178550346,32.103457410780265,Khujand
1924313,2024-07-18,10.321666666666665,19.163552604289308,18.801913593749457,20.567137078115493,19.037624919688117,18.264646445972136,19.14644098392134,26.543867289173704,Khujand
1924313,2024-07-19,12.708333333333334,17.85128051086784,18.37424401310646,20.438508604708392,16.810084786036327,16.452119110863606,17.181446039624422,28.668620995485526,Khujand
1924313,2024-07-20,16.702272727272728,14.99393234648009,14.855329738461963,15.198846861469374,15.051225210900334,14.663984713048047,15.20027520852074,26.48064319654577,Khujand
1924313,2024-07-21,10.881304347826088,16.57508982324608,16.00740173667565,16.96019837759191,16.593327939349972,17.31789170455457,15.996629358058303,24.26356778439822,Khujand
1924313,2024-07-22,12.187272727272727,13.87458555348806,14.21003719286284,13.56567680280333,13.32690881755767,13.705104203286318,14.565200750930153,23.701104819305783,Khujand
1924313,2024-07-23,15.633333333333333,17.633689031548716,15.865082203718146,16.738748268899418,18.9177096500046,18.487274528971685,18.159630506149732,25.487980799819752,Khujand
1924313,2024-07-24,18.03684210526316,16.205597094007462,16.39491082595227,15.783310135475617,16.365105128519428,15.947096776453488,16.537562603636502,29.093973193393595,Khujand
1924313,2024-07-25,19.447619047619046,14.462474458622575,13.089965976577068,14.552017407142147,15.364652265725482,14.751678203885472,14.554058439782708,25.696453594402556,Khujand
1924313,2024-07-26,22.375,19.958808570525026,18.15718666372009,21.163049811516327,20.984945480752167,19.97655420649092,19.51230669014562,25.029359658755766,Khujand
1924313,2024-07-28,13.8875,19.84194607171587,17.641506649133802,21.460904521942044,21.203093344994784,18.55801556339264,20.346210279116075,23.698975855633762,Khujand
1924313,2024-07-31,14.091666666666667,21.733205182777773,21.353903634591706,23.60403530735784,21.720956774546046,21.782240510544593,20.204889686848684,27.592361025451282,Khujand
1924313,2024-08-01,19.25263157894737,30.342722762659765,28.65657464257457,30.412428258736107,30.758621082250666,32.54065980945889,29.34533002027858,35.575647057693914,Khujand
1924313,2024-08-03,9.663684210526316,18.538522834974636,18.260862093455636,19.624328563073583,17.999657755055534,18.108935166146043,18.698830597142386,23.4242977975573,Khujand
1924313,2024-08-04,13.265454545454544,17.650575872534993,17.90647222577054,17.75018770549628,18.242507515808448,17.3761239123119,16.977588003287796,24.014188600428497,Khujand
1924313,2024-08-05,11.984761904761905,15.24779203216618,14.883602574834343,15.918978150692535,15.550887603233601,14.59080311768009,15.294688714390329,24.88282531853838,Khujand
1924313,2024-08-06,12.331904761904763,18.40577737338878,16.703289901886368,19.32397965817875,19.187630659156707,17.78559878355497,19.0283878641671,23.94697836305295,Khujand
1924313,2024-08-09,36.91578947368421,19.249124295675717,18.857975984129528,19.54079394747436,19.25659302069437,19.7320327036087,18.858225822471624,28.13820439595429,Khujand
1924313,2024-08-10,15.278888888888888,13.984051104555402,12.981464086846197,13.721003903306668,13.858896614221125,14.171639027789368,15.187251890613656,23.110959997406553,Khujand
1924313,2024-08-11,11.141666666666667,19.53206474829255,17.831023557796623,18.613159532414205,18.956945507464493,21.68059438155696,20.57860076223048,22.999982992043442,Khujand
1924313,2024-08-12,13.312777777777777,17.30558193643278,15.063496968390016,16.363297965901193,18.28829695843993,18.088251675240546,18.724566114192235,25.54630969708751,Khujand
1924313,2024-08-14,16.705000000000002,14.41309028354785,13.189632188061738,14.443897920819182,15.050740192591338,14.188566807795596,15.19261430847141,28.592981056728604,Khujand
1924313,2024-08-15,21.163157894736845,16.51059963586622,16.37119397874863,17.316197990349753,16.563607747366643,16.11573086020319,16.186267602662884,27.246951102565163,Khujand
1924313,2024-08-16,13.205,19.72176695345308,19.256549224527806,19.3154504860287,21.089717033037502,20.171540546837182,18.775577476834215,29.864612745565864,Khujand
1924313,2024-08-17,11.667272727272728,14.163596558740101,13.665458765351522,14.656271315236896,14.0536499013462,14.05938485408242,14.383217957683474,23.05424847304107,Khujand
1924313,2024-08-18,12.579999999999998,19.698861173685284,19.680418392113143,19.92559277147499,20.483266767569003,20.098383642475937,18.30664429479334,27.693171940622506,Khujand
1924313,2024-08-19,19.584,22.88004000537594,21.611937116403787,24.89636298857046,23.415292636701416,22.57286730429395,21.90373998091007,30.33419889331026,Khujand
1924313,2024-08-22,14.197894736842105,15.857775062417414,15.850109924812902,15.330306539119551,16.27802448951664,14.746641488255705,17.08379287038228,27.419501076873985,Khujand
1924313,2024-08-24,15.122105263157895,16.910997898902018,15.918289044113173,17.18854946744562,17.576064936487295,16.99027201789762,16.881814028566367,25.10629633800545,Khujand
1924313,2024-08-25,14.511500000000002,14.153387671464472,13.296969390024744,14.67604903564998,13.662261015189506,13.951219788717648,15.180439127740488,23.495082953072142,Khujand
1924313,2024-08-26,13.64,15.982423906563776,15.50835092247408,16.01188398388221,16.70366425320502,15.033315258362617,16.654905114894948,25.6391572045477,Khujand
1924313,2024-08-30,17.477777777777778,15.812380143431929,15.775442388543883,15.58496500985052,16.356785235441187,15.94851421327337,15.396193870050684,28.931996983171302,Khujand
1924313,2024-08-31,26.25,16.12439229413321,14.710576617308785,16.374270967196292,16.891271135418584,15.862345450833587,16.78349729990878,25.438115798802528,Khujand
1924313,2024-09-01,15.087619047619047,12.19728911328274,11.376647647948923,12.687915303121159,12.858335151463052,12.141180754806399,11.92236670907416,23.21774080382579,Khujand
1924313,2024-09-03,20.62222222222222,15.082685921862794,15.192434548070601,15.501687739561731,14.860918669722738,14.790260326217867,15.068128325741029,25.427588664083032,Khujand
1924313,2024-09-05,24.378947368421052,15.628270630803025,14.694773932892675,15.641135219384772,16.096295452595214,16.391522549580344,15.317625999562122,22.356098934860256,Khujand
1924313,2024-09-12,27.333333333333332,16.410433558851384,17.159622216894604,16.176897103466416,16.10215040326426,16.17002339306235,16.44347467756928,28.215720167533618,Khujand
1924313,2024-09-14,21.526315789473685,16.317742195549258,17.29255644373324,15.56858211389449,16.435507095657538,15.859077983925172,16.432987340535846,27.98794769997994,Khujand
1924313,2024-09-15,23.21,19.883382342925604,19.78243947511653,18.981760578953455,20.681018157178745,20.539489980405886,19.432203522973403,28.872806108747227,Khujand
1924313,2024-09-16,21.54736842105263,23.81996907380501,22.329903266031266,21.92186149879006,27.894440615724932,23.262513872371642,23.69112611610714,29.425015053984225,Khujand
1924313,2024-09-17,16.632105263157893,21.04497465531994,20.230581198718642,23.066950062633882,21.426577921030727,20.87302089441862,19.627743199797855,30.582592199234114,Khujand
1924313,2024-09-18,17.786315789473683,19.380876694861513,19.265751818233074,18.85245360832206,20.646237044940907,20.068043798435564,18.071897204375958,38.07203593109034,Khujand
1924313,2024-09-19,22.863636363636363,20.000029828454796,20.042820741844448,19.432089842840583,20.776928948508306,20.425124024882905,19.32318558419775,30.0909676803617,Khujand
1924313,2024-09-21,28.557894736842105,21.26032323792978,21.137907255136582,22.093917267050525,20.93714036644798,21.01412501062549,21.11852629038832,33.08030978754641,Khujand
1924313,2024-09-22,25.20909090909091,22.006124956470323,20.655774348921838,23.89833324203596,21.51659260156878,21.566062640627358,22.393861949197674,26.38077552685627,Khujand
1924313,2024-09-25,39.252631578947366,15.490784479915783,15.337748824151408,15.035833258126804,16.087306796636724,14.662462756864043,16.330570763799937,27.523020048046874,Khujand
1924313,2024-09-27,9.700952380952382,24.93640797000625,25.158794020638155,27.119357613022153,25.34195021314152,23.78689966322869,23.275038340000734,32.97214830777375,Khujand
1924313,2024-09-28,13.399000000000001,13.900156243954422,14.615317311337654,14.29235388225033,13.912095976747162,13.147064610232075,13.53394943920489,24.098423885842067,Khujand
1924313,2024-09-29,23.805,17.40290347346876,17.253836334137066,17.840520430843213,17.222143159479607,18.262651087694998,16.43536635518892,32.99435898551519,Khujand
1924313,2024-09-30,24.48421052631579,21.205800529905733,21.943729274423255,21.91737638435768,20.988429834282876,21.21648881246351,19.962978344001346,31.936858231883434,Khujand
1924313,2024-10-03,33.44736842105263,33.41917027987093,33.08218002909831,34.72462430044699,35.93615386895735,32.0999571838458,31.252936017006213,53.48226369161648,Khujand
1924313,2024-10-04,24.917083333333334,26.542693954242917,27.869194595675733,27.06173977609379,27.514315702635095,26.251877986287894,24.016341710522088,37.39516581557791,Khujand
1924313,2024-10-05,27.557894736842105,23.434228925861962,23.09187729659892,25.60417875881217,24.73651502137063,22.661565422600408,21.07700812992768,39.94746552049446,Khujand
1924313,2024-10-06,26.066666666666666,30.74357093125832,30.94033279854409,31.43261568614431,32.50667575895949,29.566025616733967,29.272204795909733,34.68806371753499,Khujand
1924313,2024-10-07,41.61304347826087,25.47547292945536,24.90737223331768,25.150630337696956,25.871227158413586,26.43941253800382,25.00872237984476,31.851972355777434,Khujand
1924313,2024-10-08,37.10434782608696,18.07421711634233,18.302896975093635,18.56884996766803,17.569264662979702,18.240665757303614,17.68940821866665,31.593779777349027,Khujand
1924313,2024-10-09,44.07826086956521,19.453412502968114,19.35022530247973,19.515955842026433,20.015139122323244,19.838282600685407,18.54745964732575,33.24510507607283,Khujand
1924313,2024-10-10,37.016666666666666,19.73152493604861,20.005168749931453,19.89887026516227,19.44611226224924,19.712399528690444,19.595073874209668,27.1812099122958,Khujand
1924313,2024-10-11,45.42916666666667,23.849954644383203,22.88024521177557,22.962448094424964,27.3244111585329,22.674819224165212,23.407849533017373,28.372709255929294,Khujand
1924313,2024-10-12,17.152083333333334,23.475870870787183,21.824856139299445,21.633557731594127,26.895346346199943,23.003266075328177,24.022328061514223,31.947837893507767,Khujand
1924313,2024-10-13,25.099999999999998,28.157606851281503,25.84429073932643,30.099349890368607,30.084118274591592,27.553428027093066,27.20684732502782,39.61681978747902,Khujand
1924313,2024-10-14,23.382608695652173,24.877255665748855,24.19174714583427,26.303890067673397,24.153979469749387,24.203410175643615,25.533251469843616,24.64812639157867,Khujand
1924313,2024-10-15,20.93,21.395122991310377,21.15352038814262,21.286871981040935,22.962161271207375,21.161782456708494,20.411278859452448,24.33749398289433,Khujand
1924313,2024-10-16,12.35608695652174,16.888038194634444,18.53752621158421,16.589318585650357,16.931322420623008,17.114180001283795,15.26784375403085,24.62952882364857,Khujand
1924313,2024-10-17,22.80416666666667,22.460129054781827,20.338704604295252,22.476702680278446,23.456157244922313,22.814727401590034,23.214353342823102,29.68155295601673,Khujand
1924313,2024-10-18,25.325000000000003,17.6281261339126,17.492220084009436,17.398025013344768,17.639799823991943,18.80409141323657,16.80649433498027,30.482125009111314,Khujand
1924313,2024-10-19,36.54545454545455,22.58963818534855,20.727215322286927,22.368474941628474,23.003463298827036,23.62537768714952,23.223659676850797,29.15881998799432,Khujand
1924313,2024-10-20,52.45652173913044,19.446884950147584,19.356346241940788,19.25040681703966,20.88907931578232,19.658682868954806,18.079909507020353,32.91231616853065,Khujand
1924313,2024-10-21,48.665217391304346,27.05511360030105,26.80135593557764,28.84597854453025,27.087613730906988,27.41943657719896,25.121183213291395,28.97885727659468,Khujand
1924313,2024-10-23,17.247619047619047,26.215566303260346,24.183385485574636,26.18098590575605,28.563225269415238,25.525413787079497,26.624821068476315,38.63715188512242,Khujand
1924313,2024-10-24,37.24782608695652,18.944628266013922,17.583076669334275,20.188231041037326,18.773950406368943,20.34343620155958,17.834447011769477,30.36870284855877,Khujand
1924313,2024-10-25,30.495652173913044,25.52684906503654,24.706698213990496,24.4739987733511,28.098908362559072,25.67956757830172,24.675072396980326,30.47541926204258,Khujand
1924313,2024-10-26,21.72869565217391,18.032707074729878,19.030634241929967,19.03953998631498,17.483078234589744,18.095371775437073,16.514911135377627,25.062033522370484,Khujand
1924313,2024-10-27,46.229166666666664,29.902882979432842,29.20984409195577,29.619099802424493,30.251051872956037,30.0244045995622,30.410014530265723,30.73865669389488,Khujand
1924313,2024-10-28,19.726666666666667,19.064709337869136,20.814753798880155,18.046591043043797,19.86303072122336,17.89052161402812,18.708649512170236,24.25471486599986,Khujand
1924313,2024-10-29,26.504347826086956,30.629905444442876,29.977355276476793,30.492250670341,31.369705455240215,30.5502514026731,30.759964417483268,30.64310823586038,Khujand
1924313,2024-10-30,43.608695652173914,37.111143145091916,32.63335037468856,39.75667117372936,38.15275767795483,38.931093853751946,36.081842645334895,54.30511481219082,Khujand
1924313,2024-10-31,74.45,27.497736768849876,26.22670229672452,27.654618791476597,31.378714612193008,28.49621280008104,23.732435343774224,53.89031062119511,Khujand
1924313,2024-11-01,80.6875,41.44180492326679,40.512096523071634,41.06342314272691,43.45919558011062,42.060122400769664,40.1141869696551,35.3999280627836,Khujand
1924313,2024-11-02,97.21249999999999,35.06424469509798,32.232990726374496,38.690584302701076,37.598873518569704,35.027636296943854,31.771138630900765,35.01200015076802,Khujand
1924313,2024-11-03,76.02083333333333,17.8938265008687,16.87461798388548,18.683271275823806,19.43431384086692,18.646972981507236,15.829956422260054,37.836022055980266,Khujand
1924313,2024-11-04,131.95454545454547,31.025846755825814,30.80687888593191,33.0065050451938,31.526033409434326,29.392614799440313,30.397201639128724,35.64461588834047,Khujand
1924313,2024-11-05,142.04347826086956,21.413322891672856,20.562187626728793,21.715240185879633,22.347448056869922,20.951492273246025,21.490246315639922,31.148387609757265,Khujand
1924313,2024-11-06,83.5759090909091,17.33285945646013,16.99261659837029,15.908876975913433,18.83717900466222,16.262875479291072,18.66274922406365,23.02575570933709,Khujand
1924313,2024-11-07,11.462916666666667,21.39264399821548,20.849774499956027,19.72468703534415,21.456438678328745,23.062098164334937,21.870221613113547,26.1817631647109,Khujand
1924313,2024-11-08,24.15714285714286,19.907562374893125,17.793683114095863,19.982648811667637,21.357669348178824,19.846657403110886,20.55715319741242,27.765584239002237,Khujand
1924313,2024-11-09,55.82916666666666,22.68178636340042,22.499390934309698,21.460724150369852,24.794506576549516,22.09158976119808,22.56272039457495,31.700049437087728,Khujand
1924313,2024-11-10,70.55416666666666,50.15754383458934,47.6076046902445,54.42133227517347,52.9217296157248,46.578554910519216,49.25849768128471,35.34235278490496,Khujand
1924313,2024-11-11,101.15,73.37792813616598,72.0143957481836,71.629589232499,74.55886625101041,72.63077645589166,76.05601299324516,54.81519923133828,Khujand
1924313,2024-11-12,140.27272727272728,56.51814054722407,53.4975307433167,61.466198785055994,59.574806523206945,53.88509877909164,54.167067905449095,43.93758753107204,Khujand
1924313,2024-11-13,106.651,27.76157777308495,26.93018805973489,28.182489322746708,30.46013095210445,26.83182649519379,26.40325403564492,20.10502427485119,Khujand
1924313,2024-11-14,22.929565217391303,28.063337861157795,24.578211964508643,29.890597882161064,27.72835765240868,28.055014044952085,30.064507761758485,24.428907526295916,Khujand
1924313,2024-11-15,67.62916666666666,34.3852654975263,33.215412974583856,37.12061297310169,33.997664003908305,33.57387368448384,34.01876385155375,34.675220657586124,Khujand
1924313,2024-11-16,92.59473684210526,28.862081094308785,28.34800315071485,27.525691906509234,30.69997934098735,28.22211610234315,29.51461497098934,39.99974547863485,Khujand
1924313,2024-11-17,82.26363636363637,29.084646118747155,29.525194391496743,29.351710596881052,30.053944214649402,27.800161514123236,28.692219876585355,35.780580017185,Khujand
1924313,2024-11-18,107.32000000000001,25.323091687044673,25.408080395424285,24.98583888143361,26.431006163616086,26.197084582364074,23.59344841238531,36.90999657745988,Khujand
1924313,2024-11-19,124.7421052631579,34.048572388677954,30.875646495828974,33.799204234381456,33.32828910383494,34.49886575665484,37.740856352689576,28.607880249719074,Khujand
1924313,2024-11-20,82.755,51.86950509966076,48.43999924893345,48.3299574911707,57.54489981508131,51.325995976839074,53.70667296627928,62.686797715482044,Khujand
1924313,2024-11-21,76.0421052631579,47.05905783938239,43.94816449170383,46.34431086313086,49.36795275471218,47.20054089687887,48.43432019048622,47.50453160451298,Khujand
1924313,2024-11-22,113.87619047619049,26.914743193189263,25.02920888073284,24.451422185128433,26.20268257572299,29.10451320350043,29.785889120861622,33.24420268679842,Khujand
1924313,2024-11-23,88.27619047619048,30.162937676120414,27.689322638799513,29.81416546934726,31.15365542518142,30.580846061902996,31.576698785370866,29.98289146571733,Khujand
1924313,2024-11-24,91.83500000000001,16.008540764821362,13.233842767424578,15.048143731228443,17.381328171904155,16.341790713963167,18.03759843958647,31.0244778384249,Khujand
1924313,2024-11-25,84.66363636363636,27.315599254964724,24.452877434137104,26.66644032827401,29.613469241710145,27.799077357285494,28.046131913416847,32.77772693987981,Khujand
1924313,2024-11-26,109.43157894736841,29.410085485090782,28.994647380896488,27.91304221977434,30.69098609477251,28.909596587878223,30.54215514213234,38.90984219989559,Khujand
1924313,2024-11-27,142.1681818181818,30.072559648745845,29.151255301168586,29.81303227928783,30.53776511018625,30.272187179289304,30.58855837379726,31.700203091954336,Khujand
1924313,2024-11-28,94.18636363636364,36.31311490572332,34.807825120169355,35.19627239588915,39.27526899080751,35.364289014573835,36.921919007176726,30.59794258686179,Khujand
1924313,2024-11-29,124.53047619047618,34.92332301618403,33.68221523309212,35.79564058649638,35.80870803879372,31.616395750709806,37.713655471828105,20.306622013354,Khujand
1924313,2024-11-30,25.314285714285717,26.328260314925167,28.566974001407065,26.236811004149352,26.232596418523322,22.56956220512125,28.03535794542483,21.284043379420268,Khujand
1924313,2024-12-01,19.196666666666665,23.891513370924475,22.71870028890383,23.669363187303258,23.82149457234441,26.83698406400557,22.4110247420653,26.19642521406331,Khujand
1924313,2024-12-02,48.642857142857146,35.54216389568644,33.6725846147505,35.90049455668177,34.30496677368739,38.10914241041988,35.72363112289268,35.39799893925601,Khujand
1924313,2024-12-03,86.11111111111111,40.767631361948254,40.28888171209591,43.80713891360095,37.892826072705304,40.059853127983246,41.789456983355855,37.65772912000966,Khujand
1924313,2024-12-04,97.67,43.31665791995239,44.82364565335549,44.593695977625025,42.180350749058086,41.19783660030602,43.78776061941732,36.75905420774552,Khujand
1924313,2024-12-05,63.04761904761905,49.31103760197766,49.51199280629367,48.75201091135081,52.89981354664778,47.092151480423155,48.299219265172894,44.88815515568558,Khujand
1924313,2024-12-07,65.48947368421052,51.25911391840206,49.68934926932369,48.8188079519374,52.01959266104342,48.152950169981644,57.61486953972415,19.367636901467165,Khujand
1924313,2024-12-08,15.548095238095238,16.192432865782763,16.160535004608924,16.295353848621968,15.116618170254888,16.633436369086294,16.75622093634174,23.528758237855072,Khujand
1924313,2024-12-09,34.59047619047619,38.00221713137413,37.48896306226329,38.88879708163058,36.868544733799794,36.53530855794609,40.22947222123091,29.925624385750325,Khujand
1924313,2024-12-10,84.075,37.042670438092685,35.80311890944699,37.061195027366914,38.50160203946667,36.92736032237692,36.920075891805936,45.367192409994004,Khujand
1924313,2024-12-11,88.42727272727274,39.328195095302384,39.83344812213482,38.83499734412703,40.666035480931384,36.66031794659632,40.64617658272236,41.39030425786996,Khujand
1924313,2024-12-12,119.28421052631579,41.60660062555223,41.88900581972442,40.1140060680804,43.86602229659626,39.84303870371527,42.32093023964481,41.81670628267011,Khujand
1924313,2024-12-13,98.48095238095237,19.82678893536462,18.30803721779891,20.075171838533883,20.539391746602366,20.72953442167688,19.481809452211056,33.86712395691984,Khujand
1924313,2024-12-14,154.04545454545453,42.081977112722576,40.4902151283157,43.08986551889233,44.12363556872996,39.86843090678238,42.837738440892515,38.23935986357765,Khujand
1924313,2024-12-15,73.2995652173913,38.07025468873212,38.91280348503214,37.948848039847434,40.57760813618289,35.20032421445741,37.71168956814074,21.037571203418224,Khujand
1924313,2024-12-16,27.37222222222222,32.420958910651464,32.62412679365126,33.404948749580626,32.32175822060391,28.141039648828933,35.612921140592576,24.46713694592586,Khujand
1924313,2024-12-17,76.67272727272727,39.32367196588128,36.315768545533615,35.63634595931502,44.67510707259661,40.404726827928435,39.586411424032704,30.94246344314979,Khujand
1924313,2024-12-18,149.5608695652174,49.164519880020556,46.06719418523552,50.21461174170095,50.544115834544755,46.2892605442418,52.70741709437977,43.1483202129034,Khujand
1924313,2024-12-19,99.82631578947368,27.330598848576223,25.761074430599347,27.017342728929222,27.46169617605789,28.17094728144501,28.24193362584962,26.24138391749011,Khujand
1924313,2024-12-20,36.470454545454544,36.97871767043342,35.016609265999506,36.95431193236586,37.92969278044868,38.38646910674982,36.60650526660322,21.83835530911051,Khujand
1924313,2024-12-21,69.23913043478261,37.55063911194703,40.19168254149795,37.928678682731615,38.21556965341591,36.49277828296244,34.924486399127225,30.99601083189509,Khujand
1924313,2024-12-22,133.9142857142857,28.487209471220176,29.445849350095504,25.030604386031037,29.923814610811306,26.825084659630804,31.21069434953224,34.463828864626976,Khujand
1924313,2024-12-23,182.95238095238096,51.82739625167801,50.40765557488342,50.49158657407815,56.74948293302638,50.595635367871665,50.89262080853045,40.25663509932156,Khujand
1924313,2024-12-24,209.57142857142858,45.91922705033925,45.91217085982958,46.45748976930887,44.920488096978346,44.532422799702516,47.773563725876954,41.44333916766709,Khujand
1924313,2024-12-25,197.54166666666666,41.916945898058614,40.39574515640945,45.36503059698783,42.315650408081076,40.618119955237155,40.890183373577585,42.90288276476031,Khujand
1924313,2024-12-26,209.2173913043478,35.99169676799501,37.27476882972503,34.31786319575256,35.836214322823515,37.067796113050214,35.46184137862375,56.25643924755832,Khujand
1924313,2024-12-27,224.9,73.89652131769957,78.26665792523237,77.05776775853752,66.70081217026176,74.63785773941399,72.8195109950522,57.727713905218934,Khujand
1924313,2024-12-28,212.17391304347825,42.01931794677783,39.09789922379679,42.99093848367745,43.10780881599528,42.43550376398932,42.464439446430305,37.35838279450445,Khujand
1924313,2024-12-29,191.83913043478262,26.917975380549194,26.000694971014603,29.862200412353452,26.519362329244565,27.98598562499918,24.221633565134184,32.860146344514305,Khujand
1924313,2024-12-30,221.9,47.30224595358318,49.65567091154122,44.250250502526754,47.569926597617425,47.11820244944097,47.91717930678952,34.80883999540265,Khujand
1924313,2024-12-31,223.2684210526316,57.089842061154776,60.1017200411169,55.189625115057986,53.50056557591523,57.5806439966535,59.07665557703029,35.17940046659942,Khujand
8881,2024-01-01,63.0,32.00766414160355,26.41309385136217,37.19596789091893,34.80447079045307,34.37169750338775,27.253090671895844,30.66542646010894,Tashkent
8881,2024-01-02,129.08333333333334,44.09843425374592,38.952359574766874,47.082658784589555,48.17277823844719,42.14391131137504,44.14046335955095,37.24350853915403,Tashkent
8881,2024-01-03,193.95833333333334,42.361460697313056,33.635322781815276,46.70671113613823,43.899906741121605,47.45029371235065,40.11506911513952,30.27919852158866,Tashkent
8881,2024-01-04,88.83333333333333,36.603655221073936,31.48258596586134,30.43065178447847,46.6335794410528,39.90691835566127,34.56454055831581,34.947029088106866,Tashkent
8881,2024-01-05,76.77272727272727,34.468168438264186,29.497769301141325,34.3334228869597,36.702195324569146,34.64145651312001,37.16599816553077,28.34912730762617,Tashkent
8881,2024-01-06,95.375,37.13855292290317,34.82362364966904,34.985875734032376,38.99453659523117,42.850777170686264,34.03795146489703,27.978148504393722,Tashkent
8881,2024-01-07,58.25,35.67319125674673,29.35742660873523,35.90808104139539,41.17938772668637,41.42608501962456,30.494975887292128,29.126435303373547,Tashkent
8881,2024-01-08,76.20833333333333,42.922074962722874,42.80196862116431,43.844678123165984,45.126101009465046,41.89820901103561,40.939418048783445,27.113176410443522,Tashkent
8881,2024-01-09,58.22222222222222,48.51720555585378,47.05286072804686,45.441502891106516,53.6248701582372,53.081207138210495,43.38558686366785,27.846992085335025,Tashkent
8881,2024-01-10,22.714285714285715,53.79843636617668,55.53482016059832,53.61480769686242,54.37372332823015,56.2082124280354,49.2606182171571,30.629311349207093,Tashkent
8881,2024-01-11,90.82608695652173,31.607018052041884,25.85784024352646,28.724102346490568,35.360933799912765,36.46916499709463,31.623048873185,29.538201035995463,Tashkent
8881,2024-01-12,26.545454545454547,26.793321331805288,24.686150168433993,26.958024878028166,26.38760370155203,29.922818513036628,26.01200939797561,32.28983906453741,Tashkent
8881,2024-01-13,26.291666666666668,26.274946959121326,23.688833970578063,25.87993879884867,29.182275620309465,32.76753065261743,19.856155753252995,32.02053093318646,Tashkent
8881,2024-01-14,37.833333333333336,38.41680054734382,35.08123482156737,33.37956823785142,41.44568075550391,40.589177760486976,41.588341161309444,19.645240030042636,Tashkent
8881,2024-01-15,25.083333333333332,32.77331740261458,27.59411037164327,31.381914238346724,35.464990623970294,41.35617594066716,28.069395838445466,27.34734465079746,Tashkent
8881,2024-01-16,83.08333333333333,36.110564571979424,33.18495906073703,39.36816968091134,36.05691850696138,35.83651945467256,36.106256156614776,33.54471526748703,Tashkent
8881,2024-01-17,108.91666666666667,94.04530583851896,93.79850019708525,89.77099229249035,95.5208696633861,89.35703789686623,101.77912914276686,36.459904246589396,Tashkent
8881,2024-01-18,79.72727272727273,60.18486732390913,47.69466622850788,65.57221164255961,64.67390207312805,58.81389385530091,64.16966282004925,38.694847144006054,Tashkent
8881,2024-01-19,69.29166666666667,46.18382129154644,41.403679299614545,47.170678883502816,48.122742395344524,44.27587898899778,49.946126890272524,49.00647602810259,Tashkent
8881,2024-01-20,80.45833333333333,73.91062719187451,76.90042564721763,75.99219393702624,68.7816170968493,63.4534484053782,84.42545087290118,45.38215029967851,Tashkent
8881,2024-01-21,102.5,42.82103923413567,42.60991593576056,34.368165981442175,46.54948045901587,39.728113202667885,50.849520591791844,34.75722713617379,Tashkent
8881,2024-01-22,76.04166666666667,48.31848740786968,43.59531446945976,50.82335708553382,51.78150122118535,48.955889244031106,46.436375019138374,36.16495795697538,Tashkent
8881,2024-01-23,78.73913043478261,53.82701797802808,45.81659800108864,54.95960868395399,59.257955755559884,53.51539425296857,55.585533196569315,43.90702805310375,Tashkent
8881,2024-01-24,68.16666666666667,62.98673684284139,57.02269905406846,56.7264095465206,73.88364395479056,62.55313027561616,64.74780138321118,41.54251768782124,Tashkent
8881,2024-01-25,74.52173913043478,27.627784760785858,24.73594262953308,25.946136316976975,29.37342404964917,31.769971843488243,26.313448964281797,21.294433589536858,Tashkent
8881,2024-01-26,48.04545454545455,45.919528867622375,38.04195543710012,46.33264413848239,50.91089774070618,54.49349966900828,39.81864735281491,29.180830014331242,Tashkent
8881,2024-01-27,100.41666666666667,36.0284815927867,32.69458395658511,36.072675417386804,35.15015192799904,40.6483376196583,35.57665904230425,34.532404309151936,Tashkent
8881,2024-01-28,41.291666666666664,39.947354953339364,32.611590941836276,45.60439751418597,44.75731635531111,39.83993100830137,36.9235389470621,30.67395119658122,Tashkent
8881,2024-01-29,23.52173913043478,31.727862355606838,28.26167026664545,31.652347234590472,30.44169166008369,33.63657629025029,34.64702632646431,29.35644864508013,Tashkent
8881,2024-01-30,15.208333333333334,28.843069820256506,24.728381737841683,33.329107614958865,28.372280762575027,34.71069909801245,23.074879887894497,25.08053391168196,Tashkent
8881,2024-01-31,17.695652173913043,33.714314420294656,28.526349722591473,42.39200403064889,36.42357841763507,31.947562447709366,29.282077482888457,25.375725338539816,Tashkent
8881,2024-02-02,29.375,43.43457840344593,37.433285511643035,33.133529142371806,54.86333340447911,48.26782462142145,43.47491933731425,24.417288009038522,Tashkent
8881,2024-02-03,24.454545454545453,29.927021760290245,28.28962174059938,28.188111800023666,31.69617305274153,32.95048293243918,28.510719275647457,35.45665343083292,Tashkent
8881,2024-02-04,36.45454545454545,37.41919762207766,31.99101524584521,35.921041780622,43.71409456122581,39.05262647961635,36.41721004307893,29.29095969748196,Tashkent
8881,2024-02-05,41.142857142857146,50.247606190940004,38.14496081621468,52.33427055760013,56.50947991275157,53.83561002742197,50.41370964071165,27.5626719623343,Tashkent
8881,2024-02-06,17.541666666666668,47.55511686928643,41.407024736410314,50.51410117426586,44.01659797311931,50.63659956682638,51.20126089581025,26.53657675353393,Tashkent
8881,2024-02-07,22.0,27.535632461606905,25.75598195665176,24.693327524313432,29.21883022196765,29.752337063565843,28.25768554153584,25.224103068245178,Tashkent
8881,2024-02-08,26.17391304347826,46.09000678570354,42.21685787206933,51.6393306864502,52.206782079185,47.14772825382636,37.23933503698681,31.22230544747672,Tashkent
8881,2024-02-09,18.956521739130434,29.273044928051227,26.04711837653551,29.884347075569284,29.534513760802337,32.61750869594165,28.281736731407364,29.917717898376488,Tashkent
8881,2024-02-10,23.0,35.790858977357686,36.252410594384855,36.10558578846737,36.09541130752,34.67032771083403,35.83055948558218,31.076425694754654,Tashkent
8881,2024-02-11,47.56521739130435,43.186902657124776,41.93224662818875,45.662914706585035,41.266931188762555,45.70213424208917,41.370286519998395,38.58495282813656,Tashkent
8881,2024-02-12,56.208333333333336,22.83301196276053,19.972052140879963,24.08034105718689,24.010576401159113,21.609413705749763,24.49267650882694,32.77381192632411,Tashkent
8881,2024-02-13,71.125,49.35492443209687,54.519061564135136,35.552313086550235,46.88514108838153,49.81727087717656,60.000835544240914,26.94698934633343,Tashkent
8881,2024-02-14,15.25,26.105059328358756,24.328891722312814,26.125736226417292,25.287885051624983,26.875201369029718,27.90758227240898,25.729692860499746,Tashkent
8881,2024-02-15,32.791666666666664,45.7644516188376,41.45488280411896,52.80953827622904,48.691555392643295,46.73672905147557,39.12955256972111,41.19929534838284,Tashkent
8881,2024-02-16,27.26086956521739,30.145010611878252,27.704480810569176,38.2315410180735,27.671176176371667,29.356998865670114,27.760856188706825,29.84642292844874,Tashkent
8881,2024-02-17,46.291666666666664,20.424079262469583,16.417168380917786,22.914293846224947,19.681286340571226,24.868459078620024,18.239188666013927,35.26352969161017,Tashkent
8881,2024-02-18,77.16666666666667,25.68844896798607,25.306093542809,28.64884228937031,25.67234939688159,24.951005580680686,23.863954030188758,34.27139886966834,Tashkent
8881,2024-02-19,33.75,23.109070374133147,21.884330871198877,27.422393959787634,20.704709644385517,22.496152121428377,23.03776527386532,58.56839173177341,Tashkent
8881,2024-02-20,47.65217391304348,29.353085470221448,28.1885332565366,31.30705719060162,27.16640011951471,25.544694564621082,34.558742219833235,35.18840578451509,Tashkent
8881,2024-02-21,101.1304347826087,32.2339259854119,29.658657976732165,39.4234628166582,31.311302272195903,29.95785895823031,30.81834790324291,45.93387074678467,Tashkent
8881,2024-02-22,103.08695652173913,57.810277211308424,53.5375588255282,55.5503631783559,59.08524354668054,55.633822077884346,65.24439842809315,42.1981407991776,Tashkent
8881,2024-02-23,50.958333333333336,32.03432307050769,30.007053345528092,34.522978430491904,27.61514192171198,34.6394158923352,33.38702576247126,38.353431359473326,Tashkent
8881,2024-02-24,38.333333333333336,26.375558084263268,27.54786427751101,26.20012073324057,21.75017284593877,27.498494245937987,28.881138318688027,35.73234578866468,Tashkent
8881,2024-02-25,67.70833333333333,23.071862921792622,25.223782460947543,25.018859730674514,18.87260596287209,21.595956584622826,24.64810986984614,38.37775679003207,Tashkent
8881,2024-02-26,57.791666666666664,31.13024320447833,32.876018449457455,30.069468917873362,25.18524658071962,29.295871177267376,38.224610897073845,44.94906206773485,Tashkent
8881,2024-02-27,45.19047619047619,36.58184874231493,33.470668890798,37.04494235836021,27.255447027614416,35.381693471074605,49.7564919637274,60.75819562554407,Tashkent
8881,2024-02-28,59.666666666666664,23.016917059890794,23.320546956802147,25.70358889032625,19.88213391197818,22.640556232206965,23.53775930814044,52.3107271230625,Tashkent
8881,2024-02-29,87.45833333333333,42.63423103954233,38.196304578408586,39.61034339009172,40.82579597291357,44.856850283888605,49.68186097240916,44.24041115200871,Tashkent
8881,2024-03-01,42.78947368421053,26.66607222539998,29.45743933182818,24.77985547626348,22.731281249344836,26.406404401058918,29.955380668504485,22.431723407413166,Tashkent
8881,2024-03-02,23.26086956521739,19.896192993556074,18.473878897624402,21.370739413039324,18.336897923111987,21.20448874721654,20.094959986788115,20.192684897258665,Tashkent
8881,2024-03-03,20.608695652173914,22.00481321777624,21.896781971668307,24.58847011686636,22.754991391003454,20.69171380710249,20.092108802240574,31.025209774361066,Tashkent
8881,2024-03-04,48.45454545454545,37.06797958614989,38.684458260022254,33.37848105911609,32.6160149181253,41.40363452520279,39.25730916828303,29.504053240293253,Tashkent
8881,2024-03-05,76.22727272727273,40.16512861973817,43.89398831740814,36.263607141415974,39.71179450191809,40.814900916119626,40.14135222182901,36.519957542259,Tashkent
8881,2024-03-06,42.78260869565217,45.6535791294978,42.40239136450473,44.28197224486051,49.13099863142214,47.33539640061142,45.11713700609021,50.578981709326946,Tashkent
8881,2024-03-07,42.21739130434783,34.07609638653901,32.23918906635072,36.27233740163032,32.03225969268393,34.59639568551722,35.24030008651283,40.80896224920671,Tashkent
8881,2024-03-08,24.166666666666668,32.29993810210269,29.09925040369318,30.980116916721784,32.39742675624258,32.027372416461446,36.99552401739448,37.5279974160545,Tashkent
8881,2024-03-09,24.791666666666668,28.070585349497065,27.884262212222318,30.487439052427344,22.191241952436364,29.306372022031184,30.48361150836811,45.728840087667415,Tashkent
8881,2024-03-10,15.869565217391305,21.676051888508756,20.72956148083711,23.267445917791584,20.032048533562218,21.86300897914695,22.4881945312059,29.496560567144662,Tashkent
8881,2024-03-11,19.130434782608695,36.8259347941695,42.794651069316636,39.336086931963706,35.086619498312274,30.2501932633009,36.66212320795396,40.12682345930862,Tashkent
8881,2024-03-12,19.227272727272727,19.948891549477533,21.542406746729174,21.111873714990004,18.43167050251767,19.510061250885542,19.148445532265285,22.799901562043694,Tashkent
8881,2024-03-13,13.666666666666666,17.371390193539902,15.78894345252192,17.51940488942077,18.647875420803228,16.441524339317134,18.459202865636467,24.48775697303595,Tashkent
8881,2024-03-14,16.142857142857142,13.948780402535627,13.099894153176727,14.093631804529421,16.146425454950073,10.279498767871043,16.12445183215087,28.402758185142922,Tashkent
8881,2024-03-15,115.95652173913044,19.933826007745353,18.08651494293124,20.60137900923983,21.00066105589696,17.031650771012316,22.94892425964642,29.26386048571849,Tashkent
8881,2024-03-16,45.56521739130435,18.21565026332298,14.300965600430994,14.870676184151087,19.096936209304797,20.767807459607795,22.041865863120236,29.034794830385728,Tashkent
8881,2024-03-17,17.40909090909091,19.393052385571057,15.303511919936398,18.395418747502447,21.717684657003076,20.04293482573206,21.505711777681295,28.636977939845202,Tashkent
8881,2024-03-18,23.227272727272727,30.866980726481167,30.3961527167807,28.77550206829684,29.40027572100756,29.81873891303485,35.94423421328587,36.93392506918335,Tashkent
8881,2024-03-19,11.826086956521738,21.60176762724483,21.743376354689016,23.95775919131887,21.823611756443462,18.224320939186043,22.25976989458675,29.178748124115465,Tashkent
8881,2024-03-20,13.5,20.23389563813638,23.456765644653743,19.35719916833085,18.987002632725893,19.27217442838479,20.096336316586644,41.19056810723087,Tashkent
8881,2024-03-21,24.42105263157895,19.99747764580932,18.702621016293037,24.751243904888828,17.831533687384365,19.895704467946384,18.806285152533984,29.12812106601414,Tashkent
8881,2024-03-22,7.217391304347826,24.383170763166767,20.33967413917093,27.093432060436108,27.713030708871244,22.180843643835786,24.588873263519762,25.89275575701854,Tashkent
8881,2024-03-23,17.565217391304348,14.857632502251752,15.750219242057423,15.233147156485753,15.25415479572601,13.059409480032507,14.991231836957073,24.583579878202137,Tashkent
8881,2024-03-24,8.291666666666666,24.37242800670459,22.1093801887743,25.644566448231807,26.92866685240964,20.724120982563523,26.455405561543685,31.34051577788987,Tashkent
8881,2024-03-25,3.0,19.202014346591184,16.532319774072736,19.42680337301168,20.78706989847591,17.877970997136647,21.38590769025896,26.060660114103122,Tashkent
8881,2024-03-26,6.521739130434782,21.768140937975467,26.457830091932507,17.186138944982115,21.893191573790606,21.97611722431023,21.32742685486187,48.025143679387476,Tashkent
8881,2024-03-27,4.409090909090909,24.784213774301236,28.67210568263055,23.73752749253459,21.655472601994077,25.004317510618108,24.851645583728846,32.22876169914989,Tashkent
8881,2024-03-28,12.391304347826088,17.47607000708401,16.118346656928043,19.821763942733885,17.341336735042173,16.444714666830848,17.654188033885113,27.968922995148297,Tashkent
8881,2024-03-29,34.13636363636363,16.859511860939275,15.884350536026055,17.94840286343289,17.05323599941058,17.092736230797975,16.31883367502887,35.232171664324234,Tashkent
8881,2024-03-30,18.263157894736842,19.025559874498235,18.1014293847442,19.557994452923975,21.413432089066823,17.473229485083554,18.58171396067263,32.62583251981787,Tashkent
8881,2024-03-31,42.041666666666664,29.47741278189821,25.997135531627976,30.15262775610298,33.2383922560934,28.542614505264265,29.456293860402415,25.05868116984366,Tashkent
8881,2024-04-01,23.047619047619047,22.71578907369858,25.89297684942702,21.321272541652927,21.32465435136033,22.7971489615143,22.242892664538314,29.745177694030282,Tashkent
8881,2024-04-02,33.82608695652174,22.27908615813601,22.686415946075655,23.327042109176837,20.436562477520663,21.67648139290507,23.268928865001833,45.514014596937706,Tashkent
8881,2024-04-03,35.791666666666664,27.13894260428882,30.115689203208326,23.992858592508007,24.752068733439504,27.126624002389917,29.707472489898354,29.41704106505049,Tashkent
8881,2024-04-04,29.772727272727273,18.5724892976721,19.64148434962437,18.26211183180895,16.770612765488625,17.183024116735755,21.005213424702788,27.921962337563492,Tashkent
8881,2024-04-05,31.041666666666668,23.025325689287317,20.25984498562475,20.93041644274567,23.731534789707638,21.666452849699013,28.538379378659517,34.537978516913974,Tashkent
8881,2024-04-06,9.409090909090908,16.609860882311988,16.023636069307244,15.45501682089526,19.144328894624568,16.589506723420385,15.836815903312477,26.95309734932571,Tashkent
8881,2024-04-07,15.0,21.735663521027398,21.99243746695555,21.383909960842285,22.49229670821588,18.35928567473278,24.450387794390497,26.294779948733186,Tashkent
8881,2024-04-08,13.041666666666666,20.05840269078311,23.785120654781817,16.065518958583844,19.22811199284235,19.360313632714316,21.85294821499324,31.525705419289444,Tashkent
8881,2024-04-09,13.916666666666666,12.084357237149243,12.619974512428579,13.935820419402878,11.431511735565701,10.559811351168037,11.874668167181023,27.10131034675633,Tashkent
8881,2024-04-10,29.695652173913043,27.97247230573179,32.27394458830822,28.7436567875053,25.230640482922308,29.39340242696273,24.220717242960408,26.62708968401794,Tashkent
8881,2024-04-11,33.08695652173913,29.8352481151792,28.008999125755732,28.524169508996536,31.45992683072224,29.916060668741867,31.26708444167963,38.78969394108899,Tashkent
8881,2024-04-12,33.833333333333336,29.125167513206144,23.16462945940991,30.02944432237371,33.659801423569846,30.310095116920504,28.461867243756757,34.43675459877759,Tashkent
8881,2024-04-13,25.416666666666668,16.75371326936106,17.8073531379164,15.34506341532741,16.96311283487878,18.41307007262963,15.23996688605309,39.484825004910455,Tashkent
8881,2024-04-14,19.458333333333332,18.795109608709616,17.574231496358866,21.392131374835454,20.934352708349167,15.852297918719778,18.222534545284823,25.363018613978376,Tashkent
8881,2024-04-15,24.541666666666668,17.389643059490417,15.799180054915272,17.721803875509725,16.31180887967915,20.018412636925163,17.097009850422783,30.2036154262506,Tashkent
8881,2024-04-16,13.541666666666666,16.02142080823323,14.53141222962985,16.60812894360266,16.924987437466548,15.215186336994886,16.827389093472206,29.218177028701213,Tashkent
8881,2024-04-17,15.333333333333334,13.557518911633844,12.997986397052664,15.188163651495202,13.406652718895094,13.09657019443519,13.098221596291063,23.563153468165503,Tashkent
8881,2024-04-18,23.428571428571427,21.1823457930899,19.519586948681457,19.23086495811021,23.522985496945633,19.88717672116979,23.7511148405424,26.771260581460503,Tashkent
8881,2024-04-19,17.363636363636363,17.349041526817,16.042071778581903,18.473101385400767,17.938914557417487,16.218819251985156,18.072300660699696,30.987827232854308,Tashkent
8881,2024-04-20,19.47826086956522,15.966459784688231,16.14695283467499,16.53720726973601,15.346571589206832,16.44422290852458,15.357344321298736,30.394370393628016,Tashkent
8881,2024-04-21,21.25,14.73909286783801,17.361410270627996,14.808146309758575,15.79393124219768,14.138881290687722,11.59309522591809,31.95133739339972,Tashkent
8881,2024-04-22,24.681818181818183,15.53811812666803,15.367210932421518,14.422350047584352,17.927970811946274,16.91469418412373,13.05836465726427,30.924089773099787,Tashkent
8881,2024-04-23,17.125,20.065441440952053,18.69229986344165,20.070354694344957,20.941374715448834,21.774973126587113,18.84820480493772,29.108461236694076,Tashkent
8881,2024-04-24,13.833333333333334,18.911539754788755,19.173403913362574,19.30941613685567,20.810980333704215,17.486086993187584,17.777811396833744,29.072516656048812,Tashkent
8881,2024-04-25,11.869565217391305,16.30640500781099,13.398932524974,16.532486575525645,16.774887038543962,17.864253698661653,16.961465201349704,32.36524274783469,Tashkent
8881,2024-04-26,10.826086956521738,19.31403583814518,16.654927399219204,18.741419198601694,23.571707977249567,18.62899897061712,18.973125645038326,27.56646270782958,Tashkent
8881,2024-04-27,8.875,16.180756185079485,14.412658039085514,14.757419106989753,18.486044411486017,16.225935257806988,17.021724110029155,28.429197480340555,Tashkent
8881,2024-04-28,8.826086956521738,16.086461131267995,14.447457147887235,16.112804250462688,16.042183512012564,17.275418902254685,16.554441843722802,39.68878452085355,Tashkent
8881,2024-04-29,21.458333333333332,16.002745374975667,14.6439038048563,11.541317904836168,16.684555949989914,19.40970034173157,17.734248873464395,46.05296303836858,Tashkent
8881,2024-04-30,18.416666666666668,15.244271797479078,15.991965443180334,12.89005778462402,15.097818111153682,16.235551550519915,16.005966097917433,34.071279837212025,Tashkent
8881,2024-05-01,23.571428571428573,17.06796977265754,15.827766447353206,16.91455424515477,17.368764161732557,17.58472365043724,17.644040358609924,24.17545878572546,Tashkent
8881,2024-05-02,16.833333333333332,13.580946534852327,14.538362929205762,12.870908055731721,12.990531457724032,12.76966886476274,14.735261366837374,25.167150403438747,Tashkent
8881,2024-05-03,16.0,16.770836777879417,16.710075483429296,16.206434549801436,16.685724796973197,16.97151410015949,17.280434959033666,37.794420743898264,Tashkent
8881,2024-05-04,8.695652173913043,10.189350607444338,10.938293814412386,8.72263238401063,10.947554852108675,11.37260479978311,8.965667186906884,28.19908288629413,Tashkent
8881,2024-05-05,14.25,14.530825899930651,13.38009238603039,14.76246258921544,16.809682386894934,13.206644230047385,14.495247907465094,25.750553507043243,Tashkent
8881,2024-05-06,20.375,12.594040902216033,12.920248245463037,11.609729120262008,12.742557784006708,12.546911123278631,13.150758238069779,26.325903496916318,Tashkent
8881,2024-05-07,12.272727272727273,13.965597552504997,12.912972755788536,14.300246168517582,14.680516065943717,12.594404511295037,15.339848260980109,24.581830166715328,Tashkent
8881,2024-05-08,14.952380952380953,15.397050147353989,15.266800776770832,14.567675955040823,15.35382644377011,15.514195335406086,16.282752225782094,27.672680853219937,Tashkent
8881,2024-05-09,11.0,14.666011351565562,16.45804561147857,16.175864093245963,13.815329279323654,13.44933506467401,13.431482709105616,36.56305018282601,Tashkent
8881,2024-05-10,13.875,10.360462787793075,10.836201795516367,9.667813057930323,10.48100917757134,11.04000382738405,9.777286080563302,37.3805473638864,Tashkent
8881,2024-05-11,10.541666666666666,7.9231832200931125,7.93295968492475,7.515723246236336,7.695523301157573,8.435895147299725,8.035814720847176,31.107290783017653,Tashkent
8881,2024-05-12,15.304347826086957,15.068892570779287,15.612281306896094,14.598535181068485,16.29998895654073,14.38032748142479,14.453329927966335,25.788780262137927,Tashkent
8881,2024-05-13,23.833333333333332,18.161717611431794,17.70559659708848,15.880464026743251,18.37901459074205,17.833525258069475,21.00998758451573,24.282216943594996,Tashkent
8881,2024-05-14,11.625,15.192845176688298,15.662582787225109,13.776636864470142,18.409121388620843,14.476950857915096,13.638933985210297,25.435814161346208,Tashkent
8881,2024-05-15,17.083333333333332,9.555899406449134,8.893807125735997,8.347953900977272,10.061451804708891,9.808892334155695,10.667391866667812,46.281574834528875,Tashkent
8881,2024-05-16,8.26086956521739,21.229219003617256,19.85996211964903,21.29668610644033,21.679643784805325,19.430022149241488,23.87978085795011,34.05452168678912,Tashkent
8881,2024-05-17,28.17391304347826,19.210065828478776,18.398361683883547,16.64929820381668,19.599031975473295,19.352629578922567,22.051007700297784,31.60432430846604,Tashkent
8881,2024-05-18,16.375,11.955936666972958,11.273874850616503,12.48649505114413,13.01323212884842,10.86494744337637,12.141133860879371,28.0841330588597,Tashkent
8881,2024-05-19,7.333333333333333,11.03422620497806,10.795102546146872,11.408465958936361,11.01656932293265,11.115321134666967,10.835672062207454,30.51570355936483,Tashkent
8881,2024-05-20,14.375,10.66176754963966,10.871069428470193,10.93843326396563,12.591760960534367,8.849548025786586,10.058026069441516,28.19221016168249,Tashkent
8881,2024-05-21,12.708333333333334,11.503179322880856,9.787564994169799,13.046060409998619,11.016754185995557,12.230704648113813,11.434812376126485,27.475670445232574,Tashkent
8881,2024-05-22,8.166666666666666,20.050408330074966,18.5062265915866,19.18377151726848,22.88361817670973,19.378507582412087,20.29991778239792,34.405583088959794,Tashkent
8881,2024-05-23,27.347826086956523,18.565613889050162,19.07353540449738,18.74984644666749,17.735974333467304,19.28467667040083,17.98403659021781,30.650533484367408,Tashkent
8881,2024-05-24,23.52173913043478,20.777594141580472,19.24214204547989,18.47770135071567,19.460744042510928,22.64132614064999,24.066057128545875,34.08890662612939,Tashkent
8881,2024-05-25,8.26086956521739,20.176813028942867,17.950467119809627,21.23532245877042,22.606681661664176,19.669256907233958,19.422336997236172,22.08676712165491,Tashkent
8881,2024-05-26,3.0,13.805824646524622,13.386780965454475,14.529030214890403,16.803839279361846,12.368530999995919,11.940941772920457,25.44985226535878,Tashkent
8881,2024-05-27,12.347826086956522,13.321678061470559,13.144794533672162,13.183461750356711,15.971835612790603,11.7920127488625,12.516285661670812,26.648934432250464,Tashkent
8881,2024-05-28,5.0,15.993681359882865,15.346749390451517,15.758371763009919,18.16825970354176,14.251859848075002,16.443166094336124,25.729453496415637,Tashkent
8881,2024-05-29,10.4,13.053009317173803,12.417815152263703,12.184530077577307,15.326380602616197,12.830739742386472,12.505581011025347,27.177103940379858,Tashkent
8881,2024-05-30,7.7368421052631575,18.84159549372074,17.017459040787582,17.563750543414756,21.54592854457859,18.95731621041406,19.123523129408717,24.743931166005588,Tashkent
8881,2024-05-31,13.8,20.480237174616303,18.49930174519669,19.887616567104697,22.428182300269125,21.616621423142334,19.969463837368668,24.652560255168147,Tashkent
8881,2024-06-01,12.26086956521739,17.414440001804827,17.35892272492744,15.413853264026109,18.990684568808383,16.904501605217277,18.40423784604492,27.327772751140948,Tashkent
8881,2024-06-02,7.208333333333333,22.772117991370486,21.618718724918338,20.25713838136193,23.813118930270804,23.931575540101957,24.240038380199415,25.625580586142497,Tashkent
8881,2024-06-03,10.541666666666666,12.432663967103295,12.48766354751705,11.757141757879452,13.073238731854396,14.307956405935913,10.537319392329664,28.05264358116765,Tashkent
8881,2024-06-04,9.217391304347826,14.315417008584529,13.373898916708027,14.898523397388972,15.553118608155934,14.549252269615035,13.202291851054676,27.785976892436885,Tashkent
8881,2024-06-05,8.173913043478262,20.0416355372941,20.30168602256791,17.21029578115128,21.197853645730564,22.307749911635263,19.19059232538546,26.799278169709943,Tashkent
8881,2024-06-06,11.285714285714286,19.28995740489646,20.814527941803863,17.54553589280253,19.11637117888411,21.124443702152973,17.848908308838816,30.076889241149367,Tashkent
8881,2024-06-07,11.636363636363637,21.91881489170304,21.783565362796217,19.674226218965973,23.218522572478523,20.751289991149633,24.166470313124844,26.99640226453503,Tashkent
8881,2024-06-08,19.347826086956523,22.784401806021997,25.98059627398309,20.89971222020984,23.163056264123732,20.572116392938863,23.306527878854457,26.20772114412339,Tashkent
8881,2024-06-09,19.0,22.32276217627149,24.631209485515736,21.346320440804746,21.247478746734686,20.278700029049915,24.110102179252344,28.189874252438678,Tashkent
8881,2024-06-10,13.208333333333334,28.214277482988308,32.249392538132746,26.31660522002141,31.099567275777474,25.380459117912892,26.025363263097013,25.911945295865372,Tashkent
8881,2024-06-11,11.130434782608695,19.2248935368898,17.998404179545037,17.664651762385272,22.974768621871576,20.137161980821904,17.34948113982522,25.419771438640375,Tashkent
8881,2024-06-12,9.818181818181818,20.88043709868157,21.932804348925373,16.719393351693697,23.621656197255266,22.363175510165487,19.76515608536802,26.08551578717843,Tashkent
8881,2024-06-13,7.130434782608695,13.32445222628338,11.557654516710803,13.934058142000278,14.872910949502042,13.956896718292157,12.300740804911634,25.440554369572148,Tashkent
8881,2024-06-14,13.521739130434783,17.829850315507294,19.06360480092953,17.935709716515845,17.35019675206711,18.262495615415432,16.537244692608564,27.097792272035896,Tashkent
8881,2024-06-15,14.909090909090908,16.958452158318412,17.670037357898618,16.606543796325283,18.16883170854767,16.411620889251687,15.935227039568797,25.581895974658757,Tashkent
8881,2024-06-16,13.428571428571429,18.651638468439938,18.053476626536195,17.70912203490722,20.54406445907622,19.151132274031355,17.80039694764869,25.9115047593692,Tashkent
8881,2024-06-17,14.75,16.678323908725474,14.716858227761216,17.90089046734662,16.011956216429095,18.07747603935253,16.684438592737912,27.77280964736483,Tashkent
8881,2024-06-18,14.608695652173912,13.182195394755585,11.926370725412351,15.052964876655473,13.147864694489392,13.76988401548351,12.013892661737183,30.244318866868618,Tashkent
8881,2024-06-19,15.571428571428571,12.601250726291145,11.356484175612433,13.074301838116542,15.54294683202319,10.81881112267372,12.213709663029837,28.25022952877098,Tashkent
8881,2024-06-20,11.608695652173912,17.07514122328336,15.804109594935678,15.535363376583355,17.83800504169841,18.767360058376777,17.430868044822574,27.504787598365603,Tashkent
8881,2024-06-21,17.681818181818183,20.329426857902146,16.39683353928216,21.09200407097001,23.419270524953028,21.619992681092267,19.11903347321326,27.847072909571217,Tashkent
8881,2024-06-22,14.478260869565217,13.666322445447955,13.639711169396021,13.31517005685051,13.821964493011372,13.912612978196423,13.64215352978544,28.880491593531225,Tashkent
8881,2024-06-23,14.125,19.46397884918614,18.449861930615747,21.67065951793276,19.59599176354122,16.699227256915172,20.90415377692579,27.748339443723673,Tashkent
8881,2024-06-24,8.833333333333334,17.05869353730759,15.681856959810645,18.68012618504373,17.153362074058105,16.566814297487795,17.21130817013767,27.980386714011367,Tashkent
8881,2024-06-25,10.043478260869565,14.690538545237123,14.597930076666914,14.178731636634623,15.986378640586679,15.5721608279143,13.117491544383103,27.11777539830073,Tashkent
8881,2024-06-26,15.041666666666666,29.448075189993336,29.07107385935836,26.480195311431224,31.13477800482039,29.67826516689703,30.876063607459685,26.822520022596656,Tashkent
8881,2024-06-27,24.125,19.37679691403016,22.15926384932955,17.97139146659096,18.014184350582312,19.71178631356135,19.027358590086642,31.64096788552761,Tashkent
8881,2024-06-28,27.217391304347824,22.577742827349375,19.448991113112125,24.77222666788467,21.46574575077725,21.274601857689458,25.92714874728337,29.725526746494417,Tashkent
8881,2024-06-29,27.47826086956522,20.132881811749307,16.989975475501186,20.140709602654177,24.073265030118332,17.973657252020956,21.486801698451885,29.88483220420867,Tashkent
8881,2024-06-30,7.75,13.93143016328751,14.968126985947075,13.607497569737756,15.45021745843993,13.756003539670532,11.875305262642259,31.741096679672502,Tashkent
8881,2024-07-01,10.833333333333334,20.460571105713075,19.180987429913895,20.96058217840743,23.14997507077395,18.761273300087108,20.250037549382977,26.993836317080515,Tashkent
8881,2024-07-02,8.38888888888889,16.494254277837474,16.945345429254065,16.494033939006155,17.2179939106951,16.734810390753267,15.079087719478782,26.873287412888295,Tashkent
8881,2024-07-03,6.190476190476191,13.799214968747416,13.352889387248908,12.85105621093478,16.24015563668744,14.146017068259054,12.405956540606896,25.031541990051302,Tashkent
8881,2024-07-04,7.285714285714286,11.62612777897882,10.54209205744857,11.544963358855824,13.82974934424814,11.509402577634315,10.70443155670724,25.37225167274037,Tashkent
8881,2024-07-05,11.869565217391305,11.31605692501223,9.952079087899941,12.19209479274832,13.144063132104357,12.167105277921236,9.124942334387299,27.33200669766766,Tashkent
8881,2024-07-06,11.291666666666666,16.690113187841863,16.544861503437374,17.22049539823849,18.16257012267622,16.935854316226646,14.586784598630581,27.111838813743454,Tashkent
8881,2024-07-07,9.772727272727273,12.66732841335642,13.328258048227825,13.080045900016241,13.451556234484872,11.343514497429892,12.13326738662327,31.887616809035173,Tashkent
8881,2024-07-08,14.217391304347826,15.132454355355403,15.79650145973665,14.455019022392099,16.300027111358652,14.356865204934104,14.753858978355511,28.516547163382803,Tashkent
8881,2024-07-10,8.578947368421053,14.260193260749585,14.457390901023443,12.992909764503578,14.846346134775178,15.780037255539277,13.22428224790645,29.065372148840744,Tashkent
8881,2024-07-11,18.26086956521739,19.09935885804863,17.83433957051206,16.585851294011178,23.950940432913185,17.645602250032297,19.480060742774437,30.377610466848274,Tashkent
8881,2024-07-12,12.375,15.179769593724831,15.459234395665643,14.256754629064476,15.373924405497139,15.110572800580925,15.69836173781598,30.364345522150053,Tashkent
8881,2024-07-13,14.608695652173912,12.502683760700366,12.49497181300672,11.84234307923759,14.893858997123743,12.58154531428978,10.700699599843995,31.390754702021788,Tashkent
8881,2024-07-14,19.208333333333332,14.727914071921404,14.031245108620043,13.231318380905096,18.902997662412854,13.024946502886422,14.449062704782602,26.283294469498834,Tashkent
8881,2024-07-15,19.5,14.009545280084353,14.164892319182472,12.828121155504746,16.26070690781216,12.49699747303651,14.297008544885877,32.785574073136196,Tashkent
8881,2024-07-16,21.608695652173914,16.610643405267716,15.352636872622984,16.617755041145056,19.182163496667894,14.848126529327413,17.052535086575215,27.655716645403665,Tashkent
8881,2024-07-17,8.708333333333334,16.43640200630061,17.382012311724765,14.815818409937993,18.141394490870532,16.289387292433165,15.5533975265366,28.414919124065456,Tashkent
8881,2024-07-18,51.583333333333336,20.211087640445342,20.664465829974525,20.539819456259053,20.384339035455568,20.20504077514114,19.26177310539643,25.60848315156327,Tashkent
8881,2024-07-20,8.909090909090908,16.63366234641577,15.792508518755518,15.455115072282123,18.90631230995758,18.44418651229254,14.570189318791083,25.718773150918743,Tashkent
8881,2024-07-21,5.869565217391305,18.846057743642756,18.08337223622613,19.127030610100352,20.54636065333802,18.608551249841653,17.864973968707627,24.829745188560175,Tashkent
8881,2024-07-22,5.041666666666667,15.361395866797526,15.576179108466935,15.242615966546868,16.643186767579632,15.388274589241433,13.956722902152764,26.370254242214834,Tashkent
8881,2024-07-23,11.208333333333334,14.3897019553341,14.255547675526145,13.89751786652457,16.050396951007112,14.168577828290003,13.576469455322666,27.22306184452882,Tashkent
8881,2024-07-24,13.043478260869565,17.71030350062786,16.751209566290242,16.963098625066298,19.505629018219302,18.889181934326775,16.442398359236673,25.327808112796994,Tashkent
8881,2024-07-25,9.761904761904763,17.50782534813799,17.942714162231983,16.30765166545774,20.277149966336353,17.761452098375074,15.250158848288823,27.103288320097,Tashkent
8881,2024-07-26,9.545454545454545,15.395630952831576,15.489379490926623,14.848296268764384,15.961470767307755,15.300026813279263,15.378981423879853,25.90280416356982,Tashkent
8881,2024-07-27,5.75,14.19864486784193,13.735532197521062,12.927524941988084,16.03078653983227,14.923322701342725,13.376057958525509,24.740088906161965,Tashkent
8881,2024-07-28,10.857142857142858,15.23715035623394,13.91009784172785,15.14849260988585,17.67034198572245,14.808700814054433,14.648118529779108,26.321108665717567,Tashkent
8881,2024-07-29,9.636363636363637,13.939331515171915,13.22132990474543,14.184753700457435,15.145679435200751,13.853732540137775,13.291161995318177,25.285895861349765,Tashkent
8881,2024-07-30,13.26086956521739,20.50943035281257,20.75403554232166,20.407634675963983,19.040102058003846,17.329630319719715,25.015749168053652,26.36789257579685,Tashkent
8881,2024-07-31,18.666666666666668,14.66935174432624,13.663523440095174,14.66921989605936,14.51811524647094,14.229633269316482,16.266266869689243,28.9671076411988,Tashkent
8881,2024-08-01,26.608695652173914,25.580103578321552,27.6877573819203,22.29229130065779,27.035109278028848,22.11218138580794,28.773178545192895,33.579707720866374,Tashkent
8881,2024-08-02,19.782608695652176,19.773949995559235,20.17273550396265,20.85082421915439,19.67707230181219,18.75486683284542,19.41425112002154,26.244489954342136,Tashkent
8881,2024-08-03,10.727272727272727,12.001103654151757,11.72760275597003,11.493703567736057,13.703503642307943,11.034799569631877,12.045908735112876,27.662197683332217,Tashkent
8881,2024-08-04,10.083333333333334,13.692421574882122,12.165511970817779,14.373547497480532,17.748970106809374,12.261971708059015,11.91210659124391,25.43698922139547,Tashkent
8881,2024-08-05,12.869565217391305,14.12197916571694,15.19178216217512,13.78955538229308,14.703070128012214,13.661481067105077,13.264007088999197,27.64136101760605,Tashkent
8881,2024-08-06,13.521739130434783,12.311679167453063,11.674524857278112,12.541868989143524,13.515275456462446,11.981019048473232,11.845707485908001,26.487221122840403,Tashkent
8881,2024-08-07,18.375,18.01751946854167,16.493469275562912,16.16633717176774,19.45434509902012,18.899610361626127,19.073835434731446,28.04606573179135,Tashkent
8881,2024-08-08,18.636363636363637,16.34052114314584,15.934647188367098,16.1088619177602,17.175214252213273,16.162528826316738,16.321353531071875,31.951741514580682,Tashkent
8881,2024-08-09,26.272727272727273,20.273284981627853,19.54369607215952,20.687973827191247,20.29742614044521,18.236375560545778,22.600953307797514,31.644266580178375,Tashkent
8881,2024-08-10,4.3478260869565215,17.93344902840531,15.941645833143628,18.511833866196763,20.490279872787582,16.846908451836196,17.876577118062375,23.887756479302517,Tashkent
8881,2024-08-12,13.0,16.623501090030988,16.969043670981677,15.166971474476618,18.894314487486902,15.524875921164597,16.56229989604515,26.13616238520499,Tashkent
8881,2024-08-13,11.0,18.067210713466295,17.77656221408196,18.58984798470406,21.491983770537576,17.095141721537434,15.382517876470441,24.50390005990321,Tashkent
8881,2024-08-14,9.782608695652174,16.46481662067339,14.273369104146925,18.41360301870964,19.043893457603676,15.805293665454045,14.787923857452657,30.20702425502541,Tashkent
8881,2024-08-15,13.956521739130435,16.437092248617255,19.199190397005154,17.447290585192835,14.707132837678948,15.511198644577323,15.320648778632005,28.447657380615603,Tashkent
8881,2024-08-16,14.8,18.90275143035107,16.860381723669086,20.673219263239123,18.875029571972394,17.765541077507937,20.33958551536682,24.204766009040306,Tashkent
8881,2024-08-17,8.526315789473685,18.015897629445096,16.8096612052687,19.273156316051168,17.95526832373286,18.849475535919243,17.1919267662535,24.375491220785854,Tashkent
8881,2024-08-18,13.173913043478262,17.29423084741712,16.918042517113136,18.479605039738008,18.527474276598415,14.986958761756155,17.559073641879888,25.513599495075916,Tashkent
8881,2024-08-19,11.26086956521739,20.178724219630546,19.658977279767093,22.814484588034837,19.41411707376387,20.479243219822198,18.526798936764713,26.25099674944486,Tashkent
8881,2024-08-20,12.590909090909092,24.265156165432497,24.045104589716882,21.900901564310736,26.704668931555002,23.551009206641503,25.124096534938378,30.095965537247686,Tashkent
8881,2024-08-21,12.954545454545455,18.600370585860308,16.204058568521084,18.82768012204635,20.480920807690783,18.75215089399159,18.73704253705172,27.036064760045157,Tashkent
8881,2024-08-22,11.217391304347826,13.273791804484361,11.703919976209047,13.342214485645291,15.567681905101164,14.022792794387309,11.732349861078989,27.499692118771783,Tashkent
8881,2024-08-23,14.045454545454545,17.422592812960225,15.12265883236925,15.613265680259797,19.83168884038117,18.516722667816115,18.0286280439748,27.11031381139683,Tashkent
8881,2024-08-24,13.5,15.398518381722756,13.605056245582723,14.26601080755101,20.296996847591238,15.016132351555104,13.808395656333694,25.421431888196004,Tashkent
8881,2024-08-25,6.863636363636363,16.34857005959269,16.057466869558095,14.271156950885883,19.880558566328602,14.709141077756119,16.82452683343475,25.705861257142352,Tashkent
8881,2024-08-26,19.61904761904762,15.718111899886841,15.431023551393007,15.125627248566715,18.676161437678815,14.13549901488512,15.222248246910546,29.06307354309056,Tashkent
8881,2024-08-27,20.454545454545453,17.963174564504243,17.01413936087859,18.47129723806468,16.47852753154167,17.747832831230806,20.104075860805466,29.278864483762483,Tashkent
8881,2024-08-28,28.047619047619047,18.998437297544335,17.79321459215392,18.020716994532947,20.30691617479874,19.5567466110205,19.314592115215557,29.26385338029113,Tashkent
8881,2024-08-29,18.47826086956522,17.931192574018958,17.987969471082682,16.17669141833984,17.5683021592544,19.316460851638208,18.606538969779663,27.703674727353793,Tashkent
8881,2024-08-30,21.19047619047619,14.069833031577508,14.7363445932469,13.081232872154713,14.52695487198254,13.556589269157723,14.448043551345666,26.127864134229732,Tashkent
8881,2024-08-31,22.708333333333332,25.095475537841544,24.760273940272132,25.91343526108785,25.25728668621205,25.054998072364416,24.491383729271256,29.690234088809213,Tashkent
8881,2024-09-02,11.0,21.644263804915433,19.77083786896969,21.289574328250378,22.823163581414082,21.02605746716244,23.311685778780575,25.942557253278757,Tashkent
8881,2024-09-03,19.958333333333332,20.094862416471887,19.836751551824676,18.325575233629014,20.66551041856218,19.400224879137983,22.246249999205595,27.678281706334566,Tashkent
8881,2024-09-04,62.666666666666664,17.07199672030503,15.528575152219634,17.426189205996046,16.539296497096437,18.80671905067413,17.05920369553891,28.296893534763605,Tashkent
8881,2024-09-05,47.125,23.71082369229658,24.582618298048317,23.511075328916476,22.235708729560645,21.852043332824287,26.372672772133186,26.309184870433093,Tashkent
8881,2024-09-06,22.608695652173914,10.670327940662578,11.458818174383621,9.788540773245295,9.35310010880296,11.48642731775624,11.264753329124767,28.355825061089128,Tashkent
8881,2024-09-07,13.166666666666666,20.337613283940556,18.414932829056205,20.95986273313962,21.34887250639707,17.883547329929407,23.080851021180482,24.04839775736,Tashkent
8881,2024-09-08,17.333333333333332,18.347790690278593,17.118185448597146,17.97968106023138,18.618890372976878,18.129714229508124,19.892482340079447,24.73758690755367,Tashkent
8881,2024-09-09,15.75,22.315358541613726,22.124291931391713,19.860431719537928,23.57165081558202,21.518244858931787,24.502173382625184,27.94720081553769,Tashkent
8881,2024-09-10,17.041666666666668,30.92319769812143,31.804053539352857,29.34085683357213,26.53337839038898,33.52937283649212,33.40832689080107,25.600439807794466,Tashkent
8881,2024-09-11,21.041666666666668,16.69791933786308,14.948412863331775,17.870802269992463,17.643538020454073,14.902146108838362,18.124697426698727,26.26227306266137,Tashkent
8881,2024-09-26,59.041666666666664,23.66491126728447,20.619562925112316,22.94659319955385,20.986160422603326,24.155158665856355,29.617081123296483,36.48593497971397,Tashkent
8881,2024-09-27,75.88888888888889,19.985611360596206,18.457210720308506,18.180460160747494,21.573098342579517,21.575808175496984,20.14147940384854,31.477545720838044,Tashkent
8881,2024-09-28,115.70833333333333,15.042757197065848,15.687715563177175,15.642351300848357,17.058923243011662,12.794908262931408,14.029887615360634,25.729107995010374,Tashkent
8881,2024-09-29,116.45833333333333,17.61236690518703,19.098623385781757,16.87906717686012,16.72561173580188,19.339963415855028,16.018568811636364,29.126920248790704,Tashkent
8881,2024-09-30,170.57142857142858,18.52848502134852,19.41374701018853,18.46209152302525,17.520043222961743,18.817068615991097,18.429474734575965,35.20747497518605,Tashkent
8881,2024-10-03,21.625,24.83618486720648,24.54327605706886,22.55023908820213,25.816818188377393,25.292893424436457,25.97769757794757,47.15118144347307,Tashkent
8881,2024-10-04,33.08695652173913,32.44247131470282,30.20182046838476,31.492828664242488,33.95923522390415,33.23804287312486,33.32042934385784,34.26630427825294,Tashkent
8881,2024-10-05,33.375,22.96180769740645,22.420906533295767,25.52850337038028,20.237089611407985,21.60277286628137,25.019766105666836,47.56901254652312,Tashkent
8881,2024-10-06,30.217391304347824,20.26617137325955,18.920103116777884,20.31220340632085,23.434640237658503,18.94759689205548,19.71631321348503,34.1460431438687,Tashkent
8881,2024-10-07,27.666666666666668,25.53501516211478,22.37571377810115,28.097525523602446,28.35944856664759,22.259961547579117,26.58242639464361,25.603988080581168,Tashkent
8881,2024-10-08,37.208333333333336,19.339126326388595,19.443859200587195,17.33933422659146,19.265060030770087,19.883150106742864,20.764228067251366,33.90623319419283,Tashkent
8881,2024-10-09,40.375,26.64665300570515,25.661409901696622,26.918446404639884,24.241319012743084,29.954629094843103,26.457460614603043,31.994854583251346,Tashkent
8881,2024-10-10,37.25,20.591450962690786,23.065354223931386,19.369444274386723,20.105915577593684,19.732657624569026,20.683883112973103,30.809719926173422,Tashkent
8881,2024-10-11,26.25,18.80952448696151,18.624316628570664,19.469550245385154,17.829769582790284,17.795374725325445,20.32861125273601,35.864012910314706,Tashkent
8881,2024-10-12,20.583333333333332,15.097789385105523,14.921507521670874,15.600653155967045,17.778214585951055,13.232688981630853,13.95588268030778,26.27186938639702,Tashkent
8881,2024-10-13,22.916666666666668,24.601789313252294,28.321191114606176,19.320681296727173,22.068002723428652,24.631766799834132,28.667304631665328,56.840561408511896,Tashkent
8881,2024-10-14,19.130434782608695,18.432399553521332,19.300196910020677,14.86894612043788,19.69189255999547,19.580062414860002,18.72089976229265,29.989527123609243,Tashkent
8881,2024-10-16,19.25,16.198467819251373,16.338560187244045,14.5605556455713,16.142656551839327,17.569902484346464,16.380664227255725,27.13009443298197,Tashkent
8881,2024-10-17,64.79166666666667,24.17679197749356,21.414364909846537,22.800772919417458,26.515591098592015,21.395056619029422,28.758174340582382,25.237967533376697,Tashkent
8881,2024-10-18,31.166666666666668,16.159622910401687,12.954291940674164,19.848337489437977,15.125525372298679,16.1079063300284,16.762053419569213,25.42277925485869,Tashkent
8881,2024-10-19,28.583333333333332,29.739626952110807,32.595286956549465,27.484308098855074,30.496865069919707,28.844200262363056,29.27747437286673,25.1601511134023,Tashkent
8881,2024-10-20,31.041666666666668,23.439131088325027,24.83855527768168,21.757317937139007,26.58596973768728,23.83097291590045,20.182839573216725,26.01076091821674,Tashkent
8881,2024-10-21,34.333333333333336,34.87319674278616,34.151375608517796,29.892187532565462,36.54233102531597,36.05338004136916,37.72670950616246,31.571324927460502,Tashkent
8881,2024-10-22,43.0,34.3773057584886,33.55128168124341,31.374734196887367,36.09115402531616,33.06687934100184,37.802479547994245,31.913920212934592,Tashkent
8881,2024-10-23,15.416666666666666,18.680383460510253,16.48003494352947,19.20289440765771,17.45398477626419,21.432107810178938,18.832895364920955,35.90047085808656,Tashkent
8881,2024-10-24,59.333333333333336,28.46884011102759,28.598877776631515,26.427802557853568,28.467806607916042,29.185030535552205,29.664683077184613,26.185513575006418,Tashkent
8881,2024-10-25,37.083333333333336,28.736313784282572,31.528001731267672,24.010245949352473,29.64975085800363,29.211520050542294,29.2820503322468,29.714633238176795,Tashkent
8881,2024-10-26,21.25,17.478609556915732,18.976114411153226,14.88582998043691,17.399108786692125,18.845268637812808,17.286725968483598,26.472285958623935,Tashkent
8881,2024-10-27,45.47826086956522,19.535628375307176,21.684486400108653,17.50269045018631,21.001876344059458,19.243339848537786,18.245748833643688,23.139110001158862,Tashkent
8881,2024-10-28,17.91304347826087,23.70933286560694,26.830511924036777,20.790097504304153,21.998848574764796,24.942977650830123,23.98422867409886,28.724158868987708,Tashkent
8881,2024-10-29,37.958333333333336,19.94041722635371,20.934476740996075,18.303375655481524,19.440030289152197,19.82553737655634,21.198666069582405,29.616234615593477,Tashkent
8881,2024-10-30,39.916666666666664,30.07351158654015,29.256726849805645,26.32543650160931,30.180285346147265,32.07694581058952,32.52816342454901,29.153238751723258,Tashkent
8881,2024-10-31,57.47826086956522,35.698245612667634,29.437829071270276,38.56790932772155,35.91926650342422,36.939058837109954,37.627164323812174,27.892196814184082,Tashkent
8881,2024-11-01,77.3,33.431095180462435,33.463526065155115,36.366772957598236,33.83942783001117,31.597459678377547,31.88828937117013,36.826437716831244,Tashkent
8881,2024-11-02,90.875,51.636106799010214,50.19375231851789,44.049790876431494,52.46041218371821,50.506296898875455,60.97028171750802,28.631307808813837,Tashkent
8881,2024-11-03,50.86363636363637,47.14914983533837,46.44664923270447,42.088415784875934,43.677324019912206,43.674019264814646,59.859340874384614,27.071643411181505,Tashkent
8881,2024-11-04,37.30434782608695,36.234810450193876,31.52038708660274,33.448016676212404,36.32748269534926,39.196178491016816,40.68198730178817,30.883751373812267,Tashkent
8881,2024-11-05,29.52173913043478,30.16236306277265,23.56015747304004,29.306968803196774,31.741408315708895,32.46898985853558,33.73429086338193,30.275637814304083,Tashkent
8881,2024-11-06,17.833333333333332,24.951051510229092,25.83022210721708,25.310584501128112,24.182121581343623,27.539247796988676,21.89308156446798,24.52638207615187,Tashkent
8881,2024-11-07,20.5,25.16766261662962,28.84702170260662,21.95799855590129,21.268626477743528,22.5172441579185,31.247422188978177,31.714751531387357,Tashkent
8881,2024-11-08,38.78260869565217,10.854233208281196,9.688766624116877,14.092080801254149,9.53039423520536,9.814004734939534,11.14591964589006,29.178133504649033,Tashkent
8881,2024-11-09,54.083333333333336,25.11523042952865,23.352621954398174,27.381186147597216,23.54347860091016,25.413552045987867,25.885313398749826,32.180324000853126,Tashkent
8881,2024-11-10,85.83333333333333,49.51956773112664,47.95210303504192,46.39191909538228,53.5551869195037,46.518240187018414,53.180389418686886,33.56866855128792,Tashkent
8881,2024-11-11,109.45833333333333,52.07693780367655,45.430106459876974,44.878077789580246,59.95981773963081,53.332870124675104,56.783816904619634,29.87606321867097,Tashkent
8881,2024-11-12,86.04166666666667,35.567014516020514,31.543342388274276,38.162365353600805,38.33560940587762,34.00555675588243,35.788198676467466,47.347534599429856,Tashkent
8881,2024-11-13,39.25,26.23361027271354,27.363067366275047,24.10531441136756,30.35202321537666,24.857655343236523,24.48999102731192,24.536221760774517,Tashkent
8881,2024-11-14,41.0,77.78865100109438,82.98530384490303,56.194160730143935,67.19006870567229,94.35065113979681,88.22307058495588,41.637748177981486,Tashkent
8881,2024-11-15,90.66666666666667,48.568186272045025,50.284652427611476,38.13674792493318,50.582962958510336,45.621191245598034,58.21537680357212,44.641757663589125,Tashkent
8881,2024-11-16,52.375,54.06550409516478,40.67873022714494,55.41089188954756,64.89911590859232,59.06022933433627,50.27855311620281,36.6322730325006,Tashkent
8881,2024-11-17,21.208333333333332,50.056498473971764,42.588556373482966,43.435916515347465,48.86085893430033,53.5787318100191,61.818428736708974,31.738650636304648,Tashkent
8881,2024-11-18,35.541666666666664,41.58626718855843,34.847011822209694,41.92229045642684,45.93873913883656,48.83667002930046,36.38662449601863,37.90690498803961,Tashkent
8881,2024-11-19,23.166666666666668,36.92464151433681,31.449985995526,37.538694159788626,40.8503924789406,41.913974989515104,32.870159947913734,34.73885783009755,Tashkent
8881,2024-11-20,57.0,25.295597306743336,23.911862877947403,29.730360036835922,21.05481544164456,28.89257731119474,22.888370866094046,43.39119356686715,Tashkent
8881,2024-11-21,89.17391304347827,34.33079380011675,43.321008885960104,31.165970367376133,29.856055992053594,35.424777531405844,31.88615622378805,45.81619954067228,Tashkent
8881,2024-11-26,42.583333333333336,36.668725046969826,28.401435882145297,36.785864018770326,40.08698657888695,37.215517145112,40.85382160993455,31.33794006047274,Tashkent
8881,2024-11-27,27.541666666666668,31.343571499359115,25.286784034560693,29.605611974616764,33.55494071922175,36.460751279123734,31.809769489272632,28.80370324007763,Tashkent
8881,2024-11-28,37.916666666666664,52.29068997567472,48.05144345902546,54.17471176832137,54.30359354541041,56.10481004431803,48.81889106129835,38.870127378777035,Tashkent
8881,2024-11-29,53.91304347826087,31.935546401361968,26.106212146713123,36.073312049640776,35.22050146522759,30.57277241742852,31.704933927799843,20.340212109926973,Tashkent
8881,2024-11-30,20.25,42.543718969450595,48.004466710983,41.649815654489515,39.87478760746041,42.11504097922084,41.07448389509919,44.89607689592922,Tashkent
8881,2024-12-01,22.458333333333332,37.58899646041148,40.659964325195055,30.31817954327616,42.93714979810564,41.50338385666495,32.52630477881559,38.18796549624003,Tashkent
8881,2024-12-02,32.791666666666664,53.49991852391607,48.46609618791316,51.87904413210146,52.70463424685145,56.08487936954749,58.36493868316683,40.11093572373702,Tashkent
8881,2024-12-03,58.166666666666664,92.47929333765948,90.22872358454732,93.72408175755264,112.36155535146895,78.91375963388694,87.1683463608416,41.5697066056051,Tashkent
8881,2024-12-04,94.5,48.11435222291291,42.621239203510804,50.355661664465536,50.035805186155244,47.01720167882235,50.54185338161065,49.0074459189369,Tashkent
8881,2024-12-05,102.45833333333333,61.35433227194053,56.13090928482577,73.32439582801089,60.56709846118551,55.52972008509741,61.21953770058307,52.227273878747475,Tashkent
8881,2024-12-06,83.95,41.46224959648808,41.98817594479509,38.854116977668106,44.366876257808926,43.52672225560415,38.57535654656411,45.993741077699816,Tashkent
8881,2024-12-07,96.78260869565217,39.529150004667635,33.8617164602136,43.869471486720784,44.81947302696523,37.9241873544621,37.17090169497647,20.363991088713,Tashkent
8881,2024-12-08,21.208333333333332,41.73803789053156,40.85533264908852,38.58241154978453,44.57381321198409,44.72646138164737,39.95217066015328,40.20450709660927,Tashkent
8881,2024-12-09,74.83333333333333,42.73674598810335,40.11748259078789,40.04558020989661,48.14455950049172,35.36874471051567,50.007362928824854,44.176520925566,Tashkent
8881,2024-12-10,89.0,68.13279940958522,59.77062569732974,74.97402661733496,77.058853662089,53.7148485948352,75.14564247633717,50.022779513914976,Tashkent
8881,2024-12-11,99.52173913043478,55.62980092814805,43.40039854590558,56.3426316826561,62.16963234788345,54.87356858153733,61.36277348275782,46.521068592687335,Tashkent
8881,2024-12-12,81.52173913043478,35.965824338128314,30.08550834144996,39.47157954154338,37.810122181041294,35.18029481510853,37.28161681149843,29.348517211792206,Tashkent
8881,2024-12-13,37.5,62.9357155747456,66.38130157898699,58.65336523104355,70.44342797116255,61.442322533959775,57.758160558575106,28.04097558126805,Tashkent
8881,2024-12-17,105.20833333333333,54.86693727634431,57.089124918257305,57.46155584626745,61.801698206617914,50.10933210052459,47.87297531005428,36.13417191659173,Tashkent
8881,2024-12-18,51.75,45.05204768938892,35.51658366914139,52.23507244541553,51.4756375229838,44.23784789360753,41.795096915796364,35.67515065114967,Tashkent
8881,2024-12-19,27.869565217391305,22.315019257079523,19.253982652536642,20.216441008935682,27.31338797647321,22.761968079903532,22.029316567548566,22.63072844208657,Tashkent
8881,2024-12-20,17.26086956521739,38.25111004805645,37.618304203166616,33.21810872272947,44.33677885456473,37.62838517598561,38.45397328383584,32.850707749366485,Tashkent
8881,2024-12-21,44.041666666666664,46.67809263325357,43.651031486201894,49.61262015458195,50.55943521779028,45.01221730953003,44.55515899816372,39.16011408009545,Tashkent
8881,2024-12-22,71.79166666666667,53.22750722415562,47.02206347974648,54.856984512228735,65.88699206681059,42.41700024958721,55.954495812405135,41.449202110333864,Tashkent
8881,2024-12-23,116.83333333333333,83.23052711597006,77.88836371040148,84.01604624034677,90.71907014806078,73.83370001179604,89.69545546924525,49.96196416116127,Tashkent
8881,2024-12-24,99.43478260869566,57.40234127411952,51.121111582401745,54.99001370218634,65.98310391428382,52.24629816656899,62.671179005156695,44.13400027190128,Tashkent
8881,2024-12-25,66.75,61.72711920419922,62.59859950960182,51.760191320622326,68.76211275141961,56.95871527856916,68.55597716078321,46.41609300890614,Tashkent
8881,2024-12-26,95.6086956521739,40.438383259620934,42.06632549258447,43.74925588079536,39.630504425421826,38.52496554984939,38.22086494945365,54.26294684227705,Tashkent
8881,2024-12-27,172.95833333333334,90.54841006728103,74.93229895300702,90.26318648922764,103.71539525841226,90.27780296723577,93.55336666852253,58.55556998810662,Tashkent
8881,2024-12-28,111.45833333333333,54.00768764406824,44.95717113879544,56.53924536015911,54.38634271421232,61.66629562215206,52.4893833850223,34.95704951703792,Tashkent
8881,2024-12-29,33.21739130434783,41.475428447986445,38.43965228133655,45.944747495337374,42.7760735289153,42.41093012915852,37.8057388051845,38.380831663721075,Tashkent
8881,2024-12-30,58.208333333333336,61.684721399201536,58.541693288973555,68.60470945377645,54.99008820244395,63.96469700494494,62.32241904586873,46.404779392196,Tashkent
8881,2024-12-31,45.0,60.572425335301965,58.161442539101024,65.55882995624025,63.69496653499304,52.89917362650122,62.547714019674316,45.45862246161469,Tashkent
